zone_id,borough,pickup_date,pickup_hour,vehicle_type,trip_count,trip_price
1,EWR,2024-10-16,0,yellow,0,
1,EWR,2024-10-16,0,green,0,
1,EWR,2024-10-16,0,hvfhv,0,
1,EWR,2024-10-16,0,other_fhv,1,
1,EWR,2024-10-16,1,yellow,0,
1,EWR,2024-10-16,1,green,0,
1,EWR,2024-10-16,1,hvfhv,0,
1,EWR,2024-10-16,1,other_fhv,0,
1,EWR,2024-10-16,2,yellow,0,
1,EWR,2024-10-16,2,green,0,
1,EWR,2024-10-16,2,hvfhv,0,
1,EWR,2024-10-16,2,other_fhv,0,
1,EWR,2024-10-16,3,yellow,0,
1,EWR,2024-10-16,3,green,0,
1,EWR,2024-10-16,3,hvfhv,0,
1,EWR,2024-10-16,3,other_fhv,0,
1,EWR,2024-10-16,4,yellow,0,
1,EWR,2024-10-16,4,green,0,
1,EWR,2024-10-16,4,hvfhv,0,
1,EWR,2024-10-16,4,other_fhv,0,
1,EWR,2024-10-16,5,yellow,1,107.68
1,EWR,2024-10-16,5,green,0,
1,EWR,2024-10-16,5,hvfhv,0,
1,EWR,2024-10-16,5,other_fhv,1,
1,EWR,2024-10-16,6,yellow,0,
1,EWR,2024-10-16,6,green,0,
1,EWR,2024-10-16,6,hvfhv,0,
1,EWR,2024-10-16,6,other_fhv,1,
1,EWR,2024-10-16,7,yellow,1,120.0
1,EWR,2024-10-16,7,green,0,
1,EWR,2024-10-16,7,hvfhv,0,
1,EWR,2024-10-16,7,other_fhv,1,
1,EWR,2024-10-16,8,yellow,0,
1,EWR,2024-10-16,8,green,0,
1,EWR,2024-10-16,8,hvfhv,0,
1,EWR,2024-10-16,8,other_fhv,1,
1,EWR,2024-10-16,9,yellow,1,120.0
1,EWR,2024-10-16,9,green,0,
1,EWR,2024-10-16,9,hvfhv,0,
1,EWR,2024-10-16,9,other_fhv,2,
1,EWR,2024-10-16,10,yellow,0,
1,EWR,2024-10-16,10,green,0,
1,EWR,2024-10-16,10,hvfhv,0,
1,EWR,2024-10-16,10,other_fhv,1,
1,EWR,2024-10-16,11,yellow,0,
1,EWR,2024-10-16,11,green,0,
1,EWR,2024-10-16,11,hvfhv,0,
1,EWR,2024-10-16,11,other_fhv,1,
1,EWR,2024-10-16,12,yellow,1,90.0
1,EWR,2024-10-16,12,green,0,
1,EWR,2024-10-16,12,hvfhv,0,
1,EWR,2024-10-16,12,other_fhv,1,
1,EWR,2024-10-16,13,yellow,3,113.33
1,EWR,2024-10-16,13,green,0,
1,EWR,2024-10-16,13,hvfhv,0,
1,EWR,2024-10-16,13,other_fhv,0,
1,EWR,2024-10-16,14,yellow,0,
1,EWR,2024-10-16,14,green,0,
1,EWR,2024-10-16,14,hvfhv,0,
1,EWR,2024-10-16,14,other_fhv,1,
1,EWR,2024-10-16,15,yellow,4,75.47
1,EWR,2024-10-16,15,green,0,
1,EWR,2024-10-16,15,hvfhv,0,
1,EWR,2024-10-16,15,other_fhv,0,
1,EWR,2024-10-16,16,yellow,3,8.33
1,EWR,2024-10-16,16,green,0,
1,EWR,2024-10-16,16,hvfhv,0,
1,EWR,2024-10-16,16,other_fhv,2,
1,EWR,2024-10-16,17,yellow,0,
1,EWR,2024-10-16,17,green,0,
1,EWR,2024-10-16,17,hvfhv,0,
1,EWR,2024-10-16,17,other_fhv,0,
1,EWR,2024-10-16,18,yellow,0,
1,EWR,2024-10-16,18,green,0,
1,EWR,2024-10-16,18,hvfhv,0,
1,EWR,2024-10-16,18,other_fhv,2,
1,EWR,2024-10-16,19,yellow,0,
1,EWR,2024-10-16,19,green,0,
1,EWR,2024-10-16,19,hvfhv,0,
1,EWR,2024-10-16,19,other_fhv,1,
1,EWR,2024-10-16,20,yellow,0,
1,EWR,2024-10-16,20,green,0,
1,EWR,2024-10-16,20,hvfhv,0,
1,EWR,2024-10-16,20,other_fhv,1,
1,EWR,2024-10-16,21,yellow,2,24.0
1,EWR,2024-10-16,21,green,0,
1,EWR,2024-10-16,21,hvfhv,0,
1,EWR,2024-10-16,21,other_fhv,1,
1,EWR,2024-10-16,22,yellow,0,
1,EWR,2024-10-16,22,green,0,
1,EWR,2024-10-16,22,hvfhv,0,
1,EWR,2024-10-16,22,other_fhv,1,
1,EWR,2024-10-16,23,yellow,0,
1,EWR,2024-10-16,23,green,0,
1,EWR,2024-10-16,23,hvfhv,0,
1,EWR,2024-10-16,23,other_fhv,1,
2,Queens,2024-10-16,0,yellow,0,
2,Queens,2024-10-16,0,green,0,
2,Queens,2024-10-16,0,hvfhv,0,
2,Queens,2024-10-16,0,other_fhv,0,
2,Queens,2024-10-16,1,yellow,0,
2,Queens,2024-10-16,1,green,0,
2,Queens,2024-10-16,1,hvfhv,0,
2,Queens,2024-10-16,1,other_fhv,0,
2,Queens,2024-10-16,2,yellow,0,
2,Queens,2024-10-16,2,green,0,
2,Queens,2024-10-16,2,hvfhv,0,
2,Queens,2024-10-16,2,other_fhv,0,
2,Queens,2024-10-16,3,yellow,0,
2,Queens,2024-10-16,3,green,0,
2,Queens,2024-10-16,3,hvfhv,0,
2,Queens,2024-10-16,3,other_fhv,0,
2,Queens,2024-10-16,4,yellow,0,
2,Queens,2024-10-16,4,green,0,
2,Queens,2024-10-16,4,hvfhv,0,
2,Queens,2024-10-16,4,other_fhv,0,
2,Queens,2024-10-16,5,yellow,0,
2,Queens,2024-10-16,5,green,0,
2,Queens,2024-10-16,5,hvfhv,0,
2,Queens,2024-10-16,5,other_fhv,0,
2,Queens,2024-10-16,6,yellow,0,
2,Queens,2024-10-16,6,green,0,
2,Queens,2024-10-16,6,hvfhv,0,
2,Queens,2024-10-16,6,other_fhv,0,
2,Queens,2024-10-16,7,yellow,0,
2,Queens,2024-10-16,7,green,0,
2,Queens,2024-10-16,7,hvfhv,0,
2,Queens,2024-10-16,7,other_fhv,0,
2,Queens,2024-10-16,8,yellow,0,
2,Queens,2024-10-16,8,green,0,
2,Queens,2024-10-16,8,hvfhv,0,
2,Queens,2024-10-16,8,other_fhv,0,
2,Queens,2024-10-16,9,yellow,0,
2,Queens,2024-10-16,9,green,0,
2,Queens,2024-10-16,9,hvfhv,0,
2,Queens,2024-10-16,9,other_fhv,0,
2,Queens,2024-10-16,10,yellow,0,
2,Queens,2024-10-16,10,green,0,
2,Queens,2024-10-16,10,hvfhv,0,
2,Queens,2024-10-16,10,other_fhv,0,
2,Queens,2024-10-16,11,yellow,0,
2,Queens,2024-10-16,11,green,0,
2,Queens,2024-10-16,11,hvfhv,0,
2,Queens,2024-10-16,11,other_fhv,0,
2,Queens,2024-10-16,12,yellow,0,
2,Queens,2024-10-16,12,green,0,
2,Queens,2024-10-16,12,hvfhv,0,
2,Queens,2024-10-16,12,other_fhv,0,
2,Queens,2024-10-16,13,yellow,0,
2,Queens,2024-10-16,13,green,0,
2,Queens,2024-10-16,13,hvfhv,0,
2,Queens,2024-10-16,13,other_fhv,0,
2,Queens,2024-10-16,14,yellow,0,
2,Queens,2024-10-16,14,green,0,
2,Queens,2024-10-16,14,hvfhv,0,
2,Queens,2024-10-16,14,other_fhv,0,
2,Queens,2024-10-16,15,yellow,0,
2,Queens,2024-10-16,15,green,0,
2,Queens,2024-10-16,15,hvfhv,0,
2,Queens,2024-10-16,15,other_fhv,0,
2,Queens,2024-10-16,16,yellow,0,
2,Queens,2024-10-16,16,green,0,
2,Queens,2024-10-16,16,hvfhv,0,
2,Queens,2024-10-16,16,other_fhv,0,
2,Queens,2024-10-16,17,yellow,0,
2,Queens,2024-10-16,17,green,0,
2,Queens,2024-10-16,17,hvfhv,0,
2,Queens,2024-10-16,17,other_fhv,0,
2,Queens,2024-10-16,18,yellow,0,
2,Queens,2024-10-16,18,green,0,
2,Queens,2024-10-16,18,hvfhv,0,
2,Queens,2024-10-16,18,other_fhv,0,
2,Queens,2024-10-16,19,yellow,0,
2,Queens,2024-10-16,19,green,0,
2,Queens,2024-10-16,19,hvfhv,0,
2,Queens,2024-10-16,19,other_fhv,0,
2,Queens,2024-10-16,20,yellow,0,
2,Queens,2024-10-16,20,green,0,
2,Queens,2024-10-16,20,hvfhv,0,
2,Queens,2024-10-16,20,other_fhv,0,
2,Queens,2024-10-16,21,yellow,0,
2,Queens,2024-10-16,21,green,0,
2,Queens,2024-10-16,21,hvfhv,0,
2,Queens,2024-10-16,21,other_fhv,0,
2,Queens,2024-10-16,22,yellow,0,
2,Queens,2024-10-16,22,green,0,
2,Queens,2024-10-16,22,hvfhv,0,
2,Queens,2024-10-16,22,other_fhv,0,
2,Queens,2024-10-16,23,yellow,0,
2,Queens,2024-10-16,23,green,0,
2,Queens,2024-10-16,23,hvfhv,0,
2,Queens,2024-10-16,23,other_fhv,0,
3,Bronx,2024-10-16,0,yellow,0,
3,Bronx,2024-10-16,0,green,0,
3,Bronx,2024-10-16,0,hvfhv,27,17.07
3,Bronx,2024-10-16,0,other_fhv,0,
3,Bronx,2024-10-16,1,yellow,0,
3,Bronx,2024-10-16,1,green,0,
3,Bronx,2024-10-16,1,hvfhv,6,13.09
3,Bronx,2024-10-16,1,other_fhv,0,
3,Bronx,2024-10-16,2,yellow,0,
3,Bronx,2024-10-16,2,green,0,
3,Bronx,2024-10-16,2,hvfhv,9,22.31
3,Bronx,2024-10-16,2,other_fhv,0,
3,Bronx,2024-10-16,3,yellow,0,
3,Bronx,2024-10-16,3,green,0,
3,Bronx,2024-10-16,3,hvfhv,8,32.0
3,Bronx,2024-10-16,3,other_fhv,0,
3,Bronx,2024-10-16,4,yellow,1,48.67
3,Bronx,2024-10-16,4,green,0,
3,Bronx,2024-10-16,4,hvfhv,18,26.63
3,Bronx,2024-10-16,4,other_fhv,0,
3,Bronx,2024-10-16,5,yellow,0,
3,Bronx,2024-10-16,5,green,0,
3,Bronx,2024-10-16,5,hvfhv,31,22.43
3,Bronx,2024-10-16,5,other_fhv,0,
3,Bronx,2024-10-16,6,yellow,0,
3,Bronx,2024-10-16,6,green,0,
3,Bronx,2024-10-16,6,hvfhv,69,23.55
3,Bronx,2024-10-16,6,other_fhv,1,
3,Bronx,2024-10-16,7,yellow,0,
3,Bronx,2024-10-16,7,green,0,
3,Bronx,2024-10-16,7,hvfhv,127,17.81
3,Bronx,2024-10-16,7,other_fhv,0,
3,Bronx,2024-10-16,8,yellow,0,
3,Bronx,2024-10-16,8,green,0,
3,Bronx,2024-10-16,8,hvfhv,121,20.16
3,Bronx,2024-10-16,8,other_fhv,0,
3,Bronx,2024-10-16,9,yellow,0,
3,Bronx,2024-10-16,9,green,0,
3,Bronx,2024-10-16,9,hvfhv,90,17.96
3,Bronx,2024-10-16,9,other_fhv,1,
3,Bronx,2024-10-16,10,yellow,0,
3,Bronx,2024-10-16,10,green,0,
3,Bronx,2024-10-16,10,hvfhv,65,20.12
3,Bronx,2024-10-16,10,other_fhv,1,
3,Bronx,2024-10-16,11,yellow,0,
3,Bronx,2024-10-16,11,green,0,
3,Bronx,2024-10-16,11,hvfhv,60,17.33
3,Bronx,2024-10-16,11,other_fhv,0,
3,Bronx,2024-10-16,12,yellow,0,
3,Bronx,2024-10-16,12,green,0,
3,Bronx,2024-10-16,12,hvfhv,49,19.84
3,Bronx,2024-10-16,12,other_fhv,1,
3,Bronx,2024-10-16,13,yellow,1,33.5
3,Bronx,2024-10-16,13,green,0,
3,Bronx,2024-10-16,13,hvfhv,69,18.91
3,Bronx,2024-10-16,13,other_fhv,1,
3,Bronx,2024-10-16,14,yellow,0,
3,Bronx,2024-10-16,14,green,0,
3,Bronx,2024-10-16,14,hvfhv,88,15.11
3,Bronx,2024-10-16,14,other_fhv,0,
3,Bronx,2024-10-16,15,yellow,0,
3,Bronx,2024-10-16,15,green,0,
3,Bronx,2024-10-16,15,hvfhv,67,18.49
3,Bronx,2024-10-16,15,other_fhv,0,
3,Bronx,2024-10-16,16,yellow,1,47.5
3,Bronx,2024-10-16,16,green,0,
3,Bronx,2024-10-16,16,hvfhv,84,18.14
3,Bronx,2024-10-16,16,other_fhv,0,
3,Bronx,2024-10-16,17,yellow,0,
3,Bronx,2024-10-16,17,green,0,
3,Bronx,2024-10-16,17,hvfhv,78,15.44
3,Bronx,2024-10-16,17,other_fhv,0,
3,Bronx,2024-10-16,18,yellow,0,
3,Bronx,2024-10-16,18,green,0,
3,Bronx,2024-10-16,18,hvfhv,65,19.88
3,Bronx,2024-10-16,18,other_fhv,0,
3,Bronx,2024-10-16,19,yellow,0,
3,Bronx,2024-10-16,19,green,0,
3,Bronx,2024-10-16,19,hvfhv,70,16.2
3,Bronx,2024-10-16,19,other_fhv,0,
3,Bronx,2024-10-16,20,yellow,0,
3,Bronx,2024-10-16,20,green,0,
3,Bronx,2024-10-16,20,hvfhv,47,19.18
3,Bronx,2024-10-16,20,other_fhv,0,
3,Bronx,2024-10-16,21,yellow,0,
3,Bronx,2024-10-16,21,green,0,
3,Bronx,2024-10-16,21,hvfhv,40,15.89
3,Bronx,2024-10-16,21,other_fhv,0,
3,Bronx,2024-10-16,22,yellow,0,
3,Bronx,2024-10-16,22,green,0,
3,Bronx,2024-10-16,22,hvfhv,40,16.8
3,Bronx,2024-10-16,22,other_fhv,0,
3,Bronx,2024-10-16,23,yellow,1,80.0
3,Bronx,2024-10-16,23,green,0,
3,Bronx,2024-10-16,23,hvfhv,51,15.86
3,Bronx,2024-10-16,23,other_fhv,0,
4,Manhattan,2024-10-16,0,yellow,5,12.63
4,Manhattan,2024-10-16,0,green,0,
4,Manhattan,2024-10-16,0,hvfhv,40,24.2
4,Manhattan,2024-10-16,0,other_fhv,0,
4,Manhattan,2024-10-16,1,yellow,6,13.48
4,Manhattan,2024-10-16,1,green,0,
4,Manhattan,2024-10-16,1,hvfhv,32,20.73
4,Manhattan,2024-10-16,1,other_fhv,0,
4,Manhattan,2024-10-16,2,yellow,3,11.17
4,Manhattan,2024-10-16,2,green,0,
4,Manhattan,2024-10-16,2,hvfhv,22,19.64
4,Manhattan,2024-10-16,2,other_fhv,0,
4,Manhattan,2024-10-16,3,yellow,1,38.7
4,Manhattan,2024-10-16,3,green,0,
4,Manhattan,2024-10-16,3,hvfhv,12,28.21
4,Manhattan,2024-10-16,3,other_fhv,0,
4,Manhattan,2024-10-16,4,yellow,0,
4,Manhattan,2024-10-16,4,green,0,
4,Manhattan,2024-10-16,4,hvfhv,34,29.24
4,Manhattan,2024-10-16,4,other_fhv,0,
4,Manhattan,2024-10-16,5,yellow,1,39.84
4,Manhattan,2024-10-16,5,green,0,
4,Manhattan,2024-10-16,5,hvfhv,37,27.48
4,Manhattan,2024-10-16,5,other_fhv,0,
4,Manhattan,2024-10-16,6,yellow,5,13.66
4,Manhattan,2024-10-16,6,green,0,
4,Manhattan,2024-10-16,6,hvfhv,56,27.68
4,Manhattan,2024-10-16,6,other_fhv,1,
4,Manhattan,2024-10-16,7,yellow,15,23.18
4,Manhattan,2024-10-16,7,green,0,
4,Manhattan,2024-10-16,7,hvfhv,80,31.28
4,Manhattan,2024-10-16,7,other_fhv,0,
4,Manhattan,2024-10-16,8,yellow,18,21.15
4,Manhattan,2024-10-16,8,green,0,
4,Manhattan,2024-10-16,8,hvfhv,75,31.63
4,Manhattan,2024-10-16,8,other_fhv,3,
4,Manhattan,2024-10-16,9,yellow,19,15.84
4,Manhattan,2024-10-16,9,green,0,
4,Manhattan,2024-10-16,9,hvfhv,92,26.0
4,Manhattan,2024-10-16,9,other_fhv,8,
4,Manhattan,2024-10-16,10,yellow,4,25.57
4,Manhattan,2024-10-16,10,green,0,
4,Manhattan,2024-10-16,10,hvfhv,83,21.27
4,Manhattan,2024-10-16,10,other_fhv,3,
4,Manhattan,2024-10-16,11,yellow,3,13.32
4,Manhattan,2024-10-16,11,green,0,
4,Manhattan,2024-10-16,11,hvfhv,74,22.18
4,Manhattan,2024-10-16,11,other_fhv,0,
4,Manhattan,2024-10-16,12,yellow,4,18.95
4,Manhattan,2024-10-16,12,green,0,
4,Manhattan,2024-10-16,12,hvfhv,65,22.98
4,Manhattan,2024-10-16,12,other_fhv,4,
4,Manhattan,2024-10-16,13,yellow,1,44.3
4,Manhattan,2024-10-16,13,green,0,
4,Manhattan,2024-10-16,13,hvfhv,66,25.5
4,Manhattan,2024-10-16,13,other_fhv,0,
4,Manhattan,2024-10-16,14,yellow,6,18.32
4,Manhattan,2024-10-16,14,green,0,
4,Manhattan,2024-10-16,14,hvfhv,66,27.55
4,Manhattan,2024-10-16,14,other_fhv,1,
4,Manhattan,2024-10-16,15,yellow,6,18.08
4,Manhattan,2024-10-16,15,green,0,
4,Manhattan,2024-10-16,15,hvfhv,60,32.27
4,Manhattan,2024-10-16,15,other_fhv,0,
4,Manhattan,2024-10-16,16,yellow,2,22.68
4,Manhattan,2024-10-16,16,green,0,
4,Manhattan,2024-10-16,16,hvfhv,53,26.09
4,Manhattan,2024-10-16,16,other_fhv,1,
4,Manhattan,2024-10-16,17,yellow,3,31.47
4,Manhattan,2024-10-16,17,green,0,
4,Manhattan,2024-10-16,17,hvfhv,53,22.71
4,Manhattan,2024-10-16,17,other_fhv,0,
4,Manhattan,2024-10-16,18,yellow,6,22.52
4,Manhattan,2024-10-16,18,green,0,
4,Manhattan,2024-10-16,18,hvfhv,77,24.27
4,Manhattan,2024-10-16,18,other_fhv,0,
4,Manhattan,2024-10-16,19,yellow,2,9.23
4,Manhattan,2024-10-16,19,green,0,
4,Manhattan,2024-10-16,19,hvfhv,79,22.3
4,Manhattan,2024-10-16,19,other_fhv,1,
4,Manhattan,2024-10-16,20,yellow,2,9.66
4,Manhattan,2024-10-16,20,green,0,
4,Manhattan,2024-10-16,20,hvfhv,76,22.07
4,Manhattan,2024-10-16,20,other_fhv,1,
4,Manhattan,2024-10-16,21,yellow,8,17.73
4,Manhattan,2024-10-16,21,green,0,
4,Manhattan,2024-10-16,21,hvfhv,99,20.89
4,Manhattan,2024-10-16,21,other_fhv,4,
4,Manhattan,2024-10-16,22,yellow,11,17.24
4,Manhattan,2024-10-16,22,green,0,
4,Manhattan,2024-10-16,22,hvfhv,106,20.71
4,Manhattan,2024-10-16,22,other_fhv,2,
4,Manhattan,2024-10-16,23,yellow,14,11.9
4,Manhattan,2024-10-16,23,green,0,
4,Manhattan,2024-10-16,23,hvfhv,67,22.18
4,Manhattan,2024-10-16,23,other_fhv,0,
5,Staten Island,2024-10-16,0,yellow,0,
5,Staten Island,2024-10-16,0,green,0,
5,Staten Island,2024-10-16,0,hvfhv,2,25.17
5,Staten Island,2024-10-16,0,other_fhv,0,
5,Staten Island,2024-10-16,1,yellow,0,
5,Staten Island,2024-10-16,1,green,0,
5,Staten Island,2024-10-16,1,hvfhv,2,27.58
5,Staten Island,2024-10-16,1,other_fhv,0,
5,Staten Island,2024-10-16,2,yellow,0,
5,Staten Island,2024-10-16,2,green,0,
5,Staten Island,2024-10-16,2,hvfhv,1,15.52
5,Staten Island,2024-10-16,2,other_fhv,0,
5,Staten Island,2024-10-16,3,yellow,0,
5,Staten Island,2024-10-16,3,green,0,
5,Staten Island,2024-10-16,3,hvfhv,1,57.56
5,Staten Island,2024-10-16,3,other_fhv,0,
5,Staten Island,2024-10-16,4,yellow,0,
5,Staten Island,2024-10-16,4,green,0,
5,Staten Island,2024-10-16,4,hvfhv,3,39.26
5,Staten Island,2024-10-16,4,other_fhv,0,
5,Staten Island,2024-10-16,5,yellow,0,
5,Staten Island,2024-10-16,5,green,0,
5,Staten Island,2024-10-16,5,hvfhv,6,29.93
5,Staten Island,2024-10-16,5,other_fhv,1,
5,Staten Island,2024-10-16,6,yellow,0,
5,Staten Island,2024-10-16,6,green,0,
5,Staten Island,2024-10-16,6,hvfhv,15,32.8
5,Staten Island,2024-10-16,6,other_fhv,0,
5,Staten Island,2024-10-16,7,yellow,0,
5,Staten Island,2024-10-16,7,green,0,
5,Staten Island,2024-10-16,7,hvfhv,21,23.91
5,Staten Island,2024-10-16,7,other_fhv,1,
5,Staten Island,2024-10-16,8,yellow,0,
5,Staten Island,2024-10-16,8,green,0,
5,Staten Island,2024-10-16,8,hvfhv,17,21.35
5,Staten Island,2024-10-16,8,other_fhv,0,
5,Staten Island,2024-10-16,9,yellow,0,
5,Staten Island,2024-10-16,9,green,0,
5,Staten Island,2024-10-16,9,hvfhv,16,28.44
5,Staten Island,2024-10-16,9,other_fhv,4,
5,Staten Island,2024-10-16,10,yellow,0,
5,Staten Island,2024-10-16,10,green,0,
5,Staten Island,2024-10-16,10,hvfhv,7,18.17
5,Staten Island,2024-10-16,10,other_fhv,0,
5,Staten Island,2024-10-16,11,yellow,0,
5,Staten Island,2024-10-16,11,green,0,
5,Staten Island,2024-10-16,11,hvfhv,10,25.22
5,Staten Island,2024-10-16,11,other_fhv,2,
5,Staten Island,2024-10-16,12,yellow,0,
5,Staten Island,2024-10-16,12,green,0,
5,Staten Island,2024-10-16,12,hvfhv,10,18.5
5,Staten Island,2024-10-16,12,other_fhv,2,
5,Staten Island,2024-10-16,13,yellow,0,
5,Staten Island,2024-10-16,13,green,0,
5,Staten Island,2024-10-16,13,hvfhv,11,30.27
5,Staten Island,2024-10-16,13,other_fhv,0,
5,Staten Island,2024-10-16,14,yellow,0,
5,Staten Island,2024-10-16,14,green,0,
5,Staten Island,2024-10-16,14,hvfhv,19,22.76
5,Staten Island,2024-10-16,14,other_fhv,2,
5,Staten Island,2024-10-16,15,yellow,0,
5,Staten Island,2024-10-16,15,green,0,
5,Staten Island,2024-10-16,15,hvfhv,10,24.31
5,Staten Island,2024-10-16,15,other_fhv,0,
5,Staten Island,2024-10-16,16,yellow,0,
5,Staten Island,2024-10-16,16,green,0,
5,Staten Island,2024-10-16,16,hvfhv,12,29.94
5,Staten Island,2024-10-16,16,other_fhv,0,
5,Staten Island,2024-10-16,17,yellow,0,
5,Staten Island,2024-10-16,17,green,0,
5,Staten Island,2024-10-16,17,hvfhv,7,20.27
5,Staten Island,2024-10-16,17,other_fhv,1,
5,Staten Island,2024-10-16,18,yellow,0,
5,Staten Island,2024-10-16,18,green,0,
5,Staten Island,2024-10-16,18,hvfhv,8,21.19
5,Staten Island,2024-10-16,18,other_fhv,0,
5,Staten Island,2024-10-16,19,yellow,0,
5,Staten Island,2024-10-16,19,green,0,
5,Staten Island,2024-10-16,19,hvfhv,4,23.01
5,Staten Island,2024-10-16,19,other_fhv,0,
5,Staten Island,2024-10-16,20,yellow,0,
5,Staten Island,2024-10-16,20,green,0,
5,Staten Island,2024-10-16,20,hvfhv,5,21.66
5,Staten Island,2024-10-16,20,other_fhv,0,
5,Staten Island,2024-10-16,21,yellow,0,
5,Staten Island,2024-10-16,21,green,0,
5,Staten Island,2024-10-16,21,hvfhv,8,14.29
5,Staten Island,2024-10-16,21,other_fhv,1,
5,Staten Island,2024-10-16,22,yellow,0,
5,Staten Island,2024-10-16,22,green,0,
5,Staten Island,2024-10-16,22,hvfhv,1,16.11
5,Staten Island,2024-10-16,22,other_fhv,0,
5,Staten Island,2024-10-16,23,yellow,0,
5,Staten Island,2024-10-16,23,green,0,
5,Staten Island,2024-10-16,23,hvfhv,1,14.87
5,Staten Island,2024-10-16,23,other_fhv,0,
6,Staten Island,2024-10-16,0,yellow,0,
6,Staten Island,2024-10-16,0,green,0,
6,Staten Island,2024-10-16,0,hvfhv,3,19.12
6,Staten Island,2024-10-16,0,other_fhv,1,
6,Staten Island,2024-10-16,1,yellow,0,
6,Staten Island,2024-10-16,1,green,0,
6,Staten Island,2024-10-16,1,hvfhv,7,15.06
6,Staten Island,2024-10-16,1,other_fhv,0,
6,Staten Island,2024-10-16,2,yellow,0,
6,Staten Island,2024-10-16,2,green,0,
6,Staten Island,2024-10-16,2,hvfhv,2,16.51
6,Staten Island,2024-10-16,2,other_fhv,0,
6,Staten Island,2024-10-16,3,yellow,0,
6,Staten Island,2024-10-16,3,green,0,
6,Staten Island,2024-10-16,3,hvfhv,1,7.65
6,Staten Island,2024-10-16,3,other_fhv,1,
6,Staten Island,2024-10-16,4,yellow,0,
6,Staten Island,2024-10-16,4,green,0,
6,Staten Island,2024-10-16,4,hvfhv,2,32.58
6,Staten Island,2024-10-16,4,other_fhv,0,
6,Staten Island,2024-10-16,5,yellow,0,
6,Staten Island,2024-10-16,5,green,0,
6,Staten Island,2024-10-16,5,hvfhv,7,36.58
6,Staten Island,2024-10-16,5,other_fhv,0,
6,Staten Island,2024-10-16,6,yellow,0,
6,Staten Island,2024-10-16,6,green,0,
6,Staten Island,2024-10-16,6,hvfhv,19,34.64
6,Staten Island,2024-10-16,6,other_fhv,0,
6,Staten Island,2024-10-16,7,yellow,1,31.14
6,Staten Island,2024-10-16,7,green,0,
6,Staten Island,2024-10-16,7,hvfhv,16,25.32
6,Staten Island,2024-10-16,7,other_fhv,1,
6,Staten Island,2024-10-16,8,yellow,0,
6,Staten Island,2024-10-16,8,green,0,
6,Staten Island,2024-10-16,8,hvfhv,30,18.11
6,Staten Island,2024-10-16,8,other_fhv,0,
6,Staten Island,2024-10-16,9,yellow,0,
6,Staten Island,2024-10-16,9,green,0,
6,Staten Island,2024-10-16,9,hvfhv,24,18.83
6,Staten Island,2024-10-16,9,other_fhv,3,
6,Staten Island,2024-10-16,10,yellow,0,
6,Staten Island,2024-10-16,10,green,0,
6,Staten Island,2024-10-16,10,hvfhv,22,27.0
6,Staten Island,2024-10-16,10,other_fhv,6,
6,Staten Island,2024-10-16,11,yellow,0,
6,Staten Island,2024-10-16,11,green,0,
6,Staten Island,2024-10-16,11,hvfhv,22,20.74
6,Staten Island,2024-10-16,11,other_fhv,2,
6,Staten Island,2024-10-16,12,yellow,0,
6,Staten Island,2024-10-16,12,green,0,
6,Staten Island,2024-10-16,12,hvfhv,16,21.56
6,Staten Island,2024-10-16,12,other_fhv,1,
6,Staten Island,2024-10-16,13,yellow,0,
6,Staten Island,2024-10-16,13,green,0,
6,Staten Island,2024-10-16,13,hvfhv,19,15.72
6,Staten Island,2024-10-16,13,other_fhv,0,
6,Staten Island,2024-10-16,14,yellow,0,
6,Staten Island,2024-10-16,14,green,0,
6,Staten Island,2024-10-16,14,hvfhv,25,17.68
6,Staten Island,2024-10-16,14,other_fhv,1,
6,Staten Island,2024-10-16,15,yellow,0,
6,Staten Island,2024-10-16,15,green,0,
6,Staten Island,2024-10-16,15,hvfhv,26,18.83
6,Staten Island,2024-10-16,15,other_fhv,1,
6,Staten Island,2024-10-16,16,yellow,0,
6,Staten Island,2024-10-16,16,green,0,
6,Staten Island,2024-10-16,16,hvfhv,19,16.36
6,Staten Island,2024-10-16,16,other_fhv,2,
6,Staten Island,2024-10-16,17,yellow,0,
6,Staten Island,2024-10-16,17,green,0,
6,Staten Island,2024-10-16,17,hvfhv,15,26.0
6,Staten Island,2024-10-16,17,other_fhv,1,
6,Staten Island,2024-10-16,18,yellow,0,
6,Staten Island,2024-10-16,18,green,0,
6,Staten Island,2024-10-16,18,hvfhv,20,23.34
6,Staten Island,2024-10-16,18,other_fhv,0,
6,Staten Island,2024-10-16,19,yellow,0,
6,Staten Island,2024-10-16,19,green,0,
6,Staten Island,2024-10-16,19,hvfhv,9,16.85
6,Staten Island,2024-10-16,19,other_fhv,0,
6,Staten Island,2024-10-16,20,yellow,0,
6,Staten Island,2024-10-16,20,green,0,
6,Staten Island,2024-10-16,20,hvfhv,11,18.49
6,Staten Island,2024-10-16,20,other_fhv,0,
6,Staten Island,2024-10-16,21,yellow,0,
6,Staten Island,2024-10-16,21,green,0,
6,Staten Island,2024-10-16,21,hvfhv,9,27.06
6,Staten Island,2024-10-16,21,other_fhv,0,
6,Staten Island,2024-10-16,22,yellow,0,
6,Staten Island,2024-10-16,22,green,0,
6,Staten Island,2024-10-16,22,hvfhv,13,18.95
6,Staten Island,2024-10-16,22,other_fhv,0,
6,Staten Island,2024-10-16,23,yellow,0,
6,Staten Island,2024-10-16,23,green,0,
6,Staten Island,2024-10-16,23,hvfhv,6,19.41
6,Staten Island,2024-10-16,23,other_fhv,0,
7,Queens,2024-10-16,0,yellow,1,11.4
7,Queens,2024-10-16,0,green,0,
7,Queens,2024-10-16,0,hvfhv,144,19.5
7,Queens,2024-10-16,0,other_fhv,0,
7,Queens,2024-10-16,1,yellow,0,
7,Queens,2024-10-16,1,green,0,
7,Queens,2024-10-16,1,hvfhv,92,19.77
7,Queens,2024-10-16,1,other_fhv,3,
7,Queens,2024-10-16,2,yellow,0,
7,Queens,2024-10-16,2,green,0,
7,Queens,2024-10-16,2,hvfhv,55,16.13
7,Queens,2024-10-16,2,other_fhv,3,
7,Queens,2024-10-16,3,yellow,3,7.87
7,Queens,2024-10-16,3,green,0,
7,Queens,2024-10-16,3,hvfhv,70,22.23
7,Queens,2024-10-16,3,other_fhv,3,
7,Queens,2024-10-16,4,yellow,1,13.01
7,Queens,2024-10-16,4,green,0,
7,Queens,2024-10-16,4,hvfhv,100,20.86
7,Queens,2024-10-16,4,other_fhv,1,
7,Queens,2024-10-16,5,yellow,5,13.99
7,Queens,2024-10-16,5,green,0,
7,Queens,2024-10-16,5,hvfhv,169,22.77
7,Queens,2024-10-16,5,other_fhv,3,
7,Queens,2024-10-16,6,yellow,4,30.87
7,Queens,2024-10-16,6,green,0,
7,Queens,2024-10-16,6,hvfhv,236,24.25
7,Queens,2024-10-16,6,other_fhv,5,
7,Queens,2024-10-16,7,yellow,7,25.88
7,Queens,2024-10-16,7,green,1,3.0
7,Queens,2024-10-16,7,hvfhv,373,21.97
7,Queens,2024-10-16,7,other_fhv,11,
7,Queens,2024-10-16,8,yellow,6,20.85
7,Queens,2024-10-16,8,green,4,15.24
7,Queens,2024-10-16,8,hvfhv,381,22.79
7,Queens,2024-10-16,8,other_fhv,8,
7,Queens,2024-10-16,9,yellow,5,19.67
7,Queens,2024-10-16,9,green,1,61.1
7,Queens,2024-10-16,9,hvfhv,264,21.4
7,Queens,2024-10-16,9,other_fhv,9,
7,Queens,2024-10-16,10,yellow,2,20.95
7,Queens,2024-10-16,10,green,2,31.7
7,Queens,2024-10-16,10,hvfhv,205,21.48
7,Queens,2024-10-16,10,other_fhv,7,
7,Queens,2024-10-16,11,yellow,5,16.08
7,Queens,2024-10-16,11,green,1,19.8
7,Queens,2024-10-16,11,hvfhv,182,21.56
7,Queens,2024-10-16,11,other_fhv,7,
7,Queens,2024-10-16,12,yellow,6,18.44
7,Queens,2024-10-16,12,green,1,13.02
7,Queens,2024-10-16,12,hvfhv,164,21.84
7,Queens,2024-10-16,12,other_fhv,10,
7,Queens,2024-10-16,13,yellow,4,44.71
7,Queens,2024-10-16,13,green,1,7.9
7,Queens,2024-10-16,13,hvfhv,201,21.36
7,Queens,2024-10-16,13,other_fhv,8,
7,Queens,2024-10-16,14,yellow,0,
7,Queens,2024-10-16,14,green,1,17.0
7,Queens,2024-10-16,14,hvfhv,219,23.15
7,Queens,2024-10-16,14,other_fhv,6,
7,Queens,2024-10-16,15,yellow,1,33.5
7,Queens,2024-10-16,15,green,1,18.4
7,Queens,2024-10-16,15,hvfhv,186,22.91
7,Queens,2024-10-16,15,other_fhv,7,
7,Queens,2024-10-16,16,yellow,9,9.33
7,Queens,2024-10-16,16,green,4,15.28
7,Queens,2024-10-16,16,hvfhv,210,21.94
7,Queens,2024-10-16,16,other_fhv,2,
7,Queens,2024-10-16,17,yellow,6,11.32
7,Queens,2024-10-16,17,green,3,5.9
7,Queens,2024-10-16,17,hvfhv,286,20.26
7,Queens,2024-10-16,17,other_fhv,5,
7,Queens,2024-10-16,18,yellow,2,8.6
7,Queens,2024-10-16,18,green,1,14.93
7,Queens,2024-10-16,18,hvfhv,324,18.99
7,Queens,2024-10-16,18,other_fhv,6,
7,Queens,2024-10-16,19,yellow,0,
7,Queens,2024-10-16,19,green,1,9.3
7,Queens,2024-10-16,19,hvfhv,318,19.91
7,Queens,2024-10-16,19,other_fhv,2,
7,Queens,2024-10-16,20,yellow,0,
7,Queens,2024-10-16,20,green,4,23.39
7,Queens,2024-10-16,20,hvfhv,258,18.58
7,Queens,2024-10-16,20,other_fhv,4,
7,Queens,2024-10-16,21,yellow,0,
7,Queens,2024-10-16,21,green,0,
7,Queens,2024-10-16,21,hvfhv,286,19.26
7,Queens,2024-10-16,21,other_fhv,3,
7,Queens,2024-10-16,22,yellow,0,
7,Queens,2024-10-16,22,green,0,
7,Queens,2024-10-16,22,hvfhv,258,17.67
7,Queens,2024-10-16,22,other_fhv,3,
7,Queens,2024-10-16,23,yellow,4,18.09
7,Queens,2024-10-16,23,green,1,26.8
7,Queens,2024-10-16,23,hvfhv,242,18.17
7,Queens,2024-10-16,23,other_fhv,4,
8,Queens,2024-10-16,0,yellow,0,
8,Queens,2024-10-16,0,green,0,
8,Queens,2024-10-16,0,hvfhv,0,
8,Queens,2024-10-16,0,other_fhv,0,
8,Queens,2024-10-16,1,yellow,0,
8,Queens,2024-10-16,1,green,0,
8,Queens,2024-10-16,1,hvfhv,1,8.04
8,Queens,2024-10-16,1,other_fhv,0,
8,Queens,2024-10-16,2,yellow,0,
8,Queens,2024-10-16,2,green,0,
8,Queens,2024-10-16,2,hvfhv,0,
8,Queens,2024-10-16,2,other_fhv,0,
8,Queens,2024-10-16,3,yellow,0,
8,Queens,2024-10-16,3,green,0,
8,Queens,2024-10-16,3,hvfhv,0,
8,Queens,2024-10-16,3,other_fhv,0,
8,Queens,2024-10-16,4,yellow,0,
8,Queens,2024-10-16,4,green,0,
8,Queens,2024-10-16,4,hvfhv,0,
8,Queens,2024-10-16,4,other_fhv,0,
8,Queens,2024-10-16,5,yellow,0,
8,Queens,2024-10-16,5,green,0,
8,Queens,2024-10-16,5,hvfhv,0,
8,Queens,2024-10-16,5,other_fhv,0,
8,Queens,2024-10-16,6,yellow,0,
8,Queens,2024-10-16,6,green,0,
8,Queens,2024-10-16,6,hvfhv,0,
8,Queens,2024-10-16,6,other_fhv,0,
8,Queens,2024-10-16,7,yellow,0,
8,Queens,2024-10-16,7,green,0,
8,Queens,2024-10-16,7,hvfhv,1,8.1
8,Queens,2024-10-16,7,other_fhv,0,
8,Queens,2024-10-16,8,yellow,0,
8,Queens,2024-10-16,8,green,0,
8,Queens,2024-10-16,8,hvfhv,1,10.58
8,Queens,2024-10-16,8,other_fhv,0,
8,Queens,2024-10-16,9,yellow,0,
8,Queens,2024-10-16,9,green,0,
8,Queens,2024-10-16,9,hvfhv,0,
8,Queens,2024-10-16,9,other_fhv,0,
8,Queens,2024-10-16,10,yellow,0,
8,Queens,2024-10-16,10,green,0,
8,Queens,2024-10-16,10,hvfhv,1,28.34
8,Queens,2024-10-16,10,other_fhv,0,
8,Queens,2024-10-16,11,yellow,0,
8,Queens,2024-10-16,11,green,0,
8,Queens,2024-10-16,11,hvfhv,0,
8,Queens,2024-10-16,11,other_fhv,0,
8,Queens,2024-10-16,12,yellow,0,
8,Queens,2024-10-16,12,green,0,
8,Queens,2024-10-16,12,hvfhv,0,
8,Queens,2024-10-16,12,other_fhv,0,
8,Queens,2024-10-16,13,yellow,0,
8,Queens,2024-10-16,13,green,0,
8,Queens,2024-10-16,13,hvfhv,2,15.92
8,Queens,2024-10-16,13,other_fhv,0,
8,Queens,2024-10-16,14,yellow,0,
8,Queens,2024-10-16,14,green,0,
8,Queens,2024-10-16,14,hvfhv,0,
8,Queens,2024-10-16,14,other_fhv,0,
8,Queens,2024-10-16,15,yellow,0,
8,Queens,2024-10-16,15,green,0,
8,Queens,2024-10-16,15,hvfhv,0,
8,Queens,2024-10-16,15,other_fhv,0,
8,Queens,2024-10-16,16,yellow,0,
8,Queens,2024-10-16,16,green,0,
8,Queens,2024-10-16,16,hvfhv,0,
8,Queens,2024-10-16,16,other_fhv,0,
8,Queens,2024-10-16,17,yellow,0,
8,Queens,2024-10-16,17,green,0,
8,Queens,2024-10-16,17,hvfhv,2,13.98
8,Queens,2024-10-16,17,other_fhv,0,
8,Queens,2024-10-16,18,yellow,0,
8,Queens,2024-10-16,18,green,0,
8,Queens,2024-10-16,18,hvfhv,1,14.23
8,Queens,2024-10-16,18,other_fhv,0,
8,Queens,2024-10-16,19,yellow,0,
8,Queens,2024-10-16,19,green,0,
8,Queens,2024-10-16,19,hvfhv,1,40.48
8,Queens,2024-10-16,19,other_fhv,0,
8,Queens,2024-10-16,20,yellow,0,
8,Queens,2024-10-16,20,green,0,
8,Queens,2024-10-16,20,hvfhv,1,12.95
8,Queens,2024-10-16,20,other_fhv,0,
8,Queens,2024-10-16,21,yellow,0,
8,Queens,2024-10-16,21,green,0,
8,Queens,2024-10-16,21,hvfhv,1,15.11
8,Queens,2024-10-16,21,other_fhv,0,
8,Queens,2024-10-16,22,yellow,0,
8,Queens,2024-10-16,22,green,0,
8,Queens,2024-10-16,22,hvfhv,1,18.37
8,Queens,2024-10-16,22,other_fhv,0,
8,Queens,2024-10-16,23,yellow,0,
8,Queens,2024-10-16,23,green,0,
8,Queens,2024-10-16,23,hvfhv,0,
8,Queens,2024-10-16,23,other_fhv,0,
9,Queens,2024-10-16,0,yellow,0,
9,Queens,2024-10-16,0,green,0,
9,Queens,2024-10-16,0,hvfhv,10,17.72
9,Queens,2024-10-16,0,other_fhv,0,
9,Queens,2024-10-16,1,yellow,0,
9,Queens,2024-10-16,1,green,0,
9,Queens,2024-10-16,1,hvfhv,4,9.9
9,Queens,2024-10-16,1,other_fhv,0,
9,Queens,2024-10-16,2,yellow,0,
9,Queens,2024-10-16,2,green,0,
9,Queens,2024-10-16,2,hvfhv,3,25.08
9,Queens,2024-10-16,2,other_fhv,0,
9,Queens,2024-10-16,3,yellow,0,
9,Queens,2024-10-16,3,green,0,
9,Queens,2024-10-16,3,hvfhv,3,24.23
9,Queens,2024-10-16,3,other_fhv,0,
9,Queens,2024-10-16,4,yellow,0,
9,Queens,2024-10-16,4,green,0,
9,Queens,2024-10-16,4,hvfhv,5,38.67
9,Queens,2024-10-16,4,other_fhv,0,
9,Queens,2024-10-16,5,yellow,0,
9,Queens,2024-10-16,5,green,0,
9,Queens,2024-10-16,5,hvfhv,9,21.2
9,Queens,2024-10-16,5,other_fhv,0,
9,Queens,2024-10-16,6,yellow,0,
9,Queens,2024-10-16,6,green,0,
9,Queens,2024-10-16,6,hvfhv,19,28.55
9,Queens,2024-10-16,6,other_fhv,0,
9,Queens,2024-10-16,7,yellow,0,
9,Queens,2024-10-16,7,green,0,
9,Queens,2024-10-16,7,hvfhv,39,18.57
9,Queens,2024-10-16,7,other_fhv,0,
9,Queens,2024-10-16,8,yellow,0,
9,Queens,2024-10-16,8,green,0,
9,Queens,2024-10-16,8,hvfhv,56,22.43
9,Queens,2024-10-16,8,other_fhv,1,
9,Queens,2024-10-16,9,yellow,0,
9,Queens,2024-10-16,9,green,0,
9,Queens,2024-10-16,9,hvfhv,33,22.92
9,Queens,2024-10-16,9,other_fhv,3,
9,Queens,2024-10-16,10,yellow,0,
9,Queens,2024-10-16,10,green,0,
9,Queens,2024-10-16,10,hvfhv,32,21.63
9,Queens,2024-10-16,10,other_fhv,1,
9,Queens,2024-10-16,11,yellow,0,
9,Queens,2024-10-16,11,green,0,
9,Queens,2024-10-16,11,hvfhv,25,22.69
9,Queens,2024-10-16,11,other_fhv,0,
9,Queens,2024-10-16,12,yellow,1,41.5
9,Queens,2024-10-16,12,green,0,
9,Queens,2024-10-16,12,hvfhv,41,24.42
9,Queens,2024-10-16,12,other_fhv,1,
9,Queens,2024-10-16,13,yellow,0,
9,Queens,2024-10-16,13,green,0,
9,Queens,2024-10-16,13,hvfhv,33,19.22
9,Queens,2024-10-16,13,other_fhv,0,
9,Queens,2024-10-16,14,yellow,0,
9,Queens,2024-10-16,14,green,0,
9,Queens,2024-10-16,14,hvfhv,35,24.01
9,Queens,2024-10-16,14,other_fhv,1,
9,Queens,2024-10-16,15,yellow,0,
9,Queens,2024-10-16,15,green,0,
9,Queens,2024-10-16,15,hvfhv,39,19.29
9,Queens,2024-10-16,15,other_fhv,0,
9,Queens,2024-10-16,16,yellow,0,
9,Queens,2024-10-16,16,green,0,
9,Queens,2024-10-16,16,hvfhv,33,23.57
9,Queens,2024-10-16,16,other_fhv,0,
9,Queens,2024-10-16,17,yellow,0,
9,Queens,2024-10-16,17,green,0,
9,Queens,2024-10-16,17,hvfhv,57,22.36
9,Queens,2024-10-16,17,other_fhv,0,
9,Queens,2024-10-16,18,yellow,0,
9,Queens,2024-10-16,18,green,0,
9,Queens,2024-10-16,18,hvfhv,43,16.88
9,Queens,2024-10-16,18,other_fhv,1,
9,Queens,2024-10-16,19,yellow,0,
9,Queens,2024-10-16,19,green,1,25.4
9,Queens,2024-10-16,19,hvfhv,38,17.52
9,Queens,2024-10-16,19,other_fhv,0,
9,Queens,2024-10-16,20,yellow,0,
9,Queens,2024-10-16,20,green,0,
9,Queens,2024-10-16,20,hvfhv,22,20.35
9,Queens,2024-10-16,20,other_fhv,0,
9,Queens,2024-10-16,21,yellow,0,
9,Queens,2024-10-16,21,green,0,
9,Queens,2024-10-16,21,hvfhv,18,20.04
9,Queens,2024-10-16,21,other_fhv,0,
9,Queens,2024-10-16,22,yellow,2,37.81
9,Queens,2024-10-16,22,green,0,
9,Queens,2024-10-16,22,hvfhv,16,17.88
9,Queens,2024-10-16,22,other_fhv,1,
9,Queens,2024-10-16,23,yellow,0,
9,Queens,2024-10-16,23,green,0,
9,Queens,2024-10-16,23,hvfhv,17,25.52
9,Queens,2024-10-16,23,other_fhv,0,
10,Queens,2024-10-16,0,yellow,2,78.0
10,Queens,2024-10-16,0,green,0,
10,Queens,2024-10-16,0,hvfhv,33,15.2
10,Queens,2024-10-16,0,other_fhv,0,
10,Queens,2024-10-16,1,yellow,0,
10,Queens,2024-10-16,1,green,0,
10,Queens,2024-10-16,1,hvfhv,15,23.15
10,Queens,2024-10-16,1,other_fhv,0,
10,Queens,2024-10-16,2,yellow,0,
10,Queens,2024-10-16,2,green,0,
10,Queens,2024-10-16,2,hvfhv,10,18.74
10,Queens,2024-10-16,2,other_fhv,0,
10,Queens,2024-10-16,3,yellow,1,59.0
10,Queens,2024-10-16,3,green,0,
10,Queens,2024-10-16,3,hvfhv,21,15.32
10,Queens,2024-10-16,3,other_fhv,0,
10,Queens,2024-10-16,4,yellow,1,70.0
10,Queens,2024-10-16,4,green,0,
10,Queens,2024-10-16,4,hvfhv,50,17.96
10,Queens,2024-10-16,4,other_fhv,1,
10,Queens,2024-10-16,5,yellow,1,54.8
10,Queens,2024-10-16,5,green,0,
10,Queens,2024-10-16,5,hvfhv,73,20.56
10,Queens,2024-10-16,5,other_fhv,0,
10,Queens,2024-10-16,6,yellow,1,54.5
10,Queens,2024-10-16,6,green,0,
10,Queens,2024-10-16,6,hvfhv,122,22.0
10,Queens,2024-10-16,6,other_fhv,2,
10,Queens,2024-10-16,7,yellow,7,60.56
10,Queens,2024-10-16,7,green,0,
10,Queens,2024-10-16,7,hvfhv,220,22.72
10,Queens,2024-10-16,7,other_fhv,0,
10,Queens,2024-10-16,8,yellow,5,32.96
10,Queens,2024-10-16,8,green,0,
10,Queens,2024-10-16,8,hvfhv,165,20.85
10,Queens,2024-10-16,8,other_fhv,2,
10,Queens,2024-10-16,9,yellow,1,70.0
10,Queens,2024-10-16,9,green,0,
10,Queens,2024-10-16,9,hvfhv,146,22.81
10,Queens,2024-10-16,9,other_fhv,2,
10,Queens,2024-10-16,10,yellow,2,45.75
10,Queens,2024-10-16,10,green,0,
10,Queens,2024-10-16,10,hvfhv,104,24.35
10,Queens,2024-10-16,10,other_fhv,2,
10,Queens,2024-10-16,11,yellow,0,
10,Queens,2024-10-16,11,green,0,
10,Queens,2024-10-16,11,hvfhv,87,26.6
10,Queens,2024-10-16,11,other_fhv,1,
10,Queens,2024-10-16,12,yellow,1,70.0
10,Queens,2024-10-16,12,green,0,
10,Queens,2024-10-16,12,hvfhv,86,22.72
10,Queens,2024-10-16,12,other_fhv,0,
10,Queens,2024-10-16,13,yellow,4,65.55
10,Queens,2024-10-16,13,green,0,
10,Queens,2024-10-16,13,hvfhv,90,19.23
10,Queens,2024-10-16,13,other_fhv,0,
10,Queens,2024-10-16,14,yellow,4,39.83
10,Queens,2024-10-16,14,green,0,
10,Queens,2024-10-16,14,hvfhv,98,20.8
10,Queens,2024-10-16,14,other_fhv,1,
10,Queens,2024-10-16,15,yellow,5,79.4
10,Queens,2024-10-16,15,green,0,
10,Queens,2024-10-16,15,hvfhv,95,18.31
10,Queens,2024-10-16,15,other_fhv,0,
10,Queens,2024-10-16,16,yellow,5,64.02
10,Queens,2024-10-16,16,green,0,
10,Queens,2024-10-16,16,hvfhv,98,26.43
10,Queens,2024-10-16,16,other_fhv,0,
10,Queens,2024-10-16,17,yellow,0,
10,Queens,2024-10-16,17,green,0,
10,Queens,2024-10-16,17,hvfhv,101,21.43
10,Queens,2024-10-16,17,other_fhv,1,
10,Queens,2024-10-16,18,yellow,3,75.67
10,Queens,2024-10-16,18,green,0,
10,Queens,2024-10-16,18,hvfhv,71,19.34
10,Queens,2024-10-16,18,other_fhv,0,
10,Queens,2024-10-16,19,yellow,3,50.0
10,Queens,2024-10-16,19,green,0,
10,Queens,2024-10-16,19,hvfhv,77,20.21
10,Queens,2024-10-16,19,other_fhv,0,
10,Queens,2024-10-16,20,yellow,1,70.0
10,Queens,2024-10-16,20,green,0,
10,Queens,2024-10-16,20,hvfhv,47,20.73
10,Queens,2024-10-16,20,other_fhv,2,
10,Queens,2024-10-16,21,yellow,3,66.0
10,Queens,2024-10-16,21,green,0,
10,Queens,2024-10-16,21,hvfhv,54,20.17
10,Queens,2024-10-16,21,other_fhv,1,
10,Queens,2024-10-16,22,yellow,1,25.0
10,Queens,2024-10-16,22,green,0,
10,Queens,2024-10-16,22,hvfhv,50,19.03
10,Queens,2024-10-16,22,other_fhv,0,
10,Queens,2024-10-16,23,yellow,3,75.87
10,Queens,2024-10-16,23,green,0,
10,Queens,2024-10-16,23,hvfhv,49,21.41
10,Queens,2024-10-16,23,other_fhv,0,
11,Brooklyn,2024-10-16,0,yellow,0,
11,Brooklyn,2024-10-16,0,green,0,
11,Brooklyn,2024-10-16,0,hvfhv,8,13.55
11,Brooklyn,2024-10-16,0,other_fhv,0,
11,Brooklyn,2024-10-16,1,yellow,0,
11,Brooklyn,2024-10-16,1,green,0,
11,Brooklyn,2024-10-16,1,hvfhv,5,17.66
11,Brooklyn,2024-10-16,1,other_fhv,0,
11,Brooklyn,2024-10-16,2,yellow,0,
11,Brooklyn,2024-10-16,2,green,0,
11,Brooklyn,2024-10-16,2,hvfhv,2,14.28
11,Brooklyn,2024-10-16,2,other_fhv,0,
11,Brooklyn,2024-10-16,3,yellow,0,
11,Brooklyn,2024-10-16,3,green,0,
11,Brooklyn,2024-10-16,3,hvfhv,4,22.82
11,Brooklyn,2024-10-16,3,other_fhv,0,
11,Brooklyn,2024-10-16,4,yellow,1,57.5
11,Brooklyn,2024-10-16,4,green,0,
11,Brooklyn,2024-10-16,4,hvfhv,12,27.62
11,Brooklyn,2024-10-16,4,other_fhv,0,
11,Brooklyn,2024-10-16,5,yellow,0,
11,Brooklyn,2024-10-16,5,green,0,
11,Brooklyn,2024-10-16,5,hvfhv,17,15.34
11,Brooklyn,2024-10-16,5,other_fhv,0,
11,Brooklyn,2024-10-16,6,yellow,0,
11,Brooklyn,2024-10-16,6,green,0,
11,Brooklyn,2024-10-16,6,hvfhv,34,25.16
11,Brooklyn,2024-10-16,6,other_fhv,1,
11,Brooklyn,2024-10-16,7,yellow,0,
11,Brooklyn,2024-10-16,7,green,0,
11,Brooklyn,2024-10-16,7,hvfhv,68,22.12
11,Brooklyn,2024-10-16,7,other_fhv,0,
11,Brooklyn,2024-10-16,8,yellow,0,
11,Brooklyn,2024-10-16,8,green,0,
11,Brooklyn,2024-10-16,8,hvfhv,72,17.23
11,Brooklyn,2024-10-16,8,other_fhv,4,
11,Brooklyn,2024-10-16,9,yellow,0,
11,Brooklyn,2024-10-16,9,green,0,
11,Brooklyn,2024-10-16,9,hvfhv,57,22.57
11,Brooklyn,2024-10-16,9,other_fhv,9,
11,Brooklyn,2024-10-16,10,yellow,0,
11,Brooklyn,2024-10-16,10,green,0,
11,Brooklyn,2024-10-16,10,hvfhv,35,23.75
11,Brooklyn,2024-10-16,10,other_fhv,3,
11,Brooklyn,2024-10-16,11,yellow,0,
11,Brooklyn,2024-10-16,11,green,0,
11,Brooklyn,2024-10-16,11,hvfhv,32,29.37
11,Brooklyn,2024-10-16,11,other_fhv,6,
11,Brooklyn,2024-10-16,12,yellow,0,
11,Brooklyn,2024-10-16,12,green,0,
11,Brooklyn,2024-10-16,12,hvfhv,22,20.34
11,Brooklyn,2024-10-16,12,other_fhv,5,
11,Brooklyn,2024-10-16,13,yellow,0,
11,Brooklyn,2024-10-16,13,green,0,
11,Brooklyn,2024-10-16,13,hvfhv,27,17.19
11,Brooklyn,2024-10-16,13,other_fhv,1,
11,Brooklyn,2024-10-16,14,yellow,0,
11,Brooklyn,2024-10-16,14,green,0,
11,Brooklyn,2024-10-16,14,hvfhv,31,17.17
11,Brooklyn,2024-10-16,14,other_fhv,2,
11,Brooklyn,2024-10-16,15,yellow,0,
11,Brooklyn,2024-10-16,15,green,0,
11,Brooklyn,2024-10-16,15,hvfhv,23,30.39
11,Brooklyn,2024-10-16,15,other_fhv,1,
11,Brooklyn,2024-10-16,16,yellow,0,
11,Brooklyn,2024-10-16,16,green,0,
11,Brooklyn,2024-10-16,16,hvfhv,25,19.34
11,Brooklyn,2024-10-16,16,other_fhv,2,
11,Brooklyn,2024-10-16,17,yellow,0,
11,Brooklyn,2024-10-16,17,green,0,
11,Brooklyn,2024-10-16,17,hvfhv,35,25.1
11,Brooklyn,2024-10-16,17,other_fhv,0,
11,Brooklyn,2024-10-16,18,yellow,0,
11,Brooklyn,2024-10-16,18,green,0,
11,Brooklyn,2024-10-16,18,hvfhv,37,22.06
11,Brooklyn,2024-10-16,18,other_fhv,1,
11,Brooklyn,2024-10-16,19,yellow,1,58.63
11,Brooklyn,2024-10-16,19,green,0,
11,Brooklyn,2024-10-16,19,hvfhv,28,16.89
11,Brooklyn,2024-10-16,19,other_fhv,0,
11,Brooklyn,2024-10-16,20,yellow,0,
11,Brooklyn,2024-10-16,20,green,0,
11,Brooklyn,2024-10-16,20,hvfhv,22,25.95
11,Brooklyn,2024-10-16,20,other_fhv,1,
11,Brooklyn,2024-10-16,21,yellow,0,
11,Brooklyn,2024-10-16,21,green,0,
11,Brooklyn,2024-10-16,21,hvfhv,27,21.39
11,Brooklyn,2024-10-16,21,other_fhv,0,
11,Brooklyn,2024-10-16,22,yellow,0,
11,Brooklyn,2024-10-16,22,green,0,
11,Brooklyn,2024-10-16,22,hvfhv,28,14.67
11,Brooklyn,2024-10-16,22,other_fhv,0,
11,Brooklyn,2024-10-16,23,yellow,1,6.47
11,Brooklyn,2024-10-16,23,green,0,
11,Brooklyn,2024-10-16,23,hvfhv,20,13.07
11,Brooklyn,2024-10-16,23,other_fhv,0,
12,Manhattan,2024-10-16,0,yellow,0,
12,Manhattan,2024-10-16,0,green,0,
12,Manhattan,2024-10-16,0,hvfhv,7,25.99
12,Manhattan,2024-10-16,0,other_fhv,0,
12,Manhattan,2024-10-16,1,yellow,1,55.5
12,Manhattan,2024-10-16,1,green,0,
12,Manhattan,2024-10-16,1,hvfhv,0,
12,Manhattan,2024-10-16,1,other_fhv,0,
12,Manhattan,2024-10-16,2,yellow,0,
12,Manhattan,2024-10-16,2,green,0,
12,Manhattan,2024-10-16,2,hvfhv,0,
12,Manhattan,2024-10-16,2,other_fhv,0,
12,Manhattan,2024-10-16,3,yellow,0,
12,Manhattan,2024-10-16,3,green,0,
12,Manhattan,2024-10-16,3,hvfhv,0,
12,Manhattan,2024-10-16,3,other_fhv,0,
12,Manhattan,2024-10-16,4,yellow,0,
12,Manhattan,2024-10-16,4,green,0,
12,Manhattan,2024-10-16,4,hvfhv,0,
12,Manhattan,2024-10-16,4,other_fhv,0,
12,Manhattan,2024-10-16,5,yellow,0,
12,Manhattan,2024-10-16,5,green,0,
12,Manhattan,2024-10-16,5,hvfhv,1,14.38
12,Manhattan,2024-10-16,5,other_fhv,0,
12,Manhattan,2024-10-16,6,yellow,0,
12,Manhattan,2024-10-16,6,green,0,
12,Manhattan,2024-10-16,6,hvfhv,0,
12,Manhattan,2024-10-16,6,other_fhv,0,
12,Manhattan,2024-10-16,7,yellow,0,
12,Manhattan,2024-10-16,7,green,0,
12,Manhattan,2024-10-16,7,hvfhv,1,11.92
12,Manhattan,2024-10-16,7,other_fhv,0,
12,Manhattan,2024-10-16,8,yellow,0,
12,Manhattan,2024-10-16,8,green,0,
12,Manhattan,2024-10-16,8,hvfhv,3,20.86
12,Manhattan,2024-10-16,8,other_fhv,0,
12,Manhattan,2024-10-16,9,yellow,0,
12,Manhattan,2024-10-16,9,green,0,
12,Manhattan,2024-10-16,9,hvfhv,4,53.0
12,Manhattan,2024-10-16,9,other_fhv,0,
12,Manhattan,2024-10-16,10,yellow,4,22.95
12,Manhattan,2024-10-16,10,green,0,
12,Manhattan,2024-10-16,10,hvfhv,5,34.26
12,Manhattan,2024-10-16,10,other_fhv,0,
12,Manhattan,2024-10-16,11,yellow,2,10.35
12,Manhattan,2024-10-16,11,green,0,
12,Manhattan,2024-10-16,11,hvfhv,3,37.59
12,Manhattan,2024-10-16,11,other_fhv,1,
12,Manhattan,2024-10-16,12,yellow,3,25.17
12,Manhattan,2024-10-16,12,green,0,
12,Manhattan,2024-10-16,12,hvfhv,2,19.52
12,Manhattan,2024-10-16,12,other_fhv,0,
12,Manhattan,2024-10-16,13,yellow,6,27.55
12,Manhattan,2024-10-16,13,green,0,
12,Manhattan,2024-10-16,13,hvfhv,3,20.07
12,Manhattan,2024-10-16,13,other_fhv,0,
12,Manhattan,2024-10-16,14,yellow,7,25.0
12,Manhattan,2024-10-16,14,green,0,
12,Manhattan,2024-10-16,14,hvfhv,8,28.58
12,Manhattan,2024-10-16,14,other_fhv,0,
12,Manhattan,2024-10-16,15,yellow,3,30.41
12,Manhattan,2024-10-16,15,green,0,
12,Manhattan,2024-10-16,15,hvfhv,3,41.78
12,Manhattan,2024-10-16,15,other_fhv,0,
12,Manhattan,2024-10-16,16,yellow,4,35.9
12,Manhattan,2024-10-16,16,green,0,
12,Manhattan,2024-10-16,16,hvfhv,9,54.1
12,Manhattan,2024-10-16,16,other_fhv,0,
12,Manhattan,2024-10-16,17,yellow,5,28.69
12,Manhattan,2024-10-16,17,green,0,
12,Manhattan,2024-10-16,17,hvfhv,5,68.01
12,Manhattan,2024-10-16,17,other_fhv,0,
12,Manhattan,2024-10-16,18,yellow,1,8.6
12,Manhattan,2024-10-16,18,green,0,
12,Manhattan,2024-10-16,18,hvfhv,3,26.2
12,Manhattan,2024-10-16,18,other_fhv,0,
12,Manhattan,2024-10-16,19,yellow,1,21.2
12,Manhattan,2024-10-16,19,green,0,
12,Manhattan,2024-10-16,19,hvfhv,0,
12,Manhattan,2024-10-16,19,other_fhv,0,
12,Manhattan,2024-10-16,20,yellow,1,25.4
12,Manhattan,2024-10-16,20,green,0,
12,Manhattan,2024-10-16,20,hvfhv,1,65.41
12,Manhattan,2024-10-16,20,other_fhv,0,
12,Manhattan,2024-10-16,21,yellow,0,
12,Manhattan,2024-10-16,21,green,0,
12,Manhattan,2024-10-16,21,hvfhv,6,49.36
12,Manhattan,2024-10-16,21,other_fhv,0,
12,Manhattan,2024-10-16,22,yellow,0,
12,Manhattan,2024-10-16,22,green,0,
12,Manhattan,2024-10-16,22,hvfhv,4,35.89
12,Manhattan,2024-10-16,22,other_fhv,0,
12,Manhattan,2024-10-16,23,yellow,0,
12,Manhattan,2024-10-16,23,green,0,
12,Manhattan,2024-10-16,23,hvfhv,1,23.44
12,Manhattan,2024-10-16,23,other_fhv,0,
13,Manhattan,2024-10-16,0,yellow,2,26.24
13,Manhattan,2024-10-16,0,green,0,
13,Manhattan,2024-10-16,0,hvfhv,98,32.3
13,Manhattan,2024-10-16,0,other_fhv,0,
13,Manhattan,2024-10-16,1,yellow,0,
13,Manhattan,2024-10-16,1,green,0,
13,Manhattan,2024-10-16,1,hvfhv,62,29.99
13,Manhattan,2024-10-16,1,other_fhv,0,
13,Manhattan,2024-10-16,2,yellow,0,
13,Manhattan,2024-10-16,2,green,0,
13,Manhattan,2024-10-16,2,hvfhv,38,24.0
13,Manhattan,2024-10-16,2,other_fhv,0,
13,Manhattan,2024-10-16,3,yellow,0,
13,Manhattan,2024-10-16,3,green,0,
13,Manhattan,2024-10-16,3,hvfhv,20,31.17
13,Manhattan,2024-10-16,3,other_fhv,0,
13,Manhattan,2024-10-16,4,yellow,2,0.0
13,Manhattan,2024-10-16,4,green,0,
13,Manhattan,2024-10-16,4,hvfhv,37,42.07
13,Manhattan,2024-10-16,4,other_fhv,0,
13,Manhattan,2024-10-16,5,yellow,2,61.85
13,Manhattan,2024-10-16,5,green,0,
13,Manhattan,2024-10-16,5,hvfhv,39,48.22
13,Manhattan,2024-10-16,5,other_fhv,0,
13,Manhattan,2024-10-16,6,yellow,10,20.98
13,Manhattan,2024-10-16,6,green,0,
13,Manhattan,2024-10-16,6,hvfhv,93,35.49
13,Manhattan,2024-10-16,6,other_fhv,0,
13,Manhattan,2024-10-16,7,yellow,34,20.5
13,Manhattan,2024-10-16,7,green,0,
13,Manhattan,2024-10-16,7,hvfhv,152,34.33
13,Manhattan,2024-10-16,7,other_fhv,1,
13,Manhattan,2024-10-16,8,yellow,52,21.27
13,Manhattan,2024-10-16,8,green,0,
13,Manhattan,2024-10-16,8,hvfhv,222,30.67
13,Manhattan,2024-10-16,8,other_fhv,1,
13,Manhattan,2024-10-16,9,yellow,36,25.22
13,Manhattan,2024-10-16,9,green,0,
13,Manhattan,2024-10-16,9,hvfhv,142,34.5
13,Manhattan,2024-10-16,9,other_fhv,3,
13,Manhattan,2024-10-16,10,yellow,35,25.56
13,Manhattan,2024-10-16,10,green,0,
13,Manhattan,2024-10-16,10,hvfhv,123,36.29
13,Manhattan,2024-10-16,10,other_fhv,4,
13,Manhattan,2024-10-16,11,yellow,41,27.42
13,Manhattan,2024-10-16,11,green,0,
13,Manhattan,2024-10-16,11,hvfhv,153,40.29
13,Manhattan,2024-10-16,11,other_fhv,2,
13,Manhattan,2024-10-16,12,yellow,60,24.3
13,Manhattan,2024-10-16,12,green,0,
13,Manhattan,2024-10-16,12,hvfhv,137,41.67
13,Manhattan,2024-10-16,12,other_fhv,2,
13,Manhattan,2024-10-16,13,yellow,59,30.98
13,Manhattan,2024-10-16,13,green,0,
13,Manhattan,2024-10-16,13,hvfhv,147,43.81
13,Manhattan,2024-10-16,13,other_fhv,0,
13,Manhattan,2024-10-16,14,yellow,69,26.15
13,Manhattan,2024-10-16,14,green,0,
13,Manhattan,2024-10-16,14,hvfhv,164,50.87
13,Manhattan,2024-10-16,14,other_fhv,2,
13,Manhattan,2024-10-16,15,yellow,65,28.4
13,Manhattan,2024-10-16,15,green,0,
13,Manhattan,2024-10-16,15,hvfhv,158,51.6
13,Manhattan,2024-10-16,15,other_fhv,0,
13,Manhattan,2024-10-16,16,yellow,91,27.39
13,Manhattan,2024-10-16,16,green,0,
13,Manhattan,2024-10-16,16,hvfhv,200,52.21
13,Manhattan,2024-10-16,16,other_fhv,3,
13,Manhattan,2024-10-16,17,yellow,90,26.12
13,Manhattan,2024-10-16,17,green,0,
13,Manhattan,2024-10-16,17,hvfhv,290,44.76
13,Manhattan,2024-10-16,17,other_fhv,3,
13,Manhattan,2024-10-16,18,yellow,125,23.99
13,Manhattan,2024-10-16,18,green,0,
13,Manhattan,2024-10-16,18,hvfhv,295,40.97
13,Manhattan,2024-10-16,18,other_fhv,11,
13,Manhattan,2024-10-16,19,yellow,79,21.12
13,Manhattan,2024-10-16,19,green,0,
13,Manhattan,2024-10-16,19,hvfhv,240,34.89
13,Manhattan,2024-10-16,19,other_fhv,12,
13,Manhattan,2024-10-16,20,yellow,72,24.05
13,Manhattan,2024-10-16,20,green,0,
13,Manhattan,2024-10-16,20,hvfhv,271,38.62
13,Manhattan,2024-10-16,20,other_fhv,6,
13,Manhattan,2024-10-16,21,yellow,65,19.34
13,Manhattan,2024-10-16,21,green,0,
13,Manhattan,2024-10-16,21,hvfhv,364,40.45
13,Manhattan,2024-10-16,21,other_fhv,11,
13,Manhattan,2024-10-16,22,yellow,34,25.31
13,Manhattan,2024-10-16,22,green,0,
13,Manhattan,2024-10-16,22,hvfhv,208,34.06
13,Manhattan,2024-10-16,22,other_fhv,6,
13,Manhattan,2024-10-16,23,yellow,12,17.19
13,Manhattan,2024-10-16,23,green,0,
13,Manhattan,2024-10-16,23,hvfhv,126,30.52
13,Manhattan,2024-10-16,23,other_fhv,1,
14,Brooklyn,2024-10-16,0,yellow,2,16.2
14,Brooklyn,2024-10-16,0,green,0,
14,Brooklyn,2024-10-16,0,hvfhv,37,18.51
14,Brooklyn,2024-10-16,0,other_fhv,0,
14,Brooklyn,2024-10-16,1,yellow,2,24.5
14,Brooklyn,2024-10-16,1,green,0,
14,Brooklyn,2024-10-16,1,hvfhv,17,16.5
14,Brooklyn,2024-10-16,1,other_fhv,0,
14,Brooklyn,2024-10-16,2,yellow,0,
14,Brooklyn,2024-10-16,2,green,0,
14,Brooklyn,2024-10-16,2,hvfhv,20,21.83
14,Brooklyn,2024-10-16,2,other_fhv,0,
14,Brooklyn,2024-10-16,3,yellow,1,60.5
14,Brooklyn,2024-10-16,3,green,0,
14,Brooklyn,2024-10-16,3,hvfhv,31,22.62
14,Brooklyn,2024-10-16,3,other_fhv,0,
14,Brooklyn,2024-10-16,4,yellow,0,
14,Brooklyn,2024-10-16,4,green,0,
14,Brooklyn,2024-10-16,4,hvfhv,45,27.3
14,Brooklyn,2024-10-16,4,other_fhv,0,
14,Brooklyn,2024-10-16,5,yellow,0,
14,Brooklyn,2024-10-16,5,green,0,
14,Brooklyn,2024-10-16,5,hvfhv,69,36.52
14,Brooklyn,2024-10-16,5,other_fhv,0,
14,Brooklyn,2024-10-16,6,yellow,0,
14,Brooklyn,2024-10-16,6,green,0,
14,Brooklyn,2024-10-16,6,hvfhv,158,29.21
14,Brooklyn,2024-10-16,6,other_fhv,1,
14,Brooklyn,2024-10-16,7,yellow,1,27.5
14,Brooklyn,2024-10-16,7,green,0,
14,Brooklyn,2024-10-16,7,hvfhv,282,22.19
14,Brooklyn,2024-10-16,7,other_fhv,2,
14,Brooklyn,2024-10-16,8,yellow,0,
14,Brooklyn,2024-10-16,8,green,0,
14,Brooklyn,2024-10-16,8,hvfhv,284,22.77
14,Brooklyn,2024-10-16,8,other_fhv,8,
14,Brooklyn,2024-10-16,9,yellow,1,53.5
14,Brooklyn,2024-10-16,9,green,1,14.5
14,Brooklyn,2024-10-16,9,hvfhv,191,22.7
14,Brooklyn,2024-10-16,9,other_fhv,6,
14,Brooklyn,2024-10-16,10,yellow,0,
14,Brooklyn,2024-10-16,10,green,0,
14,Brooklyn,2024-10-16,10,hvfhv,168,23.62
14,Brooklyn,2024-10-16,10,other_fhv,6,
14,Brooklyn,2024-10-16,11,yellow,5,31.73
14,Brooklyn,2024-10-16,11,green,0,
14,Brooklyn,2024-10-16,11,hvfhv,154,24.31
14,Brooklyn,2024-10-16,11,other_fhv,8,
14,Brooklyn,2024-10-16,12,yellow,2,27.5
14,Brooklyn,2024-10-16,12,green,0,
14,Brooklyn,2024-10-16,12,hvfhv,149,24.18
14,Brooklyn,2024-10-16,12,other_fhv,7,
14,Brooklyn,2024-10-16,13,yellow,2,21.15
14,Brooklyn,2024-10-16,13,green,0,
14,Brooklyn,2024-10-16,13,hvfhv,155,22.77
14,Brooklyn,2024-10-16,13,other_fhv,4,
14,Brooklyn,2024-10-16,14,yellow,1,0.01
14,Brooklyn,2024-10-16,14,green,0,
14,Brooklyn,2024-10-16,14,hvfhv,176,23.62
14,Brooklyn,2024-10-16,14,other_fhv,4,
14,Brooklyn,2024-10-16,15,yellow,0,
14,Brooklyn,2024-10-16,15,green,0,
14,Brooklyn,2024-10-16,15,hvfhv,167,23.02
14,Brooklyn,2024-10-16,15,other_fhv,2,
14,Brooklyn,2024-10-16,16,yellow,1,70.0
14,Brooklyn,2024-10-16,16,green,0,
14,Brooklyn,2024-10-16,16,hvfhv,197,24.16
14,Brooklyn,2024-10-16,16,other_fhv,2,
14,Brooklyn,2024-10-16,17,yellow,0,
14,Brooklyn,2024-10-16,17,green,0,
14,Brooklyn,2024-10-16,17,hvfhv,175,22.25
14,Brooklyn,2024-10-16,17,other_fhv,2,
14,Brooklyn,2024-10-16,18,yellow,1,41.5
14,Brooklyn,2024-10-16,18,green,0,
14,Brooklyn,2024-10-16,18,hvfhv,171,18.94
14,Brooklyn,2024-10-16,18,other_fhv,0,
14,Brooklyn,2024-10-16,19,yellow,0,
14,Brooklyn,2024-10-16,19,green,0,
14,Brooklyn,2024-10-16,19,hvfhv,194,20.39
14,Brooklyn,2024-10-16,19,other_fhv,2,
14,Brooklyn,2024-10-16,20,yellow,0,
14,Brooklyn,2024-10-16,20,green,0,
14,Brooklyn,2024-10-16,20,hvfhv,148,20.16
14,Brooklyn,2024-10-16,20,other_fhv,1,
14,Brooklyn,2024-10-16,21,yellow,0,
14,Brooklyn,2024-10-16,21,green,0,
14,Brooklyn,2024-10-16,21,hvfhv,129,20.16
14,Brooklyn,2024-10-16,21,other_fhv,0,
14,Brooklyn,2024-10-16,22,yellow,0,
14,Brooklyn,2024-10-16,22,green,0,
14,Brooklyn,2024-10-16,22,hvfhv,131,17.96
14,Brooklyn,2024-10-16,22,other_fhv,0,
14,Brooklyn,2024-10-16,23,yellow,0,
14,Brooklyn,2024-10-16,23,green,0,
14,Brooklyn,2024-10-16,23,hvfhv,104,16.6
14,Brooklyn,2024-10-16,23,other_fhv,0,
15,Queens,2024-10-16,0,yellow,0,
15,Queens,2024-10-16,0,green,0,
15,Queens,2024-10-16,0,hvfhv,7,16.13
15,Queens,2024-10-16,0,other_fhv,0,
15,Queens,2024-10-16,1,yellow,0,
15,Queens,2024-10-16,1,green,0,
15,Queens,2024-10-16,1,hvfhv,0,
15,Queens,2024-10-16,1,other_fhv,0,
15,Queens,2024-10-16,2,yellow,0,
15,Queens,2024-10-16,2,green,0,
15,Queens,2024-10-16,2,hvfhv,3,39.6
15,Queens,2024-10-16,2,other_fhv,0,
15,Queens,2024-10-16,3,yellow,0,
15,Queens,2024-10-16,3,green,0,
15,Queens,2024-10-16,3,hvfhv,1,11.64
15,Queens,2024-10-16,3,other_fhv,0,
15,Queens,2024-10-16,4,yellow,0,
15,Queens,2024-10-16,4,green,0,
15,Queens,2024-10-16,4,hvfhv,12,35.94
15,Queens,2024-10-16,4,other_fhv,0,
15,Queens,2024-10-16,5,yellow,0,
15,Queens,2024-10-16,5,green,0,
15,Queens,2024-10-16,5,hvfhv,18,30.12
15,Queens,2024-10-16,5,other_fhv,0,
15,Queens,2024-10-16,6,yellow,0,
15,Queens,2024-10-16,6,green,0,
15,Queens,2024-10-16,6,hvfhv,29,36.76
15,Queens,2024-10-16,6,other_fhv,0,
15,Queens,2024-10-16,7,yellow,0,
15,Queens,2024-10-16,7,green,0,
15,Queens,2024-10-16,7,hvfhv,41,27.29
15,Queens,2024-10-16,7,other_fhv,0,
15,Queens,2024-10-16,8,yellow,0,
15,Queens,2024-10-16,8,green,0,
15,Queens,2024-10-16,8,hvfhv,45,22.89
15,Queens,2024-10-16,8,other_fhv,1,
15,Queens,2024-10-16,9,yellow,1,38.5
15,Queens,2024-10-16,9,green,0,
15,Queens,2024-10-16,9,hvfhv,25,26.6
15,Queens,2024-10-16,9,other_fhv,1,
15,Queens,2024-10-16,10,yellow,1,47.39
15,Queens,2024-10-16,10,green,0,
15,Queens,2024-10-16,10,hvfhv,25,23.66
15,Queens,2024-10-16,10,other_fhv,0,
15,Queens,2024-10-16,11,yellow,0,
15,Queens,2024-10-16,11,green,0,
15,Queens,2024-10-16,11,hvfhv,24,22.81
15,Queens,2024-10-16,11,other_fhv,0,
15,Queens,2024-10-16,12,yellow,0,
15,Queens,2024-10-16,12,green,0,
15,Queens,2024-10-16,12,hvfhv,26,30.28
15,Queens,2024-10-16,12,other_fhv,1,
15,Queens,2024-10-16,13,yellow,0,
15,Queens,2024-10-16,13,green,0,
15,Queens,2024-10-16,13,hvfhv,24,23.17
15,Queens,2024-10-16,13,other_fhv,0,
15,Queens,2024-10-16,14,yellow,0,
15,Queens,2024-10-16,14,green,0,
15,Queens,2024-10-16,14,hvfhv,21,23.49
15,Queens,2024-10-16,14,other_fhv,0,
15,Queens,2024-10-16,15,yellow,0,
15,Queens,2024-10-16,15,green,0,
15,Queens,2024-10-16,15,hvfhv,30,26.27
15,Queens,2024-10-16,15,other_fhv,0,
15,Queens,2024-10-16,16,yellow,0,
15,Queens,2024-10-16,16,green,0,
15,Queens,2024-10-16,16,hvfhv,14,34.69
15,Queens,2024-10-16,16,other_fhv,0,
15,Queens,2024-10-16,17,yellow,0,
15,Queens,2024-10-16,17,green,0,
15,Queens,2024-10-16,17,hvfhv,29,28.98
15,Queens,2024-10-16,17,other_fhv,0,
15,Queens,2024-10-16,18,yellow,0,
15,Queens,2024-10-16,18,green,0,
15,Queens,2024-10-16,18,hvfhv,19,25.35
15,Queens,2024-10-16,18,other_fhv,0,
15,Queens,2024-10-16,19,yellow,0,
15,Queens,2024-10-16,19,green,0,
15,Queens,2024-10-16,19,hvfhv,19,27.59
15,Queens,2024-10-16,19,other_fhv,0,
15,Queens,2024-10-16,20,yellow,0,
15,Queens,2024-10-16,20,green,0,
15,Queens,2024-10-16,20,hvfhv,16,20.33
15,Queens,2024-10-16,20,other_fhv,0,
15,Queens,2024-10-16,21,yellow,0,
15,Queens,2024-10-16,21,green,0,
15,Queens,2024-10-16,21,hvfhv,13,24.97
15,Queens,2024-10-16,21,other_fhv,0,
15,Queens,2024-10-16,22,yellow,0,
15,Queens,2024-10-16,22,green,0,
15,Queens,2024-10-16,22,hvfhv,11,23.6
15,Queens,2024-10-16,22,other_fhv,0,
15,Queens,2024-10-16,23,yellow,0,
15,Queens,2024-10-16,23,green,0,
15,Queens,2024-10-16,23,hvfhv,10,37.46
15,Queens,2024-10-16,23,other_fhv,0,
16,Queens,2024-10-16,0,yellow,0,
16,Queens,2024-10-16,0,green,0,
16,Queens,2024-10-16,0,hvfhv,27,22.27
16,Queens,2024-10-16,0,other_fhv,0,
16,Queens,2024-10-16,1,yellow,0,
16,Queens,2024-10-16,1,green,0,
16,Queens,2024-10-16,1,hvfhv,32,24.54
16,Queens,2024-10-16,1,other_fhv,0,
16,Queens,2024-10-16,2,yellow,0,
16,Queens,2024-10-16,2,green,0,
16,Queens,2024-10-16,2,hvfhv,42,27.71
16,Queens,2024-10-16,2,other_fhv,0,
16,Queens,2024-10-16,3,yellow,0,
16,Queens,2024-10-16,3,green,0,
16,Queens,2024-10-16,3,hvfhv,14,19.02
16,Queens,2024-10-16,3,other_fhv,0,
16,Queens,2024-10-16,4,yellow,0,
16,Queens,2024-10-16,4,green,0,
16,Queens,2024-10-16,4,hvfhv,14,25.5
16,Queens,2024-10-16,4,other_fhv,0,
16,Queens,2024-10-16,5,yellow,0,
16,Queens,2024-10-16,5,green,0,
16,Queens,2024-10-16,5,hvfhv,25,31.41
16,Queens,2024-10-16,5,other_fhv,0,
16,Queens,2024-10-16,6,yellow,0,
16,Queens,2024-10-16,6,green,0,
16,Queens,2024-10-16,6,hvfhv,38,27.43
16,Queens,2024-10-16,6,other_fhv,0,
16,Queens,2024-10-16,7,yellow,0,
16,Queens,2024-10-16,7,green,0,
16,Queens,2024-10-16,7,hvfhv,80,17.23
16,Queens,2024-10-16,7,other_fhv,0,
16,Queens,2024-10-16,8,yellow,1,21.53
16,Queens,2024-10-16,8,green,0,
16,Queens,2024-10-16,8,hvfhv,100,20.04
16,Queens,2024-10-16,8,other_fhv,2,
16,Queens,2024-10-16,9,yellow,0,
16,Queens,2024-10-16,9,green,0,
16,Queens,2024-10-16,9,hvfhv,81,21.81
16,Queens,2024-10-16,9,other_fhv,1,
16,Queens,2024-10-16,10,yellow,0,
16,Queens,2024-10-16,10,green,0,
16,Queens,2024-10-16,10,hvfhv,64,22.13
16,Queens,2024-10-16,10,other_fhv,2,
16,Queens,2024-10-16,11,yellow,0,
16,Queens,2024-10-16,11,green,0,
16,Queens,2024-10-16,11,hvfhv,68,20.58
16,Queens,2024-10-16,11,other_fhv,2,
16,Queens,2024-10-16,12,yellow,1,43.5
16,Queens,2024-10-16,12,green,0,
16,Queens,2024-10-16,12,hvfhv,52,22.52
16,Queens,2024-10-16,12,other_fhv,2,
16,Queens,2024-10-16,13,yellow,0,
16,Queens,2024-10-16,13,green,0,
16,Queens,2024-10-16,13,hvfhv,62,23.44
16,Queens,2024-10-16,13,other_fhv,1,
16,Queens,2024-10-16,14,yellow,0,
16,Queens,2024-10-16,14,green,0,
16,Queens,2024-10-16,14,hvfhv,86,22.49
16,Queens,2024-10-16,14,other_fhv,0,
16,Queens,2024-10-16,15,yellow,1,24.5
16,Queens,2024-10-16,15,green,0,
16,Queens,2024-10-16,15,hvfhv,75,22.66
16,Queens,2024-10-16,15,other_fhv,2,
16,Queens,2024-10-16,16,yellow,0,
16,Queens,2024-10-16,16,green,0,
16,Queens,2024-10-16,16,hvfhv,80,23.89
16,Queens,2024-10-16,16,other_fhv,0,
16,Queens,2024-10-16,17,yellow,0,
16,Queens,2024-10-16,17,green,0,
16,Queens,2024-10-16,17,hvfhv,80,22.83
16,Queens,2024-10-16,17,other_fhv,0,
16,Queens,2024-10-16,18,yellow,1,43.5
16,Queens,2024-10-16,18,green,0,
16,Queens,2024-10-16,18,hvfhv,95,16.5
16,Queens,2024-10-16,18,other_fhv,1,
16,Queens,2024-10-16,19,yellow,0,
16,Queens,2024-10-16,19,green,0,
16,Queens,2024-10-16,19,hvfhv,69,21.83
16,Queens,2024-10-16,19,other_fhv,0,
16,Queens,2024-10-16,20,yellow,0,
16,Queens,2024-10-16,20,green,0,
16,Queens,2024-10-16,20,hvfhv,63,22.4
16,Queens,2024-10-16,20,other_fhv,1,
16,Queens,2024-10-16,21,yellow,0,
16,Queens,2024-10-16,21,green,0,
16,Queens,2024-10-16,21,hvfhv,58,20.57
16,Queens,2024-10-16,21,other_fhv,0,
16,Queens,2024-10-16,22,yellow,0,
16,Queens,2024-10-16,22,green,0,
16,Queens,2024-10-16,22,hvfhv,42,20.11
16,Queens,2024-10-16,22,other_fhv,1,
16,Queens,2024-10-16,23,yellow,2,21.96
16,Queens,2024-10-16,23,green,0,
16,Queens,2024-10-16,23,hvfhv,56,19.43
16,Queens,2024-10-16,23,other_fhv,0,
17,Brooklyn,2024-10-16,0,yellow,0,
17,Brooklyn,2024-10-16,0,green,0,
17,Brooklyn,2024-10-16,0,hvfhv,138,16.64
17,Brooklyn,2024-10-16,0,other_fhv,0,
17,Brooklyn,2024-10-16,1,yellow,1,17.87
17,Brooklyn,2024-10-16,1,green,0,
17,Brooklyn,2024-10-16,1,hvfhv,72,16.39
17,Brooklyn,2024-10-16,1,other_fhv,2,
17,Brooklyn,2024-10-16,2,yellow,0,
17,Brooklyn,2024-10-16,2,green,0,
17,Brooklyn,2024-10-16,2,hvfhv,47,17.57
17,Brooklyn,2024-10-16,2,other_fhv,0,
17,Brooklyn,2024-10-16,3,yellow,0,
17,Brooklyn,2024-10-16,3,green,0,
17,Brooklyn,2024-10-16,3,hvfhv,46,23.43
17,Brooklyn,2024-10-16,3,other_fhv,1,
17,Brooklyn,2024-10-16,4,yellow,2,33.38
17,Brooklyn,2024-10-16,4,green,0,
17,Brooklyn,2024-10-16,4,hvfhv,56,29.02
17,Brooklyn,2024-10-16,4,other_fhv,1,
17,Brooklyn,2024-10-16,5,yellow,0,
17,Brooklyn,2024-10-16,5,green,0,
17,Brooklyn,2024-10-16,5,hvfhv,95,37.18
17,Brooklyn,2024-10-16,5,other_fhv,3,
17,Brooklyn,2024-10-16,6,yellow,3,37.45
17,Brooklyn,2024-10-16,6,green,0,
17,Brooklyn,2024-10-16,6,hvfhv,105,36.67
17,Brooklyn,2024-10-16,6,other_fhv,1,
17,Brooklyn,2024-10-16,7,yellow,3,23.32
17,Brooklyn,2024-10-16,7,green,0,
17,Brooklyn,2024-10-16,7,hvfhv,163,33.34
17,Brooklyn,2024-10-16,7,other_fhv,2,
17,Brooklyn,2024-10-16,8,yellow,4,29.9
17,Brooklyn,2024-10-16,8,green,1,58.02
17,Brooklyn,2024-10-16,8,hvfhv,206,31.49
17,Brooklyn,2024-10-16,8,other_fhv,3,
17,Brooklyn,2024-10-16,9,yellow,4,20.44
17,Brooklyn,2024-10-16,9,green,1,45.0
17,Brooklyn,2024-10-16,9,hvfhv,231,25.49
17,Brooklyn,2024-10-16,9,other_fhv,9,
17,Brooklyn,2024-10-16,10,yellow,2,29.08
17,Brooklyn,2024-10-16,10,green,0,
17,Brooklyn,2024-10-16,10,hvfhv,192,23.59
17,Brooklyn,2024-10-16,10,other_fhv,3,
17,Brooklyn,2024-10-16,11,yellow,0,
17,Brooklyn,2024-10-16,11,green,0,
17,Brooklyn,2024-10-16,11,hvfhv,180,22.01
17,Brooklyn,2024-10-16,11,other_fhv,7,
17,Brooklyn,2024-10-16,12,yellow,0,
17,Brooklyn,2024-10-16,12,green,1,47.11
17,Brooklyn,2024-10-16,12,hvfhv,190,22.72
17,Brooklyn,2024-10-16,12,other_fhv,3,
17,Brooklyn,2024-10-16,13,yellow,3,17.17
17,Brooklyn,2024-10-16,13,green,0,
17,Brooklyn,2024-10-16,13,hvfhv,204,23.17
17,Brooklyn,2024-10-16,13,other_fhv,4,
17,Brooklyn,2024-10-16,14,yellow,1,40.5
17,Brooklyn,2024-10-16,14,green,0,
17,Brooklyn,2024-10-16,14,hvfhv,183,22.94
17,Brooklyn,2024-10-16,14,other_fhv,3,
17,Brooklyn,2024-10-16,15,yellow,1,19.5
17,Brooklyn,2024-10-16,15,green,0,
17,Brooklyn,2024-10-16,15,hvfhv,221,24.05
17,Brooklyn,2024-10-16,15,other_fhv,3,
17,Brooklyn,2024-10-16,16,yellow,0,
17,Brooklyn,2024-10-16,16,green,0,
17,Brooklyn,2024-10-16,16,hvfhv,247,22.12
17,Brooklyn,2024-10-16,16,other_fhv,4,
17,Brooklyn,2024-10-16,17,yellow,3,34.17
17,Brooklyn,2024-10-16,17,green,0,
17,Brooklyn,2024-10-16,17,hvfhv,246,19.24
17,Brooklyn,2024-10-16,17,other_fhv,6,
17,Brooklyn,2024-10-16,18,yellow,2,31.88
17,Brooklyn,2024-10-16,18,green,1,17.7
17,Brooklyn,2024-10-16,18,hvfhv,256,20.44
17,Brooklyn,2024-10-16,18,other_fhv,6,
17,Brooklyn,2024-10-16,19,yellow,1,16.5
17,Brooklyn,2024-10-16,19,green,0,
17,Brooklyn,2024-10-16,19,hvfhv,253,18.64
17,Brooklyn,2024-10-16,19,other_fhv,9,
17,Brooklyn,2024-10-16,20,yellow,1,7.2
17,Brooklyn,2024-10-16,20,green,0,
17,Brooklyn,2024-10-16,20,hvfhv,202,16.76
17,Brooklyn,2024-10-16,20,other_fhv,4,
17,Brooklyn,2024-10-16,21,yellow,1,25.5
17,Brooklyn,2024-10-16,21,green,0,
17,Brooklyn,2024-10-16,21,hvfhv,190,16.23
17,Brooklyn,2024-10-16,21,other_fhv,3,
17,Brooklyn,2024-10-16,22,yellow,0,
17,Brooklyn,2024-10-16,22,green,0,
17,Brooklyn,2024-10-16,22,hvfhv,188,16.5
17,Brooklyn,2024-10-16,22,other_fhv,5,
17,Brooklyn,2024-10-16,23,yellow,0,
17,Brooklyn,2024-10-16,23,green,0,
17,Brooklyn,2024-10-16,23,hvfhv,198,16.76
17,Brooklyn,2024-10-16,23,other_fhv,5,
18,Bronx,2024-10-16,0,yellow,0,
18,Bronx,2024-10-16,0,green,0,
18,Bronx,2024-10-16,0,hvfhv,65,16.21
18,Bronx,2024-10-16,0,other_fhv,1,
18,Bronx,2024-10-16,1,yellow,0,
18,Bronx,2024-10-16,1,green,0,
18,Bronx,2024-10-16,1,hvfhv,34,15.73
18,Bronx,2024-10-16,1,other_fhv,0,
18,Bronx,2024-10-16,2,yellow,0,
18,Bronx,2024-10-16,2,green,0,
18,Bronx,2024-10-16,2,hvfhv,20,17.02
18,Bronx,2024-10-16,2,other_fhv,0,
18,Bronx,2024-10-16,3,yellow,0,
18,Bronx,2024-10-16,3,green,0,
18,Bronx,2024-10-16,3,hvfhv,23,20.31
18,Bronx,2024-10-16,3,other_fhv,0,
18,Bronx,2024-10-16,4,yellow,0,
18,Bronx,2024-10-16,4,green,0,
18,Bronx,2024-10-16,4,hvfhv,28,19.0
18,Bronx,2024-10-16,4,other_fhv,0,
18,Bronx,2024-10-16,5,yellow,0,
18,Bronx,2024-10-16,5,green,0,
18,Bronx,2024-10-16,5,hvfhv,68,19.08
18,Bronx,2024-10-16,5,other_fhv,0,
18,Bronx,2024-10-16,6,yellow,0,
18,Bronx,2024-10-16,6,green,0,
18,Bronx,2024-10-16,6,hvfhv,101,22.58
18,Bronx,2024-10-16,6,other_fhv,1,
18,Bronx,2024-10-16,7,yellow,1,18.35
18,Bronx,2024-10-16,7,green,0,
18,Bronx,2024-10-16,7,hvfhv,241,19.32
18,Bronx,2024-10-16,7,other_fhv,0,
18,Bronx,2024-10-16,8,yellow,1,52.5
18,Bronx,2024-10-16,8,green,0,
18,Bronx,2024-10-16,8,hvfhv,276,18.84
18,Bronx,2024-10-16,8,other_fhv,1,
18,Bronx,2024-10-16,9,yellow,0,
18,Bronx,2024-10-16,9,green,0,
18,Bronx,2024-10-16,9,hvfhv,180,18.05
18,Bronx,2024-10-16,9,other_fhv,2,
18,Bronx,2024-10-16,10,yellow,0,
18,Bronx,2024-10-16,10,green,1,11.4
18,Bronx,2024-10-16,10,hvfhv,124,18.71
18,Bronx,2024-10-16,10,other_fhv,0,
18,Bronx,2024-10-16,11,yellow,1,37.5
18,Bronx,2024-10-16,11,green,0,
18,Bronx,2024-10-16,11,hvfhv,88,20.6
18,Bronx,2024-10-16,11,other_fhv,1,
18,Bronx,2024-10-16,12,yellow,0,
18,Bronx,2024-10-16,12,green,0,
18,Bronx,2024-10-16,12,hvfhv,127,18.76
18,Bronx,2024-10-16,12,other_fhv,1,
18,Bronx,2024-10-16,13,yellow,1,34.5
18,Bronx,2024-10-16,13,green,0,
18,Bronx,2024-10-16,13,hvfhv,136,17.6
18,Bronx,2024-10-16,13,other_fhv,0,
18,Bronx,2024-10-16,14,yellow,1,22.5
18,Bronx,2024-10-16,14,green,0,
18,Bronx,2024-10-16,14,hvfhv,142,17.95
18,Bronx,2024-10-16,14,other_fhv,0,
18,Bronx,2024-10-16,15,yellow,2,51.0
18,Bronx,2024-10-16,15,green,0,
18,Bronx,2024-10-16,15,hvfhv,116,18.65
18,Bronx,2024-10-16,15,other_fhv,0,
18,Bronx,2024-10-16,16,yellow,1,42.5
18,Bronx,2024-10-16,16,green,0,
18,Bronx,2024-10-16,16,hvfhv,124,19.97
18,Bronx,2024-10-16,16,other_fhv,0,
18,Bronx,2024-10-16,17,yellow,0,
18,Bronx,2024-10-16,17,green,0,
18,Bronx,2024-10-16,17,hvfhv,172,17.2
18,Bronx,2024-10-16,17,other_fhv,0,
18,Bronx,2024-10-16,18,yellow,0,
18,Bronx,2024-10-16,18,green,0,
18,Bronx,2024-10-16,18,hvfhv,158,16.5
18,Bronx,2024-10-16,18,other_fhv,0,
18,Bronx,2024-10-16,19,yellow,0,
18,Bronx,2024-10-16,19,green,0,
18,Bronx,2024-10-16,19,hvfhv,129,17.52
18,Bronx,2024-10-16,19,other_fhv,1,
18,Bronx,2024-10-16,20,yellow,0,
18,Bronx,2024-10-16,20,green,0,
18,Bronx,2024-10-16,20,hvfhv,150,14.76
18,Bronx,2024-10-16,20,other_fhv,0,
18,Bronx,2024-10-16,21,yellow,0,
18,Bronx,2024-10-16,21,green,0,
18,Bronx,2024-10-16,21,hvfhv,110,17.24
18,Bronx,2024-10-16,21,other_fhv,0,
18,Bronx,2024-10-16,22,yellow,0,
18,Bronx,2024-10-16,22,green,0,
18,Bronx,2024-10-16,22,hvfhv,105,15.16
18,Bronx,2024-10-16,22,other_fhv,1,
18,Bronx,2024-10-16,23,yellow,0,
18,Bronx,2024-10-16,23,green,0,
18,Bronx,2024-10-16,23,hvfhv,94,15.71
18,Bronx,2024-10-16,23,other_fhv,0,
19,Queens,2024-10-16,0,yellow,0,
19,Queens,2024-10-16,0,green,0,
19,Queens,2024-10-16,0,hvfhv,10,21.5
19,Queens,2024-10-16,0,other_fhv,0,
19,Queens,2024-10-16,1,yellow,0,
19,Queens,2024-10-16,1,green,0,
19,Queens,2024-10-16,1,hvfhv,6,30.98
19,Queens,2024-10-16,1,other_fhv,0,
19,Queens,2024-10-16,2,yellow,0,
19,Queens,2024-10-16,2,green,0,
19,Queens,2024-10-16,2,hvfhv,1,10.22
19,Queens,2024-10-16,2,other_fhv,0,
19,Queens,2024-10-16,3,yellow,0,
19,Queens,2024-10-16,3,green,0,
19,Queens,2024-10-16,3,hvfhv,2,19.62
19,Queens,2024-10-16,3,other_fhv,0,
19,Queens,2024-10-16,4,yellow,0,
19,Queens,2024-10-16,4,green,0,
19,Queens,2024-10-16,4,hvfhv,12,23.97
19,Queens,2024-10-16,4,other_fhv,0,
19,Queens,2024-10-16,5,yellow,0,
19,Queens,2024-10-16,5,green,0,
19,Queens,2024-10-16,5,hvfhv,12,21.93
19,Queens,2024-10-16,5,other_fhv,0,
19,Queens,2024-10-16,6,yellow,0,
19,Queens,2024-10-16,6,green,0,
19,Queens,2024-10-16,6,hvfhv,22,23.64
19,Queens,2024-10-16,6,other_fhv,0,
19,Queens,2024-10-16,7,yellow,0,
19,Queens,2024-10-16,7,green,0,
19,Queens,2024-10-16,7,hvfhv,37,23.12
19,Queens,2024-10-16,7,other_fhv,0,
19,Queens,2024-10-16,8,yellow,0,
19,Queens,2024-10-16,8,green,0,
19,Queens,2024-10-16,8,hvfhv,45,27.86
19,Queens,2024-10-16,8,other_fhv,1,
19,Queens,2024-10-16,9,yellow,1,50.5
19,Queens,2024-10-16,9,green,0,
19,Queens,2024-10-16,9,hvfhv,40,19.29
19,Queens,2024-10-16,9,other_fhv,3,
19,Queens,2024-10-16,10,yellow,0,
19,Queens,2024-10-16,10,green,0,
19,Queens,2024-10-16,10,hvfhv,22,16.87
19,Queens,2024-10-16,10,other_fhv,3,
19,Queens,2024-10-16,11,yellow,0,
19,Queens,2024-10-16,11,green,0,
19,Queens,2024-10-16,11,hvfhv,27,20.8
19,Queens,2024-10-16,11,other_fhv,4,
19,Queens,2024-10-16,12,yellow,0,
19,Queens,2024-10-16,12,green,0,
19,Queens,2024-10-16,12,hvfhv,34,23.43
19,Queens,2024-10-16,12,other_fhv,1,
19,Queens,2024-10-16,13,yellow,2,0.0
19,Queens,2024-10-16,13,green,0,
19,Queens,2024-10-16,13,hvfhv,17,23.39
19,Queens,2024-10-16,13,other_fhv,1,
19,Queens,2024-10-16,14,yellow,0,
19,Queens,2024-10-16,14,green,0,
19,Queens,2024-10-16,14,hvfhv,31,18.94
19,Queens,2024-10-16,14,other_fhv,1,
19,Queens,2024-10-16,15,yellow,0,
19,Queens,2024-10-16,15,green,0,
19,Queens,2024-10-16,15,hvfhv,50,20.64
19,Queens,2024-10-16,15,other_fhv,1,
19,Queens,2024-10-16,16,yellow,0,
19,Queens,2024-10-16,16,green,0,
19,Queens,2024-10-16,16,hvfhv,37,26.04
19,Queens,2024-10-16,16,other_fhv,0,
19,Queens,2024-10-16,17,yellow,0,
19,Queens,2024-10-16,17,green,0,
19,Queens,2024-10-16,17,hvfhv,36,16.76
19,Queens,2024-10-16,17,other_fhv,0,
19,Queens,2024-10-16,18,yellow,0,
19,Queens,2024-10-16,18,green,0,
19,Queens,2024-10-16,18,hvfhv,32,23.96
19,Queens,2024-10-16,18,other_fhv,0,
19,Queens,2024-10-16,19,yellow,0,
19,Queens,2024-10-16,19,green,0,
19,Queens,2024-10-16,19,hvfhv,18,22.47
19,Queens,2024-10-16,19,other_fhv,0,
19,Queens,2024-10-16,20,yellow,0,
19,Queens,2024-10-16,20,green,0,
19,Queens,2024-10-16,20,hvfhv,20,18.44
19,Queens,2024-10-16,20,other_fhv,0,
19,Queens,2024-10-16,21,yellow,0,
19,Queens,2024-10-16,21,green,1,42.2
19,Queens,2024-10-16,21,hvfhv,16,17.05
19,Queens,2024-10-16,21,other_fhv,0,
19,Queens,2024-10-16,22,yellow,0,
19,Queens,2024-10-16,22,green,0,
19,Queens,2024-10-16,22,hvfhv,14,24.2
19,Queens,2024-10-16,22,other_fhv,0,
19,Queens,2024-10-16,23,yellow,0,
19,Queens,2024-10-16,23,green,1,5.8
19,Queens,2024-10-16,23,hvfhv,19,22.98
19,Queens,2024-10-16,23,other_fhv,0,
20,Bronx,2024-10-16,0,yellow,0,
20,Bronx,2024-10-16,0,green,0,
20,Bronx,2024-10-16,0,hvfhv,41,17.89
20,Bronx,2024-10-16,0,other_fhv,0,
20,Bronx,2024-10-16,1,yellow,0,
20,Bronx,2024-10-16,1,green,0,
20,Bronx,2024-10-16,1,hvfhv,27,16.13
20,Bronx,2024-10-16,1,other_fhv,0,
20,Bronx,2024-10-16,2,yellow,0,
20,Bronx,2024-10-16,2,green,0,
20,Bronx,2024-10-16,2,hvfhv,19,17.97
20,Bronx,2024-10-16,2,other_fhv,0,
20,Bronx,2024-10-16,3,yellow,0,
20,Bronx,2024-10-16,3,green,0,
20,Bronx,2024-10-16,3,hvfhv,13,22.63
20,Bronx,2024-10-16,3,other_fhv,0,
20,Bronx,2024-10-16,4,yellow,0,
20,Bronx,2024-10-16,4,green,0,
20,Bronx,2024-10-16,4,hvfhv,14,15.81
20,Bronx,2024-10-16,4,other_fhv,0,
20,Bronx,2024-10-16,5,yellow,1,35.5
20,Bronx,2024-10-16,5,green,0,
20,Bronx,2024-10-16,5,hvfhv,31,17.59
20,Bronx,2024-10-16,5,other_fhv,0,
20,Bronx,2024-10-16,6,yellow,0,
20,Bronx,2024-10-16,6,green,0,
20,Bronx,2024-10-16,6,hvfhv,64,17.38
20,Bronx,2024-10-16,6,other_fhv,0,
20,Bronx,2024-10-16,7,yellow,1,46.5
20,Bronx,2024-10-16,7,green,0,
20,Bronx,2024-10-16,7,hvfhv,112,19.2
20,Bronx,2024-10-16,7,other_fhv,0,
20,Bronx,2024-10-16,8,yellow,0,
20,Bronx,2024-10-16,8,green,0,
20,Bronx,2024-10-16,8,hvfhv,142,18.74
20,Bronx,2024-10-16,8,other_fhv,2,
20,Bronx,2024-10-16,9,yellow,0,
20,Bronx,2024-10-16,9,green,0,
20,Bronx,2024-10-16,9,hvfhv,107,18.04
20,Bronx,2024-10-16,9,other_fhv,0,
20,Bronx,2024-10-16,10,yellow,1,3.0
20,Bronx,2024-10-16,10,green,0,
20,Bronx,2024-10-16,10,hvfhv,89,22.82
20,Bronx,2024-10-16,10,other_fhv,0,
20,Bronx,2024-10-16,11,yellow,0,
20,Bronx,2024-10-16,11,green,0,
20,Bronx,2024-10-16,11,hvfhv,71,21.23
20,Bronx,2024-10-16,11,other_fhv,2,
20,Bronx,2024-10-16,12,yellow,0,
20,Bronx,2024-10-16,12,green,0,
20,Bronx,2024-10-16,12,hvfhv,92,21.74
20,Bronx,2024-10-16,12,other_fhv,0,
20,Bronx,2024-10-16,13,yellow,0,
20,Bronx,2024-10-16,13,green,0,
20,Bronx,2024-10-16,13,hvfhv,78,24.14
20,Bronx,2024-10-16,13,other_fhv,1,
20,Bronx,2024-10-16,14,yellow,0,
20,Bronx,2024-10-16,14,green,0,
20,Bronx,2024-10-16,14,hvfhv,87,22.01
20,Bronx,2024-10-16,14,other_fhv,0,
20,Bronx,2024-10-16,15,yellow,0,
20,Bronx,2024-10-16,15,green,0,
20,Bronx,2024-10-16,15,hvfhv,112,24.4
20,Bronx,2024-10-16,15,other_fhv,0,
20,Bronx,2024-10-16,16,yellow,2,24.34
20,Bronx,2024-10-16,16,green,0,
20,Bronx,2024-10-16,16,hvfhv,94,20.71
20,Bronx,2024-10-16,16,other_fhv,0,
20,Bronx,2024-10-16,17,yellow,1,7.2
20,Bronx,2024-10-16,17,green,0,
20,Bronx,2024-10-16,17,hvfhv,109,20.61
20,Bronx,2024-10-16,17,other_fhv,0,
20,Bronx,2024-10-16,18,yellow,0,
20,Bronx,2024-10-16,18,green,0,
20,Bronx,2024-10-16,18,hvfhv,93,20.61
20,Bronx,2024-10-16,18,other_fhv,0,
20,Bronx,2024-10-16,19,yellow,0,
20,Bronx,2024-10-16,19,green,0,
20,Bronx,2024-10-16,19,hvfhv,118,20.85
20,Bronx,2024-10-16,19,other_fhv,0,
20,Bronx,2024-10-16,20,yellow,0,
20,Bronx,2024-10-16,20,green,0,
20,Bronx,2024-10-16,20,hvfhv,91,21.89
20,Bronx,2024-10-16,20,other_fhv,0,
20,Bronx,2024-10-16,21,yellow,0,
20,Bronx,2024-10-16,21,green,0,
20,Bronx,2024-10-16,21,hvfhv,92,18.35
20,Bronx,2024-10-16,21,other_fhv,0,
20,Bronx,2024-10-16,22,yellow,0,
20,Bronx,2024-10-16,22,green,0,
20,Bronx,2024-10-16,22,hvfhv,78,16.84
20,Bronx,2024-10-16,22,other_fhv,0,
20,Bronx,2024-10-16,23,yellow,0,
20,Bronx,2024-10-16,23,green,0,
20,Bronx,2024-10-16,23,hvfhv,54,16.35
20,Bronx,2024-10-16,23,other_fhv,0,
21,Brooklyn,2024-10-16,0,yellow,0,
21,Brooklyn,2024-10-16,0,green,0,
21,Brooklyn,2024-10-16,0,hvfhv,14,14.9
21,Brooklyn,2024-10-16,0,other_fhv,1,
21,Brooklyn,2024-10-16,1,yellow,0,
21,Brooklyn,2024-10-16,1,green,0,
21,Brooklyn,2024-10-16,1,hvfhv,21,14.66
21,Brooklyn,2024-10-16,1,other_fhv,0,
21,Brooklyn,2024-10-16,2,yellow,0,
21,Brooklyn,2024-10-16,2,green,0,
21,Brooklyn,2024-10-16,2,hvfhv,15,19.5
21,Brooklyn,2024-10-16,2,other_fhv,0,
21,Brooklyn,2024-10-16,3,yellow,0,
21,Brooklyn,2024-10-16,3,green,0,
21,Brooklyn,2024-10-16,3,hvfhv,15,24.88
21,Brooklyn,2024-10-16,3,other_fhv,0,
21,Brooklyn,2024-10-16,4,yellow,0,
21,Brooklyn,2024-10-16,4,green,0,
21,Brooklyn,2024-10-16,4,hvfhv,20,21.98
21,Brooklyn,2024-10-16,4,other_fhv,2,
21,Brooklyn,2024-10-16,5,yellow,0,
21,Brooklyn,2024-10-16,5,green,0,
21,Brooklyn,2024-10-16,5,hvfhv,30,26.39
21,Brooklyn,2024-10-16,5,other_fhv,0,
21,Brooklyn,2024-10-16,6,yellow,1,44.5
21,Brooklyn,2024-10-16,6,green,1,16.3
21,Brooklyn,2024-10-16,6,hvfhv,60,21.52
21,Brooklyn,2024-10-16,6,other_fhv,1,
21,Brooklyn,2024-10-16,7,yellow,1,15.34
21,Brooklyn,2024-10-16,7,green,0,
21,Brooklyn,2024-10-16,7,hvfhv,150,19.92
21,Brooklyn,2024-10-16,7,other_fhv,5,
21,Brooklyn,2024-10-16,8,yellow,2,34.5
21,Brooklyn,2024-10-16,8,green,1,16.5
21,Brooklyn,2024-10-16,8,hvfhv,127,20.11
21,Brooklyn,2024-10-16,8,other_fhv,5,
21,Brooklyn,2024-10-16,9,yellow,0,
21,Brooklyn,2024-10-16,9,green,0,
21,Brooklyn,2024-10-16,9,hvfhv,103,18.22
21,Brooklyn,2024-10-16,9,other_fhv,6,
21,Brooklyn,2024-10-16,10,yellow,0,
21,Brooklyn,2024-10-16,10,green,0,
21,Brooklyn,2024-10-16,10,hvfhv,86,19.48
21,Brooklyn,2024-10-16,10,other_fhv,5,
21,Brooklyn,2024-10-16,11,yellow,0,
21,Brooklyn,2024-10-16,11,green,0,
21,Brooklyn,2024-10-16,11,hvfhv,60,18.71
21,Brooklyn,2024-10-16,11,other_fhv,5,
21,Brooklyn,2024-10-16,12,yellow,1,40.5
21,Brooklyn,2024-10-16,12,green,1,15.5
21,Brooklyn,2024-10-16,12,hvfhv,58,19.56
21,Brooklyn,2024-10-16,12,other_fhv,10,
21,Brooklyn,2024-10-16,13,yellow,0,
21,Brooklyn,2024-10-16,13,green,0,
21,Brooklyn,2024-10-16,13,hvfhv,61,23.28
21,Brooklyn,2024-10-16,13,other_fhv,8,
21,Brooklyn,2024-10-16,14,yellow,0,
21,Brooklyn,2024-10-16,14,green,0,
21,Brooklyn,2024-10-16,14,hvfhv,96,19.99
21,Brooklyn,2024-10-16,14,other_fhv,3,
21,Brooklyn,2024-10-16,15,yellow,1,16.5
21,Brooklyn,2024-10-16,15,green,0,
21,Brooklyn,2024-10-16,15,hvfhv,80,19.28
21,Brooklyn,2024-10-16,15,other_fhv,7,
21,Brooklyn,2024-10-16,16,yellow,0,
21,Brooklyn,2024-10-16,16,green,0,
21,Brooklyn,2024-10-16,16,hvfhv,85,21.21
21,Brooklyn,2024-10-16,16,other_fhv,2,
21,Brooklyn,2024-10-16,17,yellow,0,
21,Brooklyn,2024-10-16,17,green,0,
21,Brooklyn,2024-10-16,17,hvfhv,102,16.91
21,Brooklyn,2024-10-16,17,other_fhv,1,
21,Brooklyn,2024-10-16,18,yellow,0,
21,Brooklyn,2024-10-16,18,green,0,
21,Brooklyn,2024-10-16,18,hvfhv,75,16.66
21,Brooklyn,2024-10-16,18,other_fhv,3,
21,Brooklyn,2024-10-16,19,yellow,0,
21,Brooklyn,2024-10-16,19,green,0,
21,Brooklyn,2024-10-16,19,hvfhv,73,17.2
21,Brooklyn,2024-10-16,19,other_fhv,2,
21,Brooklyn,2024-10-16,20,yellow,0,
21,Brooklyn,2024-10-16,20,green,0,
21,Brooklyn,2024-10-16,20,hvfhv,63,15.06
21,Brooklyn,2024-10-16,20,other_fhv,0,
21,Brooklyn,2024-10-16,21,yellow,0,
21,Brooklyn,2024-10-16,21,green,0,
21,Brooklyn,2024-10-16,21,hvfhv,58,17.53
21,Brooklyn,2024-10-16,21,other_fhv,0,
21,Brooklyn,2024-10-16,22,yellow,0,
21,Brooklyn,2024-10-16,22,green,0,
21,Brooklyn,2024-10-16,22,hvfhv,53,19.05
21,Brooklyn,2024-10-16,22,other_fhv,0,
21,Brooklyn,2024-10-16,23,yellow,0,
21,Brooklyn,2024-10-16,23,green,0,
21,Brooklyn,2024-10-16,23,hvfhv,37,17.31
21,Brooklyn,2024-10-16,23,other_fhv,0,
22,Brooklyn,2024-10-16,0,yellow,2,24.6
22,Brooklyn,2024-10-16,0,green,0,
22,Brooklyn,2024-10-16,0,hvfhv,34,15.3
22,Brooklyn,2024-10-16,0,other_fhv,0,
22,Brooklyn,2024-10-16,1,yellow,0,
22,Brooklyn,2024-10-16,1,green,0,
22,Brooklyn,2024-10-16,1,hvfhv,12,15.84
22,Brooklyn,2024-10-16,1,other_fhv,0,
22,Brooklyn,2024-10-16,2,yellow,0,
22,Brooklyn,2024-10-16,2,green,0,
22,Brooklyn,2024-10-16,2,hvfhv,14,18.95
22,Brooklyn,2024-10-16,2,other_fhv,0,
22,Brooklyn,2024-10-16,3,yellow,0,
22,Brooklyn,2024-10-16,3,green,0,
22,Brooklyn,2024-10-16,3,hvfhv,9,30.0
22,Brooklyn,2024-10-16,3,other_fhv,0,
22,Brooklyn,2024-10-16,4,yellow,0,
22,Brooklyn,2024-10-16,4,green,0,
22,Brooklyn,2024-10-16,4,hvfhv,19,26.99
22,Brooklyn,2024-10-16,4,other_fhv,2,
22,Brooklyn,2024-10-16,5,yellow,0,
22,Brooklyn,2024-10-16,5,green,0,
22,Brooklyn,2024-10-16,5,hvfhv,42,30.0
22,Brooklyn,2024-10-16,5,other_fhv,2,
22,Brooklyn,2024-10-16,6,yellow,1,51.5
22,Brooklyn,2024-10-16,6,green,0,
22,Brooklyn,2024-10-16,6,hvfhv,85,30.57
22,Brooklyn,2024-10-16,6,other_fhv,0,
22,Brooklyn,2024-10-16,7,yellow,0,
22,Brooklyn,2024-10-16,7,green,0,
22,Brooklyn,2024-10-16,7,hvfhv,182,20.84
22,Brooklyn,2024-10-16,7,other_fhv,1,
22,Brooklyn,2024-10-16,8,yellow,2,30.5
22,Brooklyn,2024-10-16,8,green,0,
22,Brooklyn,2024-10-16,8,hvfhv,178,19.15
22,Brooklyn,2024-10-16,8,other_fhv,3,
22,Brooklyn,2024-10-16,9,yellow,0,
22,Brooklyn,2024-10-16,9,green,0,
22,Brooklyn,2024-10-16,9,hvfhv,159,17.79
22,Brooklyn,2024-10-16,9,other_fhv,5,
22,Brooklyn,2024-10-16,10,yellow,1,19.5
22,Brooklyn,2024-10-16,10,green,0,
22,Brooklyn,2024-10-16,10,hvfhv,97,18.94
22,Brooklyn,2024-10-16,10,other_fhv,7,
22,Brooklyn,2024-10-16,11,yellow,1,24.58
22,Brooklyn,2024-10-16,11,green,0,
22,Brooklyn,2024-10-16,11,hvfhv,95,23.08
22,Brooklyn,2024-10-16,11,other_fhv,8,
22,Brooklyn,2024-10-16,12,yellow,0,
22,Brooklyn,2024-10-16,12,green,0,
22,Brooklyn,2024-10-16,12,hvfhv,91,24.11
22,Brooklyn,2024-10-16,12,other_fhv,2,
22,Brooklyn,2024-10-16,13,yellow,0,
22,Brooklyn,2024-10-16,13,green,0,
22,Brooklyn,2024-10-16,13,hvfhv,111,20.29
22,Brooklyn,2024-10-16,13,other_fhv,3,
22,Brooklyn,2024-10-16,14,yellow,1,17.44
22,Brooklyn,2024-10-16,14,green,0,
22,Brooklyn,2024-10-16,14,hvfhv,118,23.03
22,Brooklyn,2024-10-16,14,other_fhv,1,
22,Brooklyn,2024-10-16,15,yellow,0,
22,Brooklyn,2024-10-16,15,green,0,
22,Brooklyn,2024-10-16,15,hvfhv,99,19.52
22,Brooklyn,2024-10-16,15,other_fhv,1,
22,Brooklyn,2024-10-16,16,yellow,2,43.14
22,Brooklyn,2024-10-16,16,green,0,
22,Brooklyn,2024-10-16,16,hvfhv,92,19.55
22,Brooklyn,2024-10-16,16,other_fhv,4,
22,Brooklyn,2024-10-16,17,yellow,0,
22,Brooklyn,2024-10-16,17,green,0,
22,Brooklyn,2024-10-16,17,hvfhv,112,19.62
22,Brooklyn,2024-10-16,17,other_fhv,0,
22,Brooklyn,2024-10-16,18,yellow,0,
22,Brooklyn,2024-10-16,18,green,0,
22,Brooklyn,2024-10-16,18,hvfhv,100,19.12
22,Brooklyn,2024-10-16,18,other_fhv,2,
22,Brooklyn,2024-10-16,19,yellow,0,
22,Brooklyn,2024-10-16,19,green,0,
22,Brooklyn,2024-10-16,19,hvfhv,97,19.9
22,Brooklyn,2024-10-16,19,other_fhv,1,
22,Brooklyn,2024-10-16,20,yellow,0,
22,Brooklyn,2024-10-16,20,green,0,
22,Brooklyn,2024-10-16,20,hvfhv,96,20.47
22,Brooklyn,2024-10-16,20,other_fhv,0,
22,Brooklyn,2024-10-16,21,yellow,0,
22,Brooklyn,2024-10-16,21,green,0,
22,Brooklyn,2024-10-16,21,hvfhv,96,19.39
22,Brooklyn,2024-10-16,21,other_fhv,1,
22,Brooklyn,2024-10-16,22,yellow,1,22.34
22,Brooklyn,2024-10-16,22,green,0,
22,Brooklyn,2024-10-16,22,hvfhv,69,16.17
22,Brooklyn,2024-10-16,22,other_fhv,0,
22,Brooklyn,2024-10-16,23,yellow,0,
22,Brooklyn,2024-10-16,23,green,0,
22,Brooklyn,2024-10-16,23,hvfhv,43,14.09
22,Brooklyn,2024-10-16,23,other_fhv,0,
23,Staten Island,2024-10-16,0,yellow,0,
23,Staten Island,2024-10-16,0,green,0,
23,Staten Island,2024-10-16,0,hvfhv,17,11.97
23,Staten Island,2024-10-16,0,other_fhv,0,
23,Staten Island,2024-10-16,1,yellow,0,
23,Staten Island,2024-10-16,1,green,0,
23,Staten Island,2024-10-16,1,hvfhv,8,30.64
23,Staten Island,2024-10-16,1,other_fhv,0,
23,Staten Island,2024-10-16,2,yellow,0,
23,Staten Island,2024-10-16,2,green,0,
23,Staten Island,2024-10-16,2,hvfhv,4,20.04
23,Staten Island,2024-10-16,2,other_fhv,0,
23,Staten Island,2024-10-16,3,yellow,0,
23,Staten Island,2024-10-16,3,green,0,
23,Staten Island,2024-10-16,3,hvfhv,10,39.82
23,Staten Island,2024-10-16,3,other_fhv,0,
23,Staten Island,2024-10-16,4,yellow,0,
23,Staten Island,2024-10-16,4,green,0,
23,Staten Island,2024-10-16,4,hvfhv,21,26.63
23,Staten Island,2024-10-16,4,other_fhv,0,
23,Staten Island,2024-10-16,5,yellow,0,
23,Staten Island,2024-10-16,5,green,0,
23,Staten Island,2024-10-16,5,hvfhv,23,23.7
23,Staten Island,2024-10-16,5,other_fhv,1,
23,Staten Island,2024-10-16,6,yellow,0,
23,Staten Island,2024-10-16,6,green,0,
23,Staten Island,2024-10-16,6,hvfhv,25,23.52
23,Staten Island,2024-10-16,6,other_fhv,3,
23,Staten Island,2024-10-16,7,yellow,0,
23,Staten Island,2024-10-16,7,green,0,
23,Staten Island,2024-10-16,7,hvfhv,57,28.26
23,Staten Island,2024-10-16,7,other_fhv,3,
23,Staten Island,2024-10-16,8,yellow,0,
23,Staten Island,2024-10-16,8,green,0,
23,Staten Island,2024-10-16,8,hvfhv,62,19.08
23,Staten Island,2024-10-16,8,other_fhv,3,
23,Staten Island,2024-10-16,9,yellow,0,
23,Staten Island,2024-10-16,9,green,0,
23,Staten Island,2024-10-16,9,hvfhv,57,22.23
23,Staten Island,2024-10-16,9,other_fhv,4,
23,Staten Island,2024-10-16,10,yellow,0,
23,Staten Island,2024-10-16,10,green,0,
23,Staten Island,2024-10-16,10,hvfhv,62,24.76
23,Staten Island,2024-10-16,10,other_fhv,4,
23,Staten Island,2024-10-16,11,yellow,0,
23,Staten Island,2024-10-16,11,green,0,
23,Staten Island,2024-10-16,11,hvfhv,53,23.7
23,Staten Island,2024-10-16,11,other_fhv,9,
23,Staten Island,2024-10-16,12,yellow,0,
23,Staten Island,2024-10-16,12,green,0,
23,Staten Island,2024-10-16,12,hvfhv,58,23.55
23,Staten Island,2024-10-16,12,other_fhv,6,
23,Staten Island,2024-10-16,13,yellow,0,
23,Staten Island,2024-10-16,13,green,0,
23,Staten Island,2024-10-16,13,hvfhv,57,23.5
23,Staten Island,2024-10-16,13,other_fhv,8,
23,Staten Island,2024-10-16,14,yellow,0,
23,Staten Island,2024-10-16,14,green,0,
23,Staten Island,2024-10-16,14,hvfhv,85,20.72
23,Staten Island,2024-10-16,14,other_fhv,8,
23,Staten Island,2024-10-16,15,yellow,0,
23,Staten Island,2024-10-16,15,green,0,
23,Staten Island,2024-10-16,15,hvfhv,72,21.57
23,Staten Island,2024-10-16,15,other_fhv,3,
23,Staten Island,2024-10-16,16,yellow,0,
23,Staten Island,2024-10-16,16,green,0,
23,Staten Island,2024-10-16,16,hvfhv,105,23.06
23,Staten Island,2024-10-16,16,other_fhv,2,
23,Staten Island,2024-10-16,17,yellow,0,
23,Staten Island,2024-10-16,17,green,0,
23,Staten Island,2024-10-16,17,hvfhv,98,23.75
23,Staten Island,2024-10-16,17,other_fhv,4,
23,Staten Island,2024-10-16,18,yellow,0,
23,Staten Island,2024-10-16,18,green,0,
23,Staten Island,2024-10-16,18,hvfhv,99,22.32
23,Staten Island,2024-10-16,18,other_fhv,3,
23,Staten Island,2024-10-16,19,yellow,1,19.1
23,Staten Island,2024-10-16,19,green,0,
23,Staten Island,2024-10-16,19,hvfhv,40,18.8
23,Staten Island,2024-10-16,19,other_fhv,1,
23,Staten Island,2024-10-16,20,yellow,0,
23,Staten Island,2024-10-16,20,green,0,
23,Staten Island,2024-10-16,20,hvfhv,50,18.61
23,Staten Island,2024-10-16,20,other_fhv,1,
23,Staten Island,2024-10-16,21,yellow,0,
23,Staten Island,2024-10-16,21,green,0,
23,Staten Island,2024-10-16,21,hvfhv,37,21.83
23,Staten Island,2024-10-16,21,other_fhv,0,
23,Staten Island,2024-10-16,22,yellow,0,
23,Staten Island,2024-10-16,22,green,0,
23,Staten Island,2024-10-16,22,hvfhv,24,22.44
23,Staten Island,2024-10-16,22,other_fhv,0,
23,Staten Island,2024-10-16,23,yellow,0,
23,Staten Island,2024-10-16,23,green,0,
23,Staten Island,2024-10-16,23,hvfhv,24,15.05
23,Staten Island,2024-10-16,23,other_fhv,2,
24,Manhattan,2024-10-16,0,yellow,1,9.01
24,Manhattan,2024-10-16,0,green,0,
24,Manhattan,2024-10-16,0,hvfhv,13,16.65
24,Manhattan,2024-10-16,0,other_fhv,0,
24,Manhattan,2024-10-16,1,yellow,0,
24,Manhattan,2024-10-16,1,green,0,
24,Manhattan,2024-10-16,1,hvfhv,13,15.81
24,Manhattan,2024-10-16,1,other_fhv,0,
24,Manhattan,2024-10-16,2,yellow,0,
24,Manhattan,2024-10-16,2,green,0,
24,Manhattan,2024-10-16,2,hvfhv,10,19.78
24,Manhattan,2024-10-16,2,other_fhv,0,
24,Manhattan,2024-10-16,3,yellow,0,
24,Manhattan,2024-10-16,3,green,0,
24,Manhattan,2024-10-16,3,hvfhv,5,38.77
24,Manhattan,2024-10-16,3,other_fhv,0,
24,Manhattan,2024-10-16,4,yellow,1,64.2
24,Manhattan,2024-10-16,4,green,0,
24,Manhattan,2024-10-16,4,hvfhv,8,31.86
24,Manhattan,2024-10-16,4,other_fhv,0,
24,Manhattan,2024-10-16,5,yellow,3,12.1
24,Manhattan,2024-10-16,5,green,0,
24,Manhattan,2024-10-16,5,hvfhv,15,50.89
24,Manhattan,2024-10-16,5,other_fhv,0,
24,Manhattan,2024-10-16,6,yellow,5,21.61
24,Manhattan,2024-10-16,6,green,0,
24,Manhattan,2024-10-16,6,hvfhv,25,29.52
24,Manhattan,2024-10-16,6,other_fhv,1,
24,Manhattan,2024-10-16,7,yellow,34,19.74
24,Manhattan,2024-10-16,7,green,0,
24,Manhattan,2024-10-16,7,hvfhv,49,30.58
24,Manhattan,2024-10-16,7,other_fhv,0,
24,Manhattan,2024-10-16,8,yellow,31,17.52
24,Manhattan,2024-10-16,8,green,3,30.93
24,Manhattan,2024-10-16,8,hvfhv,66,28.6
24,Manhattan,2024-10-16,8,other_fhv,0,
24,Manhattan,2024-10-16,9,yellow,24,15.43
24,Manhattan,2024-10-16,9,green,1,7.9
24,Manhattan,2024-10-16,9,hvfhv,61,21.49
24,Manhattan,2024-10-16,9,other_fhv,0,
24,Manhattan,2024-10-16,10,yellow,14,13.45
24,Manhattan,2024-10-16,10,green,1,20.5
24,Manhattan,2024-10-16,10,hvfhv,51,22.1
24,Manhattan,2024-10-16,10,other_fhv,2,
24,Manhattan,2024-10-16,11,yellow,14,21.0
24,Manhattan,2024-10-16,11,green,3,19.8
24,Manhattan,2024-10-16,11,hvfhv,32,19.88
24,Manhattan,2024-10-16,11,other_fhv,1,
24,Manhattan,2024-10-16,12,yellow,28,14.13
24,Manhattan,2024-10-16,12,green,0,
24,Manhattan,2024-10-16,12,hvfhv,47,22.72
24,Manhattan,2024-10-16,12,other_fhv,0,
24,Manhattan,2024-10-16,13,yellow,18,22.92
24,Manhattan,2024-10-16,13,green,0,
24,Manhattan,2024-10-16,13,hvfhv,36,24.38
24,Manhattan,2024-10-16,13,other_fhv,1,
24,Manhattan,2024-10-16,14,yellow,12,10.34
24,Manhattan,2024-10-16,14,green,0,
24,Manhattan,2024-10-16,14,hvfhv,36,23.35
24,Manhattan,2024-10-16,14,other_fhv,0,
24,Manhattan,2024-10-16,15,yellow,21,18.24
24,Manhattan,2024-10-16,15,green,0,
24,Manhattan,2024-10-16,15,hvfhv,32,32.67
24,Manhattan,2024-10-16,15,other_fhv,0,
24,Manhattan,2024-10-16,16,yellow,14,9.12
24,Manhattan,2024-10-16,16,green,0,
24,Manhattan,2024-10-16,16,hvfhv,43,23.25
24,Manhattan,2024-10-16,16,other_fhv,0,
24,Manhattan,2024-10-16,17,yellow,23,14.07
24,Manhattan,2024-10-16,17,green,1,9.3
24,Manhattan,2024-10-16,17,hvfhv,45,24.92
24,Manhattan,2024-10-16,17,other_fhv,1,
24,Manhattan,2024-10-16,18,yellow,19,16.17
24,Manhattan,2024-10-16,18,green,1,6.5
24,Manhattan,2024-10-16,18,hvfhv,41,23.42
24,Manhattan,2024-10-16,18,other_fhv,1,
24,Manhattan,2024-10-16,19,yellow,15,13.94
24,Manhattan,2024-10-16,19,green,3,8.83
24,Manhattan,2024-10-16,19,hvfhv,51,23.02
24,Manhattan,2024-10-16,19,other_fhv,0,
24,Manhattan,2024-10-16,20,yellow,17,17.57
24,Manhattan,2024-10-16,20,green,1,24.0
24,Manhattan,2024-10-16,20,hvfhv,40,26.66
24,Manhattan,2024-10-16,20,other_fhv,1,
24,Manhattan,2024-10-16,21,yellow,12,12.8
24,Manhattan,2024-10-16,21,green,0,
24,Manhattan,2024-10-16,21,hvfhv,54,21.82
24,Manhattan,2024-10-16,21,other_fhv,0,
24,Manhattan,2024-10-16,22,yellow,10,8.3
24,Manhattan,2024-10-16,22,green,0,
24,Manhattan,2024-10-16,22,hvfhv,45,20.86
24,Manhattan,2024-10-16,22,other_fhv,1,
24,Manhattan,2024-10-16,23,yellow,11,12.97
24,Manhattan,2024-10-16,23,green,0,
24,Manhattan,2024-10-16,23,hvfhv,26,19.14
24,Manhattan,2024-10-16,23,other_fhv,2,
25,Brooklyn,2024-10-16,0,yellow,2,8.25
25,Brooklyn,2024-10-16,0,green,0,
25,Brooklyn,2024-10-16,0,hvfhv,95,23.64
25,Brooklyn,2024-10-16,0,other_fhv,0,
25,Brooklyn,2024-10-16,1,yellow,0,
25,Brooklyn,2024-10-16,1,green,2,17.35
25,Brooklyn,2024-10-16,1,hvfhv,52,18.46
25,Brooklyn,2024-10-16,1,other_fhv,1,
25,Brooklyn,2024-10-16,2,yellow,0,
25,Brooklyn,2024-10-16,2,green,0,
25,Brooklyn,2024-10-16,2,hvfhv,21,21.48
25,Brooklyn,2024-10-16,2,other_fhv,0,
25,Brooklyn,2024-10-16,3,yellow,1,18.4
25,Brooklyn,2024-10-16,3,green,0,
25,Brooklyn,2024-10-16,3,hvfhv,17,30.88
25,Brooklyn,2024-10-16,3,other_fhv,0,
25,Brooklyn,2024-10-16,4,yellow,0,
25,Brooklyn,2024-10-16,4,green,0,
25,Brooklyn,2024-10-16,4,hvfhv,35,39.67
25,Brooklyn,2024-10-16,4,other_fhv,0,
25,Brooklyn,2024-10-16,5,yellow,1,33.1
25,Brooklyn,2024-10-16,5,green,0,
25,Brooklyn,2024-10-16,5,hvfhv,69,49.36
25,Brooklyn,2024-10-16,5,other_fhv,0,
25,Brooklyn,2024-10-16,6,yellow,6,17.04
25,Brooklyn,2024-10-16,6,green,0,
25,Brooklyn,2024-10-16,6,hvfhv,85,44.25
25,Brooklyn,2024-10-16,6,other_fhv,2,
25,Brooklyn,2024-10-16,7,yellow,1,22.65
25,Brooklyn,2024-10-16,7,green,0,
25,Brooklyn,2024-10-16,7,hvfhv,132,46.89
25,Brooklyn,2024-10-16,7,other_fhv,3,
25,Brooklyn,2024-10-16,8,yellow,12,22.46
25,Brooklyn,2024-10-16,8,green,0,
25,Brooklyn,2024-10-16,8,hvfhv,155,46.51
25,Brooklyn,2024-10-16,8,other_fhv,0,
25,Brooklyn,2024-10-16,9,yellow,11,27.07
25,Brooklyn,2024-10-16,9,green,0,
25,Brooklyn,2024-10-16,9,hvfhv,195,32.91
25,Brooklyn,2024-10-16,9,other_fhv,4,
25,Brooklyn,2024-10-16,10,yellow,6,18.93
25,Brooklyn,2024-10-16,10,green,0,
25,Brooklyn,2024-10-16,10,hvfhv,166,30.88
25,Brooklyn,2024-10-16,10,other_fhv,1,
25,Brooklyn,2024-10-16,11,yellow,6,26.22
25,Brooklyn,2024-10-16,11,green,2,24.7
25,Brooklyn,2024-10-16,11,hvfhv,178,31.05
25,Brooklyn,2024-10-16,11,other_fhv,5,
25,Brooklyn,2024-10-16,12,yellow,3,19.85
25,Brooklyn,2024-10-16,12,green,0,
25,Brooklyn,2024-10-16,12,hvfhv,134,28.72
25,Brooklyn,2024-10-16,12,other_fhv,2,
25,Brooklyn,2024-10-16,13,yellow,3,7.17
25,Brooklyn,2024-10-16,13,green,0,
25,Brooklyn,2024-10-16,13,hvfhv,139,31.94
25,Brooklyn,2024-10-16,13,other_fhv,4,
25,Brooklyn,2024-10-16,14,yellow,4,27.28
25,Brooklyn,2024-10-16,14,green,0,
25,Brooklyn,2024-10-16,14,hvfhv,130,32.84
25,Brooklyn,2024-10-16,14,other_fhv,1,
25,Brooklyn,2024-10-16,15,yellow,4,11.11
25,Brooklyn,2024-10-16,15,green,1,56.2
25,Brooklyn,2024-10-16,15,hvfhv,146,28.69
25,Brooklyn,2024-10-16,15,other_fhv,1,
25,Brooklyn,2024-10-16,16,yellow,1,14.9
25,Brooklyn,2024-10-16,16,green,1,12.8
25,Brooklyn,2024-10-16,16,hvfhv,126,30.16
25,Brooklyn,2024-10-16,16,other_fhv,3,
25,Brooklyn,2024-10-16,17,yellow,1,11.54
25,Brooklyn,2024-10-16,17,green,0,
25,Brooklyn,2024-10-16,17,hvfhv,218,26.4
25,Brooklyn,2024-10-16,17,other_fhv,2,
25,Brooklyn,2024-10-16,18,yellow,3,21.46
25,Brooklyn,2024-10-16,18,green,0,
25,Brooklyn,2024-10-16,18,hvfhv,176,25.5
25,Brooklyn,2024-10-16,18,other_fhv,3,
25,Brooklyn,2024-10-16,19,yellow,4,14.03
25,Brooklyn,2024-10-16,19,green,0,
25,Brooklyn,2024-10-16,19,hvfhv,230,24.24
25,Brooklyn,2024-10-16,19,other_fhv,3,
25,Brooklyn,2024-10-16,20,yellow,2,17.35
25,Brooklyn,2024-10-16,20,green,0,
25,Brooklyn,2024-10-16,20,hvfhv,200,21.87
25,Brooklyn,2024-10-16,20,other_fhv,3,
25,Brooklyn,2024-10-16,21,yellow,2,41.1
25,Brooklyn,2024-10-16,21,green,0,
25,Brooklyn,2024-10-16,21,hvfhv,217,22.7
25,Brooklyn,2024-10-16,21,other_fhv,0,
25,Brooklyn,2024-10-16,22,yellow,0,
25,Brooklyn,2024-10-16,22,green,1,11.4
25,Brooklyn,2024-10-16,22,hvfhv,267,21.46
25,Brooklyn,2024-10-16,22,other_fhv,2,
25,Brooklyn,2024-10-16,23,yellow,1,24.7
25,Brooklyn,2024-10-16,23,green,1,7.2
25,Brooklyn,2024-10-16,23,hvfhv,301,21.05
25,Brooklyn,2024-10-16,23,other_fhv,2,
26,Brooklyn,2024-10-16,0,yellow,0,
26,Brooklyn,2024-10-16,0,green,0,
26,Brooklyn,2024-10-16,0,hvfhv,77,17.25
26,Brooklyn,2024-10-16,0,other_fhv,1,
26,Brooklyn,2024-10-16,1,yellow,0,
26,Brooklyn,2024-10-16,1,green,0,
26,Brooklyn,2024-10-16,1,hvfhv,28,20.08
26,Brooklyn,2024-10-16,1,other_fhv,0,
26,Brooklyn,2024-10-16,2,yellow,0,
26,Brooklyn,2024-10-16,2,green,0,
26,Brooklyn,2024-10-16,2,hvfhv,34,17.55
26,Brooklyn,2024-10-16,2,other_fhv,0,
26,Brooklyn,2024-10-16,3,yellow,0,
26,Brooklyn,2024-10-16,3,green,0,
26,Brooklyn,2024-10-16,3,hvfhv,20,32.83
26,Brooklyn,2024-10-16,3,other_fhv,1,
26,Brooklyn,2024-10-16,4,yellow,0,
26,Brooklyn,2024-10-16,4,green,0,
26,Brooklyn,2024-10-16,4,hvfhv,12,25.4
26,Brooklyn,2024-10-16,4,other_fhv,0,
26,Brooklyn,2024-10-16,5,yellow,0,
26,Brooklyn,2024-10-16,5,green,0,
26,Brooklyn,2024-10-16,5,hvfhv,21,32.57
26,Brooklyn,2024-10-16,5,other_fhv,1,
26,Brooklyn,2024-10-16,6,yellow,0,
26,Brooklyn,2024-10-16,6,green,0,
26,Brooklyn,2024-10-16,6,hvfhv,47,26.33
26,Brooklyn,2024-10-16,6,other_fhv,3,
26,Brooklyn,2024-10-16,7,yellow,1,23.5
26,Brooklyn,2024-10-16,7,green,0,
26,Brooklyn,2024-10-16,7,hvfhv,94,20.53
26,Brooklyn,2024-10-16,7,other_fhv,1,
26,Brooklyn,2024-10-16,8,yellow,0,
26,Brooklyn,2024-10-16,8,green,0,
26,Brooklyn,2024-10-16,8,hvfhv,133,21.12
26,Brooklyn,2024-10-16,8,other_fhv,3,
26,Brooklyn,2024-10-16,9,yellow,1,47.5
26,Brooklyn,2024-10-16,9,green,0,
26,Brooklyn,2024-10-16,9,hvfhv,133,19.21
26,Brooklyn,2024-10-16,9,other_fhv,6,
26,Brooklyn,2024-10-16,10,yellow,3,44.65
26,Brooklyn,2024-10-16,10,green,0,
26,Brooklyn,2024-10-16,10,hvfhv,147,16.2
26,Brooklyn,2024-10-16,10,other_fhv,9,
26,Brooklyn,2024-10-16,11,yellow,2,21.5
26,Brooklyn,2024-10-16,11,green,0,
26,Brooklyn,2024-10-16,11,hvfhv,148,19.48
26,Brooklyn,2024-10-16,11,other_fhv,3,
26,Brooklyn,2024-10-16,12,yellow,2,30.0
26,Brooklyn,2024-10-16,12,green,0,
26,Brooklyn,2024-10-16,12,hvfhv,204,22.93
26,Brooklyn,2024-10-16,12,other_fhv,6,
26,Brooklyn,2024-10-16,13,yellow,3,20.06
26,Brooklyn,2024-10-16,13,green,0,
26,Brooklyn,2024-10-16,13,hvfhv,186,28.45
26,Brooklyn,2024-10-16,13,other_fhv,4,
26,Brooklyn,2024-10-16,14,yellow,1,8.79
26,Brooklyn,2024-10-16,14,green,0,
26,Brooklyn,2024-10-16,14,hvfhv,210,29.71
26,Brooklyn,2024-10-16,14,other_fhv,5,
26,Brooklyn,2024-10-16,15,yellow,2,29.26
26,Brooklyn,2024-10-16,15,green,0,
26,Brooklyn,2024-10-16,15,hvfhv,210,25.13
26,Brooklyn,2024-10-16,15,other_fhv,4,
26,Brooklyn,2024-10-16,16,yellow,2,34.0
26,Brooklyn,2024-10-16,16,green,0,
26,Brooklyn,2024-10-16,16,hvfhv,201,22.26
26,Brooklyn,2024-10-16,16,other_fhv,2,
26,Brooklyn,2024-10-16,17,yellow,0,
26,Brooklyn,2024-10-16,17,green,0,
26,Brooklyn,2024-10-16,17,hvfhv,286,20.85
26,Brooklyn,2024-10-16,17,other_fhv,0,
26,Brooklyn,2024-10-16,18,yellow,0,
26,Brooklyn,2024-10-16,18,green,0,
26,Brooklyn,2024-10-16,18,hvfhv,85,18.75
26,Brooklyn,2024-10-16,18,other_fhv,0,
26,Brooklyn,2024-10-16,19,yellow,0,
26,Brooklyn,2024-10-16,19,green,0,
26,Brooklyn,2024-10-16,19,hvfhv,69,21.61
26,Brooklyn,2024-10-16,19,other_fhv,1,
26,Brooklyn,2024-10-16,20,yellow,0,
26,Brooklyn,2024-10-16,20,green,0,
26,Brooklyn,2024-10-16,20,hvfhv,38,22.92
26,Brooklyn,2024-10-16,20,other_fhv,0,
26,Brooklyn,2024-10-16,21,yellow,0,
26,Brooklyn,2024-10-16,21,green,0,
26,Brooklyn,2024-10-16,21,hvfhv,57,20.5
26,Brooklyn,2024-10-16,21,other_fhv,0,
26,Brooklyn,2024-10-16,22,yellow,0,
26,Brooklyn,2024-10-16,22,green,0,
26,Brooklyn,2024-10-16,22,hvfhv,52,16.13
26,Brooklyn,2024-10-16,22,other_fhv,0,
26,Brooklyn,2024-10-16,23,yellow,2,17.87
26,Brooklyn,2024-10-16,23,green,0,
26,Brooklyn,2024-10-16,23,hvfhv,61,17.27
26,Brooklyn,2024-10-16,23,other_fhv,1,
27,Queens,2024-10-16,0,yellow,0,
27,Queens,2024-10-16,0,green,0,
27,Queens,2024-10-16,0,hvfhv,0,
27,Queens,2024-10-16,0,other_fhv,0,
27,Queens,2024-10-16,1,yellow,0,
27,Queens,2024-10-16,1,green,0,
27,Queens,2024-10-16,1,hvfhv,0,
27,Queens,2024-10-16,1,other_fhv,0,
27,Queens,2024-10-16,2,yellow,0,
27,Queens,2024-10-16,2,green,0,
27,Queens,2024-10-16,2,hvfhv,0,
27,Queens,2024-10-16,2,other_fhv,0,
27,Queens,2024-10-16,3,yellow,0,
27,Queens,2024-10-16,3,green,0,
27,Queens,2024-10-16,3,hvfhv,0,
27,Queens,2024-10-16,3,other_fhv,0,
27,Queens,2024-10-16,4,yellow,0,
27,Queens,2024-10-16,4,green,0,
27,Queens,2024-10-16,4,hvfhv,0,
27,Queens,2024-10-16,4,other_fhv,0,
27,Queens,2024-10-16,5,yellow,0,
27,Queens,2024-10-16,5,green,0,
27,Queens,2024-10-16,5,hvfhv,2,56.52
27,Queens,2024-10-16,5,other_fhv,0,
27,Queens,2024-10-16,6,yellow,0,
27,Queens,2024-10-16,6,green,0,
27,Queens,2024-10-16,6,hvfhv,0,
27,Queens,2024-10-16,6,other_fhv,0,
27,Queens,2024-10-16,7,yellow,0,
27,Queens,2024-10-16,7,green,0,
27,Queens,2024-10-16,7,hvfhv,0,
27,Queens,2024-10-16,7,other_fhv,0,
27,Queens,2024-10-16,8,yellow,0,
27,Queens,2024-10-16,8,green,0,
27,Queens,2024-10-16,8,hvfhv,1,20.55
27,Queens,2024-10-16,8,other_fhv,0,
27,Queens,2024-10-16,9,yellow,0,
27,Queens,2024-10-16,9,green,0,
27,Queens,2024-10-16,9,hvfhv,1,25.31
27,Queens,2024-10-16,9,other_fhv,0,
27,Queens,2024-10-16,10,yellow,0,
27,Queens,2024-10-16,10,green,0,
27,Queens,2024-10-16,10,hvfhv,0,
27,Queens,2024-10-16,10,other_fhv,0,
27,Queens,2024-10-16,11,yellow,0,
27,Queens,2024-10-16,11,green,0,
27,Queens,2024-10-16,11,hvfhv,1,20.59
27,Queens,2024-10-16,11,other_fhv,0,
27,Queens,2024-10-16,12,yellow,0,
27,Queens,2024-10-16,12,green,0,
27,Queens,2024-10-16,12,hvfhv,0,
27,Queens,2024-10-16,12,other_fhv,0,
27,Queens,2024-10-16,13,yellow,0,
27,Queens,2024-10-16,13,green,0,
27,Queens,2024-10-16,13,hvfhv,2,46.38
27,Queens,2024-10-16,13,other_fhv,0,
27,Queens,2024-10-16,14,yellow,0,
27,Queens,2024-10-16,14,green,0,
27,Queens,2024-10-16,14,hvfhv,1,105.69
27,Queens,2024-10-16,14,other_fhv,1,
27,Queens,2024-10-16,15,yellow,0,
27,Queens,2024-10-16,15,green,0,
27,Queens,2024-10-16,15,hvfhv,0,
27,Queens,2024-10-16,15,other_fhv,0,
27,Queens,2024-10-16,16,yellow,0,
27,Queens,2024-10-16,16,green,0,
27,Queens,2024-10-16,16,hvfhv,0,
27,Queens,2024-10-16,16,other_fhv,0,
27,Queens,2024-10-16,17,yellow,0,
27,Queens,2024-10-16,17,green,0,
27,Queens,2024-10-16,17,hvfhv,0,
27,Queens,2024-10-16,17,other_fhv,0,
27,Queens,2024-10-16,18,yellow,0,
27,Queens,2024-10-16,18,green,0,
27,Queens,2024-10-16,18,hvfhv,1,78.93
27,Queens,2024-10-16,18,other_fhv,0,
27,Queens,2024-10-16,19,yellow,0,
27,Queens,2024-10-16,19,green,0,
27,Queens,2024-10-16,19,hvfhv,0,
27,Queens,2024-10-16,19,other_fhv,0,
27,Queens,2024-10-16,20,yellow,0,
27,Queens,2024-10-16,20,green,0,
27,Queens,2024-10-16,20,hvfhv,2,53.6
27,Queens,2024-10-16,20,other_fhv,0,
27,Queens,2024-10-16,21,yellow,0,
27,Queens,2024-10-16,21,green,0,
27,Queens,2024-10-16,21,hvfhv,2,20.55
27,Queens,2024-10-16,21,other_fhv,0,
27,Queens,2024-10-16,22,yellow,0,
27,Queens,2024-10-16,22,green,0,
27,Queens,2024-10-16,22,hvfhv,0,
27,Queens,2024-10-16,22,other_fhv,0,
27,Queens,2024-10-16,23,yellow,0,
27,Queens,2024-10-16,23,green,0,
27,Queens,2024-10-16,23,hvfhv,0,
27,Queens,2024-10-16,23,other_fhv,0,
28,Queens,2024-10-16,0,yellow,0,
28,Queens,2024-10-16,0,green,0,
28,Queens,2024-10-16,0,hvfhv,24,19.82
28,Queens,2024-10-16,0,other_fhv,1,
28,Queens,2024-10-16,1,yellow,0,
28,Queens,2024-10-16,1,green,0,
28,Queens,2024-10-16,1,hvfhv,12,15.03
28,Queens,2024-10-16,1,other_fhv,0,
28,Queens,2024-10-16,2,yellow,2,3.93
28,Queens,2024-10-16,2,green,0,
28,Queens,2024-10-16,2,hvfhv,13,17.4
28,Queens,2024-10-16,2,other_fhv,0,
28,Queens,2024-10-16,3,yellow,0,
28,Queens,2024-10-16,3,green,0,
28,Queens,2024-10-16,3,hvfhv,12,21.1
28,Queens,2024-10-16,3,other_fhv,0,
28,Queens,2024-10-16,4,yellow,0,
28,Queens,2024-10-16,4,green,0,
28,Queens,2024-10-16,4,hvfhv,36,21.21
28,Queens,2024-10-16,4,other_fhv,0,
28,Queens,2024-10-16,5,yellow,0,
28,Queens,2024-10-16,5,green,0,
28,Queens,2024-10-16,5,hvfhv,33,23.27
28,Queens,2024-10-16,5,other_fhv,0,
28,Queens,2024-10-16,6,yellow,0,
28,Queens,2024-10-16,6,green,0,
28,Queens,2024-10-16,6,hvfhv,81,23.29
28,Queens,2024-10-16,6,other_fhv,0,
28,Queens,2024-10-16,7,yellow,1,20.44
28,Queens,2024-10-16,7,green,0,
28,Queens,2024-10-16,7,hvfhv,150,21.79
28,Queens,2024-10-16,7,other_fhv,3,
28,Queens,2024-10-16,8,yellow,1,38.5
28,Queens,2024-10-16,8,green,0,
28,Queens,2024-10-16,8,hvfhv,150,21.63
28,Queens,2024-10-16,8,other_fhv,3,
28,Queens,2024-10-16,9,yellow,1,70.0
28,Queens,2024-10-16,9,green,0,
28,Queens,2024-10-16,9,hvfhv,111,20.7
28,Queens,2024-10-16,9,other_fhv,9,
28,Queens,2024-10-16,10,yellow,0,
28,Queens,2024-10-16,10,green,0,
28,Queens,2024-10-16,10,hvfhv,104,21.52
28,Queens,2024-10-16,10,other_fhv,0,
28,Queens,2024-10-16,11,yellow,0,
28,Queens,2024-10-16,11,green,0,
28,Queens,2024-10-16,11,hvfhv,81,21.43
28,Queens,2024-10-16,11,other_fhv,3,
28,Queens,2024-10-16,12,yellow,0,
28,Queens,2024-10-16,12,green,0,
28,Queens,2024-10-16,12,hvfhv,81,22.32
28,Queens,2024-10-16,12,other_fhv,2,
28,Queens,2024-10-16,13,yellow,0,
28,Queens,2024-10-16,13,green,0,
28,Queens,2024-10-16,13,hvfhv,70,20.83
28,Queens,2024-10-16,13,other_fhv,1,
28,Queens,2024-10-16,14,yellow,1,20.45
28,Queens,2024-10-16,14,green,0,
28,Queens,2024-10-16,14,hvfhv,86,21.09
28,Queens,2024-10-16,14,other_fhv,0,
28,Queens,2024-10-16,15,yellow,0,
28,Queens,2024-10-16,15,green,0,
28,Queens,2024-10-16,15,hvfhv,74,21.18
28,Queens,2024-10-16,15,other_fhv,0,
28,Queens,2024-10-16,16,yellow,0,
28,Queens,2024-10-16,16,green,0,
28,Queens,2024-10-16,16,hvfhv,96,22.45
28,Queens,2024-10-16,16,other_fhv,0,
28,Queens,2024-10-16,17,yellow,1,70.0
28,Queens,2024-10-16,17,green,0,
28,Queens,2024-10-16,17,hvfhv,79,16.93
28,Queens,2024-10-16,17,other_fhv,1,
28,Queens,2024-10-16,18,yellow,1,15.95
28,Queens,2024-10-16,18,green,0,
28,Queens,2024-10-16,18,hvfhv,84,20.49
28,Queens,2024-10-16,18,other_fhv,0,
28,Queens,2024-10-16,19,yellow,0,
28,Queens,2024-10-16,19,green,0,
28,Queens,2024-10-16,19,hvfhv,59,20.1
28,Queens,2024-10-16,19,other_fhv,1,
28,Queens,2024-10-16,20,yellow,0,
28,Queens,2024-10-16,20,green,0,
28,Queens,2024-10-16,20,hvfhv,46,21.99
28,Queens,2024-10-16,20,other_fhv,0,
28,Queens,2024-10-16,21,yellow,0,
28,Queens,2024-10-16,21,green,0,
28,Queens,2024-10-16,21,hvfhv,29,17.81
28,Queens,2024-10-16,21,other_fhv,0,
28,Queens,2024-10-16,22,yellow,0,
28,Queens,2024-10-16,22,green,0,
28,Queens,2024-10-16,22,hvfhv,40,19.94
28,Queens,2024-10-16,22,other_fhv,0,
28,Queens,2024-10-16,23,yellow,0,
28,Queens,2024-10-16,23,green,0,
28,Queens,2024-10-16,23,hvfhv,42,20.36
28,Queens,2024-10-16,23,other_fhv,0,
29,Brooklyn,2024-10-16,0,yellow,0,
29,Brooklyn,2024-10-16,0,green,0,
29,Brooklyn,2024-10-16,0,hvfhv,21,14.45
29,Brooklyn,2024-10-16,0,other_fhv,1,
29,Brooklyn,2024-10-16,1,yellow,0,
29,Brooklyn,2024-10-16,1,green,0,
29,Brooklyn,2024-10-16,1,hvfhv,8,21.48
29,Brooklyn,2024-10-16,1,other_fhv,1,
29,Brooklyn,2024-10-16,2,yellow,0,
29,Brooklyn,2024-10-16,2,green,0,
29,Brooklyn,2024-10-16,2,hvfhv,4,22.64
29,Brooklyn,2024-10-16,2,other_fhv,2,
29,Brooklyn,2024-10-16,3,yellow,0,
29,Brooklyn,2024-10-16,3,green,0,
29,Brooklyn,2024-10-16,3,hvfhv,6,32.51
29,Brooklyn,2024-10-16,3,other_fhv,0,
29,Brooklyn,2024-10-16,4,yellow,0,
29,Brooklyn,2024-10-16,4,green,0,
29,Brooklyn,2024-10-16,4,hvfhv,15,38.09
29,Brooklyn,2024-10-16,4,other_fhv,0,
29,Brooklyn,2024-10-16,5,yellow,0,
29,Brooklyn,2024-10-16,5,green,0,
29,Brooklyn,2024-10-16,5,hvfhv,10,21.35
29,Brooklyn,2024-10-16,5,other_fhv,1,
29,Brooklyn,2024-10-16,6,yellow,1,52.5
29,Brooklyn,2024-10-16,6,green,0,
29,Brooklyn,2024-10-16,6,hvfhv,27,25.31
29,Brooklyn,2024-10-16,6,other_fhv,2,
29,Brooklyn,2024-10-16,7,yellow,3,49.17
29,Brooklyn,2024-10-16,7,green,0,
29,Brooklyn,2024-10-16,7,hvfhv,85,18.14
29,Brooklyn,2024-10-16,7,other_fhv,9,
29,Brooklyn,2024-10-16,8,yellow,1,69.5
29,Brooklyn,2024-10-16,8,green,0,
29,Brooklyn,2024-10-16,8,hvfhv,99,17.78
29,Brooklyn,2024-10-16,8,other_fhv,7,
29,Brooklyn,2024-10-16,9,yellow,1,19.5
29,Brooklyn,2024-10-16,9,green,0,
29,Brooklyn,2024-10-16,9,hvfhv,95,16.42
29,Brooklyn,2024-10-16,9,other_fhv,17,
29,Brooklyn,2024-10-16,10,yellow,0,
29,Brooklyn,2024-10-16,10,green,0,
29,Brooklyn,2024-10-16,10,hvfhv,64,24.27
29,Brooklyn,2024-10-16,10,other_fhv,9,
29,Brooklyn,2024-10-16,11,yellow,1,20.5
29,Brooklyn,2024-10-16,11,green,0,
29,Brooklyn,2024-10-16,11,hvfhv,56,20.66
29,Brooklyn,2024-10-16,11,other_fhv,13,
29,Brooklyn,2024-10-16,12,yellow,2,30.5
29,Brooklyn,2024-10-16,12,green,0,
29,Brooklyn,2024-10-16,12,hvfhv,76,18.11
29,Brooklyn,2024-10-16,12,other_fhv,20,
29,Brooklyn,2024-10-16,13,yellow,1,46.35
29,Brooklyn,2024-10-16,13,green,1,31.5
29,Brooklyn,2024-10-16,13,hvfhv,56,20.28
29,Brooklyn,2024-10-16,13,other_fhv,18,
29,Brooklyn,2024-10-16,14,yellow,0,
29,Brooklyn,2024-10-16,14,green,0,
29,Brooklyn,2024-10-16,14,hvfhv,69,21.0
29,Brooklyn,2024-10-16,14,other_fhv,15,
29,Brooklyn,2024-10-16,15,yellow,0,
29,Brooklyn,2024-10-16,15,green,0,
29,Brooklyn,2024-10-16,15,hvfhv,67,18.89
29,Brooklyn,2024-10-16,15,other_fhv,14,
29,Brooklyn,2024-10-16,16,yellow,0,
29,Brooklyn,2024-10-16,16,green,0,
29,Brooklyn,2024-10-16,16,hvfhv,68,24.67
29,Brooklyn,2024-10-16,16,other_fhv,14,
29,Brooklyn,2024-10-16,17,yellow,0,
29,Brooklyn,2024-10-16,17,green,0,
29,Brooklyn,2024-10-16,17,hvfhv,88,18.16
29,Brooklyn,2024-10-16,17,other_fhv,6,
29,Brooklyn,2024-10-16,18,yellow,0,
29,Brooklyn,2024-10-16,18,green,0,
29,Brooklyn,2024-10-16,18,hvfhv,76,18.32
29,Brooklyn,2024-10-16,18,other_fhv,3,
29,Brooklyn,2024-10-16,19,yellow,1,30.5
29,Brooklyn,2024-10-16,19,green,0,
29,Brooklyn,2024-10-16,19,hvfhv,73,19.54
29,Brooklyn,2024-10-16,19,other_fhv,5,
29,Brooklyn,2024-10-16,20,yellow,0,
29,Brooklyn,2024-10-16,20,green,0,
29,Brooklyn,2024-10-16,20,hvfhv,49,15.36
29,Brooklyn,2024-10-16,20,other_fhv,2,
29,Brooklyn,2024-10-16,21,yellow,0,
29,Brooklyn,2024-10-16,21,green,0,
29,Brooklyn,2024-10-16,21,hvfhv,50,14.83
29,Brooklyn,2024-10-16,21,other_fhv,1,
29,Brooklyn,2024-10-16,22,yellow,0,
29,Brooklyn,2024-10-16,22,green,0,
29,Brooklyn,2024-10-16,22,hvfhv,31,20.84
29,Brooklyn,2024-10-16,22,other_fhv,2,
29,Brooklyn,2024-10-16,23,yellow,0,
29,Brooklyn,2024-10-16,23,green,0,
29,Brooklyn,2024-10-16,23,hvfhv,21,12.68
29,Brooklyn,2024-10-16,23,other_fhv,1,
30,Queens,2024-10-16,0,yellow,0,
30,Queens,2024-10-16,0,green,0,
30,Queens,2024-10-16,0,hvfhv,0,
30,Queens,2024-10-16,0,other_fhv,0,
30,Queens,2024-10-16,1,yellow,0,
30,Queens,2024-10-16,1,green,0,
30,Queens,2024-10-16,1,hvfhv,1,16.38
30,Queens,2024-10-16,1,other_fhv,0,
30,Queens,2024-10-16,2,yellow,0,
30,Queens,2024-10-16,2,green,0,
30,Queens,2024-10-16,2,hvfhv,0,
30,Queens,2024-10-16,2,other_fhv,0,
30,Queens,2024-10-16,3,yellow,0,
30,Queens,2024-10-16,3,green,0,
30,Queens,2024-10-16,3,hvfhv,0,
30,Queens,2024-10-16,3,other_fhv,0,
30,Queens,2024-10-16,4,yellow,0,
30,Queens,2024-10-16,4,green,0,
30,Queens,2024-10-16,4,hvfhv,1,62.83
30,Queens,2024-10-16,4,other_fhv,0,
30,Queens,2024-10-16,5,yellow,0,
30,Queens,2024-10-16,5,green,0,
30,Queens,2024-10-16,5,hvfhv,0,
30,Queens,2024-10-16,5,other_fhv,0,
30,Queens,2024-10-16,6,yellow,0,
30,Queens,2024-10-16,6,green,0,
30,Queens,2024-10-16,6,hvfhv,1,44.07
30,Queens,2024-10-16,6,other_fhv,0,
30,Queens,2024-10-16,7,yellow,0,
30,Queens,2024-10-16,7,green,0,
30,Queens,2024-10-16,7,hvfhv,0,
30,Queens,2024-10-16,7,other_fhv,0,
30,Queens,2024-10-16,8,yellow,0,
30,Queens,2024-10-16,8,green,0,
30,Queens,2024-10-16,8,hvfhv,1,19.54
30,Queens,2024-10-16,8,other_fhv,0,
30,Queens,2024-10-16,9,yellow,0,
30,Queens,2024-10-16,9,green,0,
30,Queens,2024-10-16,9,hvfhv,1,66.39
30,Queens,2024-10-16,9,other_fhv,0,
30,Queens,2024-10-16,10,yellow,0,
30,Queens,2024-10-16,10,green,0,
30,Queens,2024-10-16,10,hvfhv,1,45.82
30,Queens,2024-10-16,10,other_fhv,0,
30,Queens,2024-10-16,11,yellow,0,
30,Queens,2024-10-16,11,green,0,
30,Queens,2024-10-16,11,hvfhv,2,25.47
30,Queens,2024-10-16,11,other_fhv,0,
30,Queens,2024-10-16,12,yellow,0,
30,Queens,2024-10-16,12,green,0,
30,Queens,2024-10-16,12,hvfhv,3,20.74
30,Queens,2024-10-16,12,other_fhv,0,
30,Queens,2024-10-16,13,yellow,0,
30,Queens,2024-10-16,13,green,0,
30,Queens,2024-10-16,13,hvfhv,0,
30,Queens,2024-10-16,13,other_fhv,0,
30,Queens,2024-10-16,14,yellow,0,
30,Queens,2024-10-16,14,green,0,
30,Queens,2024-10-16,14,hvfhv,2,40.26
30,Queens,2024-10-16,14,other_fhv,0,
30,Queens,2024-10-16,15,yellow,0,
30,Queens,2024-10-16,15,green,0,
30,Queens,2024-10-16,15,hvfhv,3,34.47
30,Queens,2024-10-16,15,other_fhv,0,
30,Queens,2024-10-16,16,yellow,0,
30,Queens,2024-10-16,16,green,0,
30,Queens,2024-10-16,16,hvfhv,0,
30,Queens,2024-10-16,16,other_fhv,0,
30,Queens,2024-10-16,17,yellow,0,
30,Queens,2024-10-16,17,green,0,
30,Queens,2024-10-16,17,hvfhv,2,42.8
30,Queens,2024-10-16,17,other_fhv,0,
30,Queens,2024-10-16,18,yellow,0,
30,Queens,2024-10-16,18,green,0,
30,Queens,2024-10-16,18,hvfhv,1,38.15
30,Queens,2024-10-16,18,other_fhv,0,
30,Queens,2024-10-16,19,yellow,0,
30,Queens,2024-10-16,19,green,0,
30,Queens,2024-10-16,19,hvfhv,2,47.88
30,Queens,2024-10-16,19,other_fhv,0,
30,Queens,2024-10-16,20,yellow,0,
30,Queens,2024-10-16,20,green,0,
30,Queens,2024-10-16,20,hvfhv,0,
30,Queens,2024-10-16,20,other_fhv,0,
30,Queens,2024-10-16,21,yellow,0,
30,Queens,2024-10-16,21,green,0,
30,Queens,2024-10-16,21,hvfhv,3,22.67
30,Queens,2024-10-16,21,other_fhv,0,
30,Queens,2024-10-16,22,yellow,0,
30,Queens,2024-10-16,22,green,0,
30,Queens,2024-10-16,22,hvfhv,1,56.15
30,Queens,2024-10-16,22,other_fhv,0,
30,Queens,2024-10-16,23,yellow,0,
30,Queens,2024-10-16,23,green,0,
30,Queens,2024-10-16,23,hvfhv,1,10.92
30,Queens,2024-10-16,23,other_fhv,0,
31,Bronx,2024-10-16,0,yellow,0,
31,Bronx,2024-10-16,0,green,0,
31,Bronx,2024-10-16,0,hvfhv,3,9.94
31,Bronx,2024-10-16,0,other_fhv,0,
31,Bronx,2024-10-16,1,yellow,0,
31,Bronx,2024-10-16,1,green,0,
31,Bronx,2024-10-16,1,hvfhv,2,30.97
31,Bronx,2024-10-16,1,other_fhv,0,
31,Bronx,2024-10-16,2,yellow,0,
31,Bronx,2024-10-16,2,green,0,
31,Bronx,2024-10-16,2,hvfhv,1,14.51
31,Bronx,2024-10-16,2,other_fhv,0,
31,Bronx,2024-10-16,3,yellow,0,
31,Bronx,2024-10-16,3,green,0,
31,Bronx,2024-10-16,3,hvfhv,2,15.08
31,Bronx,2024-10-16,3,other_fhv,0,
31,Bronx,2024-10-16,4,yellow,0,
31,Bronx,2024-10-16,4,green,0,
31,Bronx,2024-10-16,4,hvfhv,3,16.0
31,Bronx,2024-10-16,4,other_fhv,0,
31,Bronx,2024-10-16,5,yellow,0,
31,Bronx,2024-10-16,5,green,0,
31,Bronx,2024-10-16,5,hvfhv,3,16.18
31,Bronx,2024-10-16,5,other_fhv,0,
31,Bronx,2024-10-16,6,yellow,0,
31,Bronx,2024-10-16,6,green,0,
31,Bronx,2024-10-16,6,hvfhv,3,35.98
31,Bronx,2024-10-16,6,other_fhv,0,
31,Bronx,2024-10-16,7,yellow,0,
31,Bronx,2024-10-16,7,green,0,
31,Bronx,2024-10-16,7,hvfhv,9,19.62
31,Bronx,2024-10-16,7,other_fhv,0,
31,Bronx,2024-10-16,8,yellow,0,
31,Bronx,2024-10-16,8,green,0,
31,Bronx,2024-10-16,8,hvfhv,10,21.57
31,Bronx,2024-10-16,8,other_fhv,0,
31,Bronx,2024-10-16,9,yellow,0,
31,Bronx,2024-10-16,9,green,0,
31,Bronx,2024-10-16,9,hvfhv,11,20.01
31,Bronx,2024-10-16,9,other_fhv,0,
31,Bronx,2024-10-16,10,yellow,0,
31,Bronx,2024-10-16,10,green,0,
31,Bronx,2024-10-16,10,hvfhv,6,12.58
31,Bronx,2024-10-16,10,other_fhv,0,
31,Bronx,2024-10-16,11,yellow,0,
31,Bronx,2024-10-16,11,green,0,
31,Bronx,2024-10-16,11,hvfhv,3,29.48
31,Bronx,2024-10-16,11,other_fhv,0,
31,Bronx,2024-10-16,12,yellow,0,
31,Bronx,2024-10-16,12,green,0,
31,Bronx,2024-10-16,12,hvfhv,4,17.3
31,Bronx,2024-10-16,12,other_fhv,0,
31,Bronx,2024-10-16,13,yellow,0,
31,Bronx,2024-10-16,13,green,0,
31,Bronx,2024-10-16,13,hvfhv,9,14.66
31,Bronx,2024-10-16,13,other_fhv,0,
31,Bronx,2024-10-16,14,yellow,0,
31,Bronx,2024-10-16,14,green,0,
31,Bronx,2024-10-16,14,hvfhv,15,25.16
31,Bronx,2024-10-16,14,other_fhv,0,
31,Bronx,2024-10-16,15,yellow,0,
31,Bronx,2024-10-16,15,green,0,
31,Bronx,2024-10-16,15,hvfhv,26,25.09
31,Bronx,2024-10-16,15,other_fhv,0,
31,Bronx,2024-10-16,16,yellow,0,
31,Bronx,2024-10-16,16,green,0,
31,Bronx,2024-10-16,16,hvfhv,21,30.35
31,Bronx,2024-10-16,16,other_fhv,1,
31,Bronx,2024-10-16,17,yellow,0,
31,Bronx,2024-10-16,17,green,0,
31,Bronx,2024-10-16,17,hvfhv,22,27.12
31,Bronx,2024-10-16,17,other_fhv,0,
31,Bronx,2024-10-16,18,yellow,0,
31,Bronx,2024-10-16,18,green,0,
31,Bronx,2024-10-16,18,hvfhv,18,20.15
31,Bronx,2024-10-16,18,other_fhv,0,
31,Bronx,2024-10-16,19,yellow,1,40.5
31,Bronx,2024-10-16,19,green,0,
31,Bronx,2024-10-16,19,hvfhv,11,15.77
31,Bronx,2024-10-16,19,other_fhv,0,
31,Bronx,2024-10-16,20,yellow,0,
31,Bronx,2024-10-16,20,green,0,
31,Bronx,2024-10-16,20,hvfhv,12,19.2
31,Bronx,2024-10-16,20,other_fhv,0,
31,Bronx,2024-10-16,21,yellow,0,
31,Bronx,2024-10-16,21,green,0,
31,Bronx,2024-10-16,21,hvfhv,4,14.65
31,Bronx,2024-10-16,21,other_fhv,0,
31,Bronx,2024-10-16,22,yellow,0,
31,Bronx,2024-10-16,22,green,0,
31,Bronx,2024-10-16,22,hvfhv,2,9.12
31,Bronx,2024-10-16,22,other_fhv,0,
31,Bronx,2024-10-16,23,yellow,0,
31,Bronx,2024-10-16,23,green,0,
31,Bronx,2024-10-16,23,hvfhv,6,15.92
31,Bronx,2024-10-16,23,other_fhv,0,
32,Bronx,2024-10-16,0,yellow,0,
32,Bronx,2024-10-16,0,green,0,
32,Bronx,2024-10-16,0,hvfhv,25,16.39
32,Bronx,2024-10-16,0,other_fhv,0,
32,Bronx,2024-10-16,1,yellow,0,
32,Bronx,2024-10-16,1,green,0,
32,Bronx,2024-10-16,1,hvfhv,20,15.3
32,Bronx,2024-10-16,1,other_fhv,0,
32,Bronx,2024-10-16,2,yellow,0,
32,Bronx,2024-10-16,2,green,0,
32,Bronx,2024-10-16,2,hvfhv,9,23.76
32,Bronx,2024-10-16,2,other_fhv,0,
32,Bronx,2024-10-16,3,yellow,0,
32,Bronx,2024-10-16,3,green,0,
32,Bronx,2024-10-16,3,hvfhv,10,23.4
32,Bronx,2024-10-16,3,other_fhv,0,
32,Bronx,2024-10-16,4,yellow,0,
32,Bronx,2024-10-16,4,green,0,
32,Bronx,2024-10-16,4,hvfhv,22,22.27
32,Bronx,2024-10-16,4,other_fhv,0,
32,Bronx,2024-10-16,5,yellow,0,
32,Bronx,2024-10-16,5,green,0,
32,Bronx,2024-10-16,5,hvfhv,29,22.77
32,Bronx,2024-10-16,5,other_fhv,0,
32,Bronx,2024-10-16,6,yellow,0,
32,Bronx,2024-10-16,6,green,0,
32,Bronx,2024-10-16,6,hvfhv,75,23.48
32,Bronx,2024-10-16,6,other_fhv,0,
32,Bronx,2024-10-16,7,yellow,1,48.5
32,Bronx,2024-10-16,7,green,0,
32,Bronx,2024-10-16,7,hvfhv,87,22.71
32,Bronx,2024-10-16,7,other_fhv,0,
32,Bronx,2024-10-16,8,yellow,0,
32,Bronx,2024-10-16,8,green,0,
32,Bronx,2024-10-16,8,hvfhv,142,22.54
32,Bronx,2024-10-16,8,other_fhv,1,
32,Bronx,2024-10-16,9,yellow,0,
32,Bronx,2024-10-16,9,green,0,
32,Bronx,2024-10-16,9,hvfhv,111,23.24
32,Bronx,2024-10-16,9,other_fhv,2,
32,Bronx,2024-10-16,10,yellow,2,35.26
32,Bronx,2024-10-16,10,green,0,
32,Bronx,2024-10-16,10,hvfhv,85,18.07
32,Bronx,2024-10-16,10,other_fhv,1,
32,Bronx,2024-10-16,11,yellow,0,
32,Bronx,2024-10-16,11,green,0,
32,Bronx,2024-10-16,11,hvfhv,65,20.25
32,Bronx,2024-10-16,11,other_fhv,1,
32,Bronx,2024-10-16,12,yellow,0,
32,Bronx,2024-10-16,12,green,0,
32,Bronx,2024-10-16,12,hvfhv,58,17.96
32,Bronx,2024-10-16,12,other_fhv,0,
32,Bronx,2024-10-16,13,yellow,2,35.5
32,Bronx,2024-10-16,13,green,0,
32,Bronx,2024-10-16,13,hvfhv,52,20.16
32,Bronx,2024-10-16,13,other_fhv,0,
32,Bronx,2024-10-16,14,yellow,0,
32,Bronx,2024-10-16,14,green,0,
32,Bronx,2024-10-16,14,hvfhv,81,20.44
32,Bronx,2024-10-16,14,other_fhv,2,
32,Bronx,2024-10-16,15,yellow,0,
32,Bronx,2024-10-16,15,green,0,
32,Bronx,2024-10-16,15,hvfhv,72,21.15
32,Bronx,2024-10-16,15,other_fhv,0,
32,Bronx,2024-10-16,16,yellow,0,
32,Bronx,2024-10-16,16,green,0,
32,Bronx,2024-10-16,16,hvfhv,57,20.2
32,Bronx,2024-10-16,16,other_fhv,0,
32,Bronx,2024-10-16,17,yellow,0,
32,Bronx,2024-10-16,17,green,0,
32,Bronx,2024-10-16,17,hvfhv,70,17.79
32,Bronx,2024-10-16,17,other_fhv,0,
32,Bronx,2024-10-16,18,yellow,0,
32,Bronx,2024-10-16,18,green,0,
32,Bronx,2024-10-16,18,hvfhv,75,16.71
32,Bronx,2024-10-16,18,other_fhv,0,
32,Bronx,2024-10-16,19,yellow,0,
32,Bronx,2024-10-16,19,green,0,
32,Bronx,2024-10-16,19,hvfhv,67,16.04
32,Bronx,2024-10-16,19,other_fhv,2,
32,Bronx,2024-10-16,20,yellow,0,
32,Bronx,2024-10-16,20,green,0,
32,Bronx,2024-10-16,20,hvfhv,68,16.95
32,Bronx,2024-10-16,20,other_fhv,0,
32,Bronx,2024-10-16,21,yellow,0,
32,Bronx,2024-10-16,21,green,0,
32,Bronx,2024-10-16,21,hvfhv,55,17.04
32,Bronx,2024-10-16,21,other_fhv,0,
32,Bronx,2024-10-16,22,yellow,0,
32,Bronx,2024-10-16,22,green,0,
32,Bronx,2024-10-16,22,hvfhv,40,18.13
32,Bronx,2024-10-16,22,other_fhv,0,
32,Bronx,2024-10-16,23,yellow,0,
32,Bronx,2024-10-16,23,green,0,
32,Bronx,2024-10-16,23,hvfhv,73,15.6
32,Bronx,2024-10-16,23,other_fhv,0,
33,Brooklyn,2024-10-16,0,yellow,0,
33,Brooklyn,2024-10-16,0,green,0,
33,Brooklyn,2024-10-16,0,hvfhv,52,25.11
33,Brooklyn,2024-10-16,0,other_fhv,0,
33,Brooklyn,2024-10-16,1,yellow,0,
33,Brooklyn,2024-10-16,1,green,0,
33,Brooklyn,2024-10-16,1,hvfhv,23,24.72
33,Brooklyn,2024-10-16,1,other_fhv,0,
33,Brooklyn,2024-10-16,2,yellow,1,23.38
33,Brooklyn,2024-10-16,2,green,0,
33,Brooklyn,2024-10-16,2,hvfhv,9,13.36
33,Brooklyn,2024-10-16,2,other_fhv,0,
33,Brooklyn,2024-10-16,3,yellow,0,
33,Brooklyn,2024-10-16,3,green,0,
33,Brooklyn,2024-10-16,3,hvfhv,10,36.0
33,Brooklyn,2024-10-16,3,other_fhv,0,
33,Brooklyn,2024-10-16,4,yellow,1,27.93
33,Brooklyn,2024-10-16,4,green,0,
33,Brooklyn,2024-10-16,4,hvfhv,25,47.54
33,Brooklyn,2024-10-16,4,other_fhv,1,
33,Brooklyn,2024-10-16,5,yellow,1,69.15
33,Brooklyn,2024-10-16,5,green,0,
33,Brooklyn,2024-10-16,5,hvfhv,41,48.58
33,Brooklyn,2024-10-16,5,other_fhv,1,
33,Brooklyn,2024-10-16,6,yellow,6,28.96
33,Brooklyn,2024-10-16,6,green,0,
33,Brooklyn,2024-10-16,6,hvfhv,78,49.09
33,Brooklyn,2024-10-16,6,other_fhv,1,
33,Brooklyn,2024-10-16,7,yellow,17,28.35
33,Brooklyn,2024-10-16,7,green,2,19.45
33,Brooklyn,2024-10-16,7,hvfhv,108,47.99
33,Brooklyn,2024-10-16,7,other_fhv,3,
33,Brooklyn,2024-10-16,8,yellow,9,34.12
33,Brooklyn,2024-10-16,8,green,1,27.5
33,Brooklyn,2024-10-16,8,hvfhv,173,39.59
33,Brooklyn,2024-10-16,8,other_fhv,2,
33,Brooklyn,2024-10-16,9,yellow,5,20.95
33,Brooklyn,2024-10-16,9,green,0,
33,Brooklyn,2024-10-16,9,hvfhv,191,33.0
33,Brooklyn,2024-10-16,9,other_fhv,4,
33,Brooklyn,2024-10-16,10,yellow,4,32.98
33,Brooklyn,2024-10-16,10,green,0,
33,Brooklyn,2024-10-16,10,hvfhv,152,33.0
33,Brooklyn,2024-10-16,10,other_fhv,1,
33,Brooklyn,2024-10-16,11,yellow,5,33.34
33,Brooklyn,2024-10-16,11,green,0,
33,Brooklyn,2024-10-16,11,hvfhv,154,33.54
33,Brooklyn,2024-10-16,11,other_fhv,4,
33,Brooklyn,2024-10-16,12,yellow,4,44.0
33,Brooklyn,2024-10-16,12,green,1,16.3
33,Brooklyn,2024-10-16,12,hvfhv,147,36.2
33,Brooklyn,2024-10-16,12,other_fhv,2,
33,Brooklyn,2024-10-16,13,yellow,2,14.58
33,Brooklyn,2024-10-16,13,green,0,
33,Brooklyn,2024-10-16,13,hvfhv,123,28.23
33,Brooklyn,2024-10-16,13,other_fhv,4,
33,Brooklyn,2024-10-16,14,yellow,2,16.4
33,Brooklyn,2024-10-16,14,green,1,8.6
33,Brooklyn,2024-10-16,14,hvfhv,136,33.65
33,Brooklyn,2024-10-16,14,other_fhv,0,
33,Brooklyn,2024-10-16,15,yellow,1,58.5
33,Brooklyn,2024-10-16,15,green,1,33.1
33,Brooklyn,2024-10-16,15,hvfhv,156,32.92
33,Brooklyn,2024-10-16,15,other_fhv,1,
33,Brooklyn,2024-10-16,16,yellow,5,33.22
33,Brooklyn,2024-10-16,16,green,1,10.0
33,Brooklyn,2024-10-16,16,hvfhv,133,36.19
33,Brooklyn,2024-10-16,16,other_fhv,5,
33,Brooklyn,2024-10-16,17,yellow,6,25.87
33,Brooklyn,2024-10-16,17,green,4,14.72
33,Brooklyn,2024-10-16,17,hvfhv,189,32.08
33,Brooklyn,2024-10-16,17,other_fhv,4,
33,Brooklyn,2024-10-16,18,yellow,2,18.4
33,Brooklyn,2024-10-16,18,green,2,21.9
33,Brooklyn,2024-10-16,18,hvfhv,231,30.69
33,Brooklyn,2024-10-16,18,other_fhv,2,
33,Brooklyn,2024-10-16,19,yellow,4,29.9
33,Brooklyn,2024-10-16,19,green,0,
33,Brooklyn,2024-10-16,19,hvfhv,228,25.99
33,Brooklyn,2024-10-16,19,other_fhv,2,
33,Brooklyn,2024-10-16,20,yellow,6,21.98
33,Brooklyn,2024-10-16,20,green,1,12.8
33,Brooklyn,2024-10-16,20,hvfhv,226,25.86
33,Brooklyn,2024-10-16,20,other_fhv,2,
33,Brooklyn,2024-10-16,21,yellow,4,25.65
33,Brooklyn,2024-10-16,21,green,1,12.8
33,Brooklyn,2024-10-16,21,hvfhv,203,27.3
33,Brooklyn,2024-10-16,21,other_fhv,3,
33,Brooklyn,2024-10-16,22,yellow,3,18.17
33,Brooklyn,2024-10-16,22,green,2,16.65
33,Brooklyn,2024-10-16,22,hvfhv,162,25.97
33,Brooklyn,2024-10-16,22,other_fhv,3,
33,Brooklyn,2024-10-16,23,yellow,3,17.93
33,Brooklyn,2024-10-16,23,green,0,
33,Brooklyn,2024-10-16,23,hvfhv,107,24.93
33,Brooklyn,2024-10-16,23,other_fhv,1,
34,Brooklyn,2024-10-16,0,yellow,0,
34,Brooklyn,2024-10-16,0,green,0,
34,Brooklyn,2024-10-16,0,hvfhv,36,23.37
34,Brooklyn,2024-10-16,0,other_fhv,1,
34,Brooklyn,2024-10-16,1,yellow,0,
34,Brooklyn,2024-10-16,1,green,0,
34,Brooklyn,2024-10-16,1,hvfhv,11,24.81
34,Brooklyn,2024-10-16,1,other_fhv,0,
34,Brooklyn,2024-10-16,2,yellow,0,
34,Brooklyn,2024-10-16,2,green,0,
34,Brooklyn,2024-10-16,2,hvfhv,7,16.46
34,Brooklyn,2024-10-16,2,other_fhv,0,
34,Brooklyn,2024-10-16,3,yellow,0,
34,Brooklyn,2024-10-16,3,green,0,
34,Brooklyn,2024-10-16,3,hvfhv,8,20.91
34,Brooklyn,2024-10-16,3,other_fhv,0,
34,Brooklyn,2024-10-16,4,yellow,0,
34,Brooklyn,2024-10-16,4,green,0,
34,Brooklyn,2024-10-16,4,hvfhv,7,34.86
34,Brooklyn,2024-10-16,4,other_fhv,0,
34,Brooklyn,2024-10-16,5,yellow,0,
34,Brooklyn,2024-10-16,5,green,0,
34,Brooklyn,2024-10-16,5,hvfhv,1,24.7
34,Brooklyn,2024-10-16,5,other_fhv,0,
34,Brooklyn,2024-10-16,6,yellow,0,
34,Brooklyn,2024-10-16,6,green,0,
34,Brooklyn,2024-10-16,6,hvfhv,5,35.59
34,Brooklyn,2024-10-16,6,other_fhv,0,
34,Brooklyn,2024-10-16,7,yellow,0,
34,Brooklyn,2024-10-16,7,green,0,
34,Brooklyn,2024-10-16,7,hvfhv,12,29.96
34,Brooklyn,2024-10-16,7,other_fhv,1,
34,Brooklyn,2024-10-16,8,yellow,0,
34,Brooklyn,2024-10-16,8,green,0,
34,Brooklyn,2024-10-16,8,hvfhv,15,30.51
34,Brooklyn,2024-10-16,8,other_fhv,2,
34,Brooklyn,2024-10-16,9,yellow,0,
34,Brooklyn,2024-10-16,9,green,0,
34,Brooklyn,2024-10-16,9,hvfhv,13,28.0
34,Brooklyn,2024-10-16,9,other_fhv,0,
34,Brooklyn,2024-10-16,10,yellow,0,
34,Brooklyn,2024-10-16,10,green,0,
34,Brooklyn,2024-10-16,10,hvfhv,21,28.64
34,Brooklyn,2024-10-16,10,other_fhv,0,
34,Brooklyn,2024-10-16,11,yellow,0,
34,Brooklyn,2024-10-16,11,green,0,
34,Brooklyn,2024-10-16,11,hvfhv,19,21.23
34,Brooklyn,2024-10-16,11,other_fhv,0,
34,Brooklyn,2024-10-16,12,yellow,0,
34,Brooklyn,2024-10-16,12,green,0,
34,Brooklyn,2024-10-16,12,hvfhv,25,19.69
34,Brooklyn,2024-10-16,12,other_fhv,0,
34,Brooklyn,2024-10-16,13,yellow,1,15.09
34,Brooklyn,2024-10-16,13,green,0,
34,Brooklyn,2024-10-16,13,hvfhv,29,25.7
34,Brooklyn,2024-10-16,13,other_fhv,0,
34,Brooklyn,2024-10-16,14,yellow,0,
34,Brooklyn,2024-10-16,14,green,0,
34,Brooklyn,2024-10-16,14,hvfhv,22,31.62
34,Brooklyn,2024-10-16,14,other_fhv,0,
34,Brooklyn,2024-10-16,15,yellow,0,
34,Brooklyn,2024-10-16,15,green,0,
34,Brooklyn,2024-10-16,15,hvfhv,33,31.29
34,Brooklyn,2024-10-16,15,other_fhv,2,
34,Brooklyn,2024-10-16,16,yellow,0,
34,Brooklyn,2024-10-16,16,green,0,
34,Brooklyn,2024-10-16,16,hvfhv,41,25.2
34,Brooklyn,2024-10-16,16,other_fhv,1,
34,Brooklyn,2024-10-16,17,yellow,1,22.55
34,Brooklyn,2024-10-16,17,green,0,
34,Brooklyn,2024-10-16,17,hvfhv,61,25.26
34,Brooklyn,2024-10-16,17,other_fhv,1,
34,Brooklyn,2024-10-16,18,yellow,3,31.88
34,Brooklyn,2024-10-16,18,green,0,
34,Brooklyn,2024-10-16,18,hvfhv,63,24.74
34,Brooklyn,2024-10-16,18,other_fhv,2,
34,Brooklyn,2024-10-16,19,yellow,0,
34,Brooklyn,2024-10-16,19,green,0,
34,Brooklyn,2024-10-16,19,hvfhv,44,20.29
34,Brooklyn,2024-10-16,19,other_fhv,0,
34,Brooklyn,2024-10-16,20,yellow,0,
34,Brooklyn,2024-10-16,20,green,0,
34,Brooklyn,2024-10-16,20,hvfhv,41,26.11
34,Brooklyn,2024-10-16,20,other_fhv,1,
34,Brooklyn,2024-10-16,21,yellow,0,
34,Brooklyn,2024-10-16,21,green,0,
34,Brooklyn,2024-10-16,21,hvfhv,32,23.25
34,Brooklyn,2024-10-16,21,other_fhv,0,
34,Brooklyn,2024-10-16,22,yellow,0,
34,Brooklyn,2024-10-16,22,green,0,
34,Brooklyn,2024-10-16,22,hvfhv,33,18.07
34,Brooklyn,2024-10-16,22,other_fhv,0,
34,Brooklyn,2024-10-16,23,yellow,0,
34,Brooklyn,2024-10-16,23,green,0,
34,Brooklyn,2024-10-16,23,hvfhv,21,21.55
34,Brooklyn,2024-10-16,23,other_fhv,0,
35,Brooklyn,2024-10-16,0,yellow,1,6.47
35,Brooklyn,2024-10-16,0,green,0,
35,Brooklyn,2024-10-16,0,hvfhv,88,16.06
35,Brooklyn,2024-10-16,0,other_fhv,2,
35,Brooklyn,2024-10-16,1,yellow,0,
35,Brooklyn,2024-10-16,1,green,0,
35,Brooklyn,2024-10-16,1,hvfhv,59,14.46
35,Brooklyn,2024-10-16,1,other_fhv,1,
35,Brooklyn,2024-10-16,2,yellow,1,22.16
35,Brooklyn,2024-10-16,2,green,0,
35,Brooklyn,2024-10-16,2,hvfhv,38,16.8
35,Brooklyn,2024-10-16,2,other_fhv,0,
35,Brooklyn,2024-10-16,3,yellow,2,15.68
35,Brooklyn,2024-10-16,3,green,0,
35,Brooklyn,2024-10-16,3,hvfhv,35,23.96
35,Brooklyn,2024-10-16,3,other_fhv,0,
35,Brooklyn,2024-10-16,4,yellow,1,27.5
35,Brooklyn,2024-10-16,4,green,0,
35,Brooklyn,2024-10-16,4,hvfhv,40,24.09
35,Brooklyn,2024-10-16,4,other_fhv,1,
35,Brooklyn,2024-10-16,5,yellow,2,37.0
35,Brooklyn,2024-10-16,5,green,0,
35,Brooklyn,2024-10-16,5,hvfhv,87,25.94
35,Brooklyn,2024-10-16,5,other_fhv,0,
35,Brooklyn,2024-10-16,6,yellow,3,33.5
35,Brooklyn,2024-10-16,6,green,0,
35,Brooklyn,2024-10-16,6,hvfhv,115,26.95
35,Brooklyn,2024-10-16,6,other_fhv,1,
35,Brooklyn,2024-10-16,7,yellow,5,19.92
35,Brooklyn,2024-10-16,7,green,0,
35,Brooklyn,2024-10-16,7,hvfhv,245,25.89
35,Brooklyn,2024-10-16,7,other_fhv,5,
35,Brooklyn,2024-10-16,8,yellow,6,23.58
35,Brooklyn,2024-10-16,8,green,0,
35,Brooklyn,2024-10-16,8,hvfhv,301,18.77
35,Brooklyn,2024-10-16,8,other_fhv,10,
35,Brooklyn,2024-10-16,9,yellow,1,48.5
35,Brooklyn,2024-10-16,9,green,0,
35,Brooklyn,2024-10-16,9,hvfhv,195,17.88
35,Brooklyn,2024-10-16,9,other_fhv,2,
35,Brooklyn,2024-10-16,10,yellow,2,23.0
35,Brooklyn,2024-10-16,10,green,0,
35,Brooklyn,2024-10-16,10,hvfhv,136,19.55
35,Brooklyn,2024-10-16,10,other_fhv,6,
35,Brooklyn,2024-10-16,11,yellow,3,20.5
35,Brooklyn,2024-10-16,11,green,0,
35,Brooklyn,2024-10-16,11,hvfhv,105,20.72
35,Brooklyn,2024-10-16,11,other_fhv,2,
35,Brooklyn,2024-10-16,12,yellow,2,40.5
35,Brooklyn,2024-10-16,12,green,0,
35,Brooklyn,2024-10-16,12,hvfhv,133,16.86
35,Brooklyn,2024-10-16,12,other_fhv,4,
35,Brooklyn,2024-10-16,13,yellow,1,19.5
35,Brooklyn,2024-10-16,13,green,1,8.6
35,Brooklyn,2024-10-16,13,hvfhv,183,19.65
35,Brooklyn,2024-10-16,13,other_fhv,2,
35,Brooklyn,2024-10-16,14,yellow,1,17.5
35,Brooklyn,2024-10-16,14,green,0,
35,Brooklyn,2024-10-16,14,hvfhv,189,18.69
35,Brooklyn,2024-10-16,14,other_fhv,1,
35,Brooklyn,2024-10-16,15,yellow,1,55.5
35,Brooklyn,2024-10-16,15,green,0,
35,Brooklyn,2024-10-16,15,hvfhv,205,16.4
35,Brooklyn,2024-10-16,15,other_fhv,2,
35,Brooklyn,2024-10-16,16,yellow,0,
35,Brooklyn,2024-10-16,16,green,0,
35,Brooklyn,2024-10-16,16,hvfhv,212,17.81
35,Brooklyn,2024-10-16,16,other_fhv,4,
35,Brooklyn,2024-10-16,17,yellow,1,16.11
35,Brooklyn,2024-10-16,17,green,0,
35,Brooklyn,2024-10-16,17,hvfhv,213,16.05
35,Brooklyn,2024-10-16,17,other_fhv,2,
35,Brooklyn,2024-10-16,18,yellow,2,28.0
35,Brooklyn,2024-10-16,18,green,0,
35,Brooklyn,2024-10-16,18,hvfhv,205,15.66
35,Brooklyn,2024-10-16,18,other_fhv,0,
35,Brooklyn,2024-10-16,19,yellow,0,
35,Brooklyn,2024-10-16,19,green,0,
35,Brooklyn,2024-10-16,19,hvfhv,158,14.75
35,Brooklyn,2024-10-16,19,other_fhv,3,
35,Brooklyn,2024-10-16,20,yellow,0,
35,Brooklyn,2024-10-16,20,green,0,
35,Brooklyn,2024-10-16,20,hvfhv,160,14.96
35,Brooklyn,2024-10-16,20,other_fhv,4,
35,Brooklyn,2024-10-16,21,yellow,0,
35,Brooklyn,2024-10-16,21,green,0,
35,Brooklyn,2024-10-16,21,hvfhv,134,16.65
35,Brooklyn,2024-10-16,21,other_fhv,1,
35,Brooklyn,2024-10-16,22,yellow,0,
35,Brooklyn,2024-10-16,22,green,0,
35,Brooklyn,2024-10-16,22,hvfhv,140,16.77
35,Brooklyn,2024-10-16,22,other_fhv,0,
35,Brooklyn,2024-10-16,23,yellow,1,0.0
35,Brooklyn,2024-10-16,23,green,0,
35,Brooklyn,2024-10-16,23,hvfhv,131,16.47
35,Brooklyn,2024-10-16,23,other_fhv,1,
36,Brooklyn,2024-10-16,0,yellow,0,
36,Brooklyn,2024-10-16,0,green,0,
36,Brooklyn,2024-10-16,0,hvfhv,178,17.71
36,Brooklyn,2024-10-16,0,other_fhv,0,
36,Brooklyn,2024-10-16,1,yellow,1,4.4
36,Brooklyn,2024-10-16,1,green,0,
36,Brooklyn,2024-10-16,1,hvfhv,107,15.89
36,Brooklyn,2024-10-16,1,other_fhv,1,
36,Brooklyn,2024-10-16,2,yellow,0,
36,Brooklyn,2024-10-16,2,green,0,
36,Brooklyn,2024-10-16,2,hvfhv,74,14.61
36,Brooklyn,2024-10-16,2,other_fhv,0,
36,Brooklyn,2024-10-16,3,yellow,0,
36,Brooklyn,2024-10-16,3,green,0,
36,Brooklyn,2024-10-16,3,hvfhv,60,18.66
36,Brooklyn,2024-10-16,3,other_fhv,1,
36,Brooklyn,2024-10-16,4,yellow,0,
36,Brooklyn,2024-10-16,4,green,0,
36,Brooklyn,2024-10-16,4,hvfhv,81,25.3
36,Brooklyn,2024-10-16,4,other_fhv,0,
36,Brooklyn,2024-10-16,5,yellow,0,
36,Brooklyn,2024-10-16,5,green,0,
36,Brooklyn,2024-10-16,5,hvfhv,91,30.62
36,Brooklyn,2024-10-16,5,other_fhv,3,
36,Brooklyn,2024-10-16,6,yellow,0,
36,Brooklyn,2024-10-16,6,green,0,
36,Brooklyn,2024-10-16,6,hvfhv,103,34.58
36,Brooklyn,2024-10-16,6,other_fhv,2,
36,Brooklyn,2024-10-16,7,yellow,2,28.0
36,Brooklyn,2024-10-16,7,green,0,
36,Brooklyn,2024-10-16,7,hvfhv,138,31.59
36,Brooklyn,2024-10-16,7,other_fhv,3,
36,Brooklyn,2024-10-16,8,yellow,1,15.35
36,Brooklyn,2024-10-16,8,green,0,
36,Brooklyn,2024-10-16,8,hvfhv,141,27.45
36,Brooklyn,2024-10-16,8,other_fhv,1,
36,Brooklyn,2024-10-16,9,yellow,0,
36,Brooklyn,2024-10-16,9,green,0,
36,Brooklyn,2024-10-16,9,hvfhv,139,26.03
36,Brooklyn,2024-10-16,9,other_fhv,1,
36,Brooklyn,2024-10-16,10,yellow,0,
36,Brooklyn,2024-10-16,10,green,0,
36,Brooklyn,2024-10-16,10,hvfhv,108,23.39
36,Brooklyn,2024-10-16,10,other_fhv,2,
36,Brooklyn,2024-10-16,11,yellow,1,20.5
36,Brooklyn,2024-10-16,11,green,0,
36,Brooklyn,2024-10-16,11,hvfhv,116,22.65
36,Brooklyn,2024-10-16,11,other_fhv,2,
36,Brooklyn,2024-10-16,12,yellow,0,
36,Brooklyn,2024-10-16,12,green,0,
36,Brooklyn,2024-10-16,12,hvfhv,118,21.71
36,Brooklyn,2024-10-16,12,other_fhv,0,
36,Brooklyn,2024-10-16,13,yellow,0,
36,Brooklyn,2024-10-16,13,green,0,
36,Brooklyn,2024-10-16,13,hvfhv,115,22.36
36,Brooklyn,2024-10-16,13,other_fhv,1,
36,Brooklyn,2024-10-16,14,yellow,1,59.55
36,Brooklyn,2024-10-16,14,green,0,
36,Brooklyn,2024-10-16,14,hvfhv,147,25.58
36,Brooklyn,2024-10-16,14,other_fhv,2,
36,Brooklyn,2024-10-16,15,yellow,1,20.57
36,Brooklyn,2024-10-16,15,green,0,
36,Brooklyn,2024-10-16,15,hvfhv,143,24.43
36,Brooklyn,2024-10-16,15,other_fhv,0,
36,Brooklyn,2024-10-16,16,yellow,0,
36,Brooklyn,2024-10-16,16,green,0,
36,Brooklyn,2024-10-16,16,hvfhv,139,23.13
36,Brooklyn,2024-10-16,16,other_fhv,1,
36,Brooklyn,2024-10-16,17,yellow,0,
36,Brooklyn,2024-10-16,17,green,0,
36,Brooklyn,2024-10-16,17,hvfhv,189,22.25
36,Brooklyn,2024-10-16,17,other_fhv,2,
36,Brooklyn,2024-10-16,18,yellow,0,
36,Brooklyn,2024-10-16,18,green,0,
36,Brooklyn,2024-10-16,18,hvfhv,227,20.49
36,Brooklyn,2024-10-16,18,other_fhv,0,
36,Brooklyn,2024-10-16,19,yellow,0,
36,Brooklyn,2024-10-16,19,green,0,
36,Brooklyn,2024-10-16,19,hvfhv,242,18.72
36,Brooklyn,2024-10-16,19,other_fhv,2,
36,Brooklyn,2024-10-16,20,yellow,0,
36,Brooklyn,2024-10-16,20,green,0,
36,Brooklyn,2024-10-16,20,hvfhv,216,17.13
36,Brooklyn,2024-10-16,20,other_fhv,5,
36,Brooklyn,2024-10-16,21,yellow,0,
36,Brooklyn,2024-10-16,21,green,0,
36,Brooklyn,2024-10-16,21,hvfhv,239,18.97
36,Brooklyn,2024-10-16,21,other_fhv,5,
36,Brooklyn,2024-10-16,22,yellow,0,
36,Brooklyn,2024-10-16,22,green,0,
36,Brooklyn,2024-10-16,22,hvfhv,323,19.25
36,Brooklyn,2024-10-16,22,other_fhv,7,
36,Brooklyn,2024-10-16,23,yellow,0,
36,Brooklyn,2024-10-16,23,green,0,
36,Brooklyn,2024-10-16,23,hvfhv,366,20.5
36,Brooklyn,2024-10-16,23,other_fhv,4,
37,Brooklyn,2024-10-16,0,yellow,0,
37,Brooklyn,2024-10-16,0,green,0,
37,Brooklyn,2024-10-16,0,hvfhv,200,17.53
37,Brooklyn,2024-10-16,0,other_fhv,3,
37,Brooklyn,2024-10-16,1,yellow,0,
37,Brooklyn,2024-10-16,1,green,0,
37,Brooklyn,2024-10-16,1,hvfhv,90,18.08
37,Brooklyn,2024-10-16,1,other_fhv,1,
37,Brooklyn,2024-10-16,2,yellow,0,
37,Brooklyn,2024-10-16,2,green,0,
37,Brooklyn,2024-10-16,2,hvfhv,88,20.1
37,Brooklyn,2024-10-16,2,other_fhv,1,
37,Brooklyn,2024-10-16,3,yellow,0,
37,Brooklyn,2024-10-16,3,green,0,
37,Brooklyn,2024-10-16,3,hvfhv,82,20.12
37,Brooklyn,2024-10-16,3,other_fhv,2,
37,Brooklyn,2024-10-16,4,yellow,1,9.01
37,Brooklyn,2024-10-16,4,green,0,
37,Brooklyn,2024-10-16,4,hvfhv,94,26.76
37,Brooklyn,2024-10-16,4,other_fhv,0,
37,Brooklyn,2024-10-16,5,yellow,0,
37,Brooklyn,2024-10-16,5,green,0,
37,Brooklyn,2024-10-16,5,hvfhv,123,32.76
37,Brooklyn,2024-10-16,5,other_fhv,0,
37,Brooklyn,2024-10-16,6,yellow,2,34.08
37,Brooklyn,2024-10-16,6,green,0,
37,Brooklyn,2024-10-16,6,hvfhv,142,33.61
37,Brooklyn,2024-10-16,6,other_fhv,3,
37,Brooklyn,2024-10-16,7,yellow,5,25.77
37,Brooklyn,2024-10-16,7,green,0,
37,Brooklyn,2024-10-16,7,hvfhv,233,29.19
37,Brooklyn,2024-10-16,7,other_fhv,6,
37,Brooklyn,2024-10-16,8,yellow,2,18.28
37,Brooklyn,2024-10-16,8,green,0,
37,Brooklyn,2024-10-16,8,hvfhv,294,27.63
37,Brooklyn,2024-10-16,8,other_fhv,3,
37,Brooklyn,2024-10-16,9,yellow,4,21.56
37,Brooklyn,2024-10-16,9,green,0,
37,Brooklyn,2024-10-16,9,hvfhv,253,23.62
37,Brooklyn,2024-10-16,9,other_fhv,1,
37,Brooklyn,2024-10-16,10,yellow,2,34.5
37,Brooklyn,2024-10-16,10,green,1,23.5
37,Brooklyn,2024-10-16,10,hvfhv,185,24.47
37,Brooklyn,2024-10-16,10,other_fhv,1,
37,Brooklyn,2024-10-16,11,yellow,1,23.5
37,Brooklyn,2024-10-16,11,green,0,
37,Brooklyn,2024-10-16,11,hvfhv,190,23.65
37,Brooklyn,2024-10-16,11,other_fhv,3,
37,Brooklyn,2024-10-16,12,yellow,1,36.5
37,Brooklyn,2024-10-16,12,green,0,
37,Brooklyn,2024-10-16,12,hvfhv,190,22.64
37,Brooklyn,2024-10-16,12,other_fhv,3,
37,Brooklyn,2024-10-16,13,yellow,1,31.0
37,Brooklyn,2024-10-16,13,green,0,
37,Brooklyn,2024-10-16,13,hvfhv,231,23.53
37,Brooklyn,2024-10-16,13,other_fhv,3,
37,Brooklyn,2024-10-16,14,yellow,0,
37,Brooklyn,2024-10-16,14,green,0,
37,Brooklyn,2024-10-16,14,hvfhv,208,25.16
37,Brooklyn,2024-10-16,14,other_fhv,0,
37,Brooklyn,2024-10-16,15,yellow,0,
37,Brooklyn,2024-10-16,15,green,0,
37,Brooklyn,2024-10-16,15,hvfhv,221,21.56
37,Brooklyn,2024-10-16,15,other_fhv,3,
37,Brooklyn,2024-10-16,16,yellow,0,
37,Brooklyn,2024-10-16,16,green,0,
37,Brooklyn,2024-10-16,16,hvfhv,192,23.37
37,Brooklyn,2024-10-16,16,other_fhv,1,
37,Brooklyn,2024-10-16,17,yellow,0,
37,Brooklyn,2024-10-16,17,green,0,
37,Brooklyn,2024-10-16,17,hvfhv,254,22.3
37,Brooklyn,2024-10-16,17,other_fhv,6,
37,Brooklyn,2024-10-16,18,yellow,0,
37,Brooklyn,2024-10-16,18,green,0,
37,Brooklyn,2024-10-16,18,hvfhv,302,21.86
37,Brooklyn,2024-10-16,18,other_fhv,4,
37,Brooklyn,2024-10-16,19,yellow,0,
37,Brooklyn,2024-10-16,19,green,0,
37,Brooklyn,2024-10-16,19,hvfhv,321,19.29
37,Brooklyn,2024-10-16,19,other_fhv,4,
37,Brooklyn,2024-10-16,20,yellow,0,
37,Brooklyn,2024-10-16,20,green,0,
37,Brooklyn,2024-10-16,20,hvfhv,299,19.24
37,Brooklyn,2024-10-16,20,other_fhv,11,
37,Brooklyn,2024-10-16,21,yellow,1,12.1
37,Brooklyn,2024-10-16,21,green,0,
37,Brooklyn,2024-10-16,21,hvfhv,281,18.45
37,Brooklyn,2024-10-16,21,other_fhv,1,
37,Brooklyn,2024-10-16,22,yellow,0,
37,Brooklyn,2024-10-16,22,green,0,
37,Brooklyn,2024-10-16,22,hvfhv,317,18.45
37,Brooklyn,2024-10-16,22,other_fhv,5,
37,Brooklyn,2024-10-16,23,yellow,0,
37,Brooklyn,2024-10-16,23,green,0,
37,Brooklyn,2024-10-16,23,hvfhv,369,18.62
37,Brooklyn,2024-10-16,23,other_fhv,6,
38,Queens,2024-10-16,0,yellow,0,
38,Queens,2024-10-16,0,green,0,
38,Queens,2024-10-16,0,hvfhv,11,19.55
38,Queens,2024-10-16,0,other_fhv,0,
38,Queens,2024-10-16,1,yellow,0,
38,Queens,2024-10-16,1,green,0,
38,Queens,2024-10-16,1,hvfhv,11,16.31
38,Queens,2024-10-16,1,other_fhv,0,
38,Queens,2024-10-16,2,yellow,0,
38,Queens,2024-10-16,2,green,0,
38,Queens,2024-10-16,2,hvfhv,6,31.45
38,Queens,2024-10-16,2,other_fhv,0,
38,Queens,2024-10-16,3,yellow,0,
38,Queens,2024-10-16,3,green,0,
38,Queens,2024-10-16,3,hvfhv,8,22.39
38,Queens,2024-10-16,3,other_fhv,0,
38,Queens,2024-10-16,4,yellow,1,50.5
38,Queens,2024-10-16,4,green,0,
38,Queens,2024-10-16,4,hvfhv,9,22.67
38,Queens,2024-10-16,4,other_fhv,0,
38,Queens,2024-10-16,5,yellow,1,16.57
38,Queens,2024-10-16,5,green,0,
38,Queens,2024-10-16,5,hvfhv,17,34.32
38,Queens,2024-10-16,5,other_fhv,0,
38,Queens,2024-10-16,6,yellow,0,
38,Queens,2024-10-16,6,green,0,
38,Queens,2024-10-16,6,hvfhv,34,29.65
38,Queens,2024-10-16,6,other_fhv,0,
38,Queens,2024-10-16,7,yellow,1,42.5
38,Queens,2024-10-16,7,green,0,
38,Queens,2024-10-16,7,hvfhv,52,23.69
38,Queens,2024-10-16,7,other_fhv,0,
38,Queens,2024-10-16,8,yellow,1,50.0
38,Queens,2024-10-16,8,green,0,
38,Queens,2024-10-16,8,hvfhv,84,23.15
38,Queens,2024-10-16,8,other_fhv,1,
38,Queens,2024-10-16,9,yellow,1,25.27
38,Queens,2024-10-16,9,green,0,
38,Queens,2024-10-16,9,hvfhv,59,27.19
38,Queens,2024-10-16,9,other_fhv,2,
38,Queens,2024-10-16,10,yellow,0,
38,Queens,2024-10-16,10,green,0,
38,Queens,2024-10-16,10,hvfhv,36,23.97
38,Queens,2024-10-16,10,other_fhv,1,
38,Queens,2024-10-16,11,yellow,0,
38,Queens,2024-10-16,11,green,0,
38,Queens,2024-10-16,11,hvfhv,41,25.83
38,Queens,2024-10-16,11,other_fhv,0,
38,Queens,2024-10-16,12,yellow,0,
38,Queens,2024-10-16,12,green,0,
38,Queens,2024-10-16,12,hvfhv,34,21.9
38,Queens,2024-10-16,12,other_fhv,1,
38,Queens,2024-10-16,13,yellow,0,
38,Queens,2024-10-16,13,green,0,
38,Queens,2024-10-16,13,hvfhv,34,19.72
38,Queens,2024-10-16,13,other_fhv,1,
38,Queens,2024-10-16,14,yellow,0,
38,Queens,2024-10-16,14,green,0,
38,Queens,2024-10-16,14,hvfhv,37,25.43
38,Queens,2024-10-16,14,other_fhv,0,
38,Queens,2024-10-16,15,yellow,0,
38,Queens,2024-10-16,15,green,0,
38,Queens,2024-10-16,15,hvfhv,37,21.13
38,Queens,2024-10-16,15,other_fhv,1,
38,Queens,2024-10-16,16,yellow,0,
38,Queens,2024-10-16,16,green,0,
38,Queens,2024-10-16,16,hvfhv,32,17.66
38,Queens,2024-10-16,16,other_fhv,0,
38,Queens,2024-10-16,17,yellow,0,
38,Queens,2024-10-16,17,green,0,
38,Queens,2024-10-16,17,hvfhv,39,22.98
38,Queens,2024-10-16,17,other_fhv,1,
38,Queens,2024-10-16,18,yellow,0,
38,Queens,2024-10-16,18,green,0,
38,Queens,2024-10-16,18,hvfhv,30,17.89
38,Queens,2024-10-16,18,other_fhv,0,
38,Queens,2024-10-16,19,yellow,0,
38,Queens,2024-10-16,19,green,0,
38,Queens,2024-10-16,19,hvfhv,24,20.59
38,Queens,2024-10-16,19,other_fhv,0,
38,Queens,2024-10-16,20,yellow,0,
38,Queens,2024-10-16,20,green,0,
38,Queens,2024-10-16,20,hvfhv,20,18.41
38,Queens,2024-10-16,20,other_fhv,0,
38,Queens,2024-10-16,21,yellow,0,
38,Queens,2024-10-16,21,green,0,
38,Queens,2024-10-16,21,hvfhv,21,19.0
38,Queens,2024-10-16,21,other_fhv,0,
38,Queens,2024-10-16,22,yellow,0,
38,Queens,2024-10-16,22,green,0,
38,Queens,2024-10-16,22,hvfhv,10,25.65
38,Queens,2024-10-16,22,other_fhv,0,
38,Queens,2024-10-16,23,yellow,0,
38,Queens,2024-10-16,23,green,0,
38,Queens,2024-10-16,23,hvfhv,18,15.99
38,Queens,2024-10-16,23,other_fhv,1,
39,Brooklyn,2024-10-16,0,yellow,0,
39,Brooklyn,2024-10-16,0,green,0,
39,Brooklyn,2024-10-16,0,hvfhv,98,15.18
39,Brooklyn,2024-10-16,0,other_fhv,0,
39,Brooklyn,2024-10-16,1,yellow,2,7.49
39,Brooklyn,2024-10-16,1,green,0,
39,Brooklyn,2024-10-16,1,hvfhv,48,15.89
39,Brooklyn,2024-10-16,1,other_fhv,0,
39,Brooklyn,2024-10-16,2,yellow,0,
39,Brooklyn,2024-10-16,2,green,0,
39,Brooklyn,2024-10-16,2,hvfhv,42,15.79
39,Brooklyn,2024-10-16,2,other_fhv,0,
39,Brooklyn,2024-10-16,3,yellow,1,6.92
39,Brooklyn,2024-10-16,3,green,0,
39,Brooklyn,2024-10-16,3,hvfhv,49,18.24
39,Brooklyn,2024-10-16,3,other_fhv,1,
39,Brooklyn,2024-10-16,4,yellow,6,15.61
39,Brooklyn,2024-10-16,4,green,0,
39,Brooklyn,2024-10-16,4,hvfhv,60,22.15
39,Brooklyn,2024-10-16,4,other_fhv,0,
39,Brooklyn,2024-10-16,5,yellow,1,6.72
39,Brooklyn,2024-10-16,5,green,0,
39,Brooklyn,2024-10-16,5,hvfhv,123,23.43
39,Brooklyn,2024-10-16,5,other_fhv,0,
39,Brooklyn,2024-10-16,6,yellow,9,22.7
39,Brooklyn,2024-10-16,6,green,0,
39,Brooklyn,2024-10-16,6,hvfhv,233,24.32
39,Brooklyn,2024-10-16,6,other_fhv,2,
39,Brooklyn,2024-10-16,7,yellow,13,39.24
39,Brooklyn,2024-10-16,7,green,0,
39,Brooklyn,2024-10-16,7,hvfhv,358,23.34
39,Brooklyn,2024-10-16,7,other_fhv,5,
39,Brooklyn,2024-10-16,8,yellow,3,22.67
39,Brooklyn,2024-10-16,8,green,0,
39,Brooklyn,2024-10-16,8,hvfhv,382,18.86
39,Brooklyn,2024-10-16,8,other_fhv,7,
39,Brooklyn,2024-10-16,9,yellow,3,29.73
39,Brooklyn,2024-10-16,9,green,0,
39,Brooklyn,2024-10-16,9,hvfhv,255,19.71
39,Brooklyn,2024-10-16,9,other_fhv,4,
39,Brooklyn,2024-10-16,10,yellow,1,51.5
39,Brooklyn,2024-10-16,10,green,0,
39,Brooklyn,2024-10-16,10,hvfhv,190,17.92
39,Brooklyn,2024-10-16,10,other_fhv,4,
39,Brooklyn,2024-10-16,11,yellow,2,43.38
39,Brooklyn,2024-10-16,11,green,0,
39,Brooklyn,2024-10-16,11,hvfhv,158,17.79
39,Brooklyn,2024-10-16,11,other_fhv,10,
39,Brooklyn,2024-10-16,12,yellow,2,38.5
39,Brooklyn,2024-10-16,12,green,0,
39,Brooklyn,2024-10-16,12,hvfhv,179,18.04
39,Brooklyn,2024-10-16,12,other_fhv,13,
39,Brooklyn,2024-10-16,13,yellow,4,29.74
39,Brooklyn,2024-10-16,13,green,0,
39,Brooklyn,2024-10-16,13,hvfhv,226,19.89
39,Brooklyn,2024-10-16,13,other_fhv,12,
39,Brooklyn,2024-10-16,14,yellow,2,33.39
39,Brooklyn,2024-10-16,14,green,0,
39,Brooklyn,2024-10-16,14,hvfhv,274,16.47
39,Brooklyn,2024-10-16,14,other_fhv,1,
39,Brooklyn,2024-10-16,15,yellow,3,26.5
39,Brooklyn,2024-10-16,15,green,0,
39,Brooklyn,2024-10-16,15,hvfhv,221,18.43
39,Brooklyn,2024-10-16,15,other_fhv,2,
39,Brooklyn,2024-10-16,16,yellow,1,19.5
39,Brooklyn,2024-10-16,16,green,0,
39,Brooklyn,2024-10-16,16,hvfhv,219,16.65
39,Brooklyn,2024-10-16,16,other_fhv,2,
39,Brooklyn,2024-10-16,17,yellow,2,22.0
39,Brooklyn,2024-10-16,17,green,0,
39,Brooklyn,2024-10-16,17,hvfhv,255,16.13
39,Brooklyn,2024-10-16,17,other_fhv,2,
39,Brooklyn,2024-10-16,18,yellow,1,21.52
39,Brooklyn,2024-10-16,18,green,0,
39,Brooklyn,2024-10-16,18,hvfhv,219,16.94
39,Brooklyn,2024-10-16,18,other_fhv,1,
39,Brooklyn,2024-10-16,19,yellow,0,
39,Brooklyn,2024-10-16,19,green,0,
39,Brooklyn,2024-10-16,19,hvfhv,204,14.28
39,Brooklyn,2024-10-16,19,other_fhv,0,
39,Brooklyn,2024-10-16,20,yellow,0,
39,Brooklyn,2024-10-16,20,green,0,
39,Brooklyn,2024-10-16,20,hvfhv,180,15.68
39,Brooklyn,2024-10-16,20,other_fhv,0,
39,Brooklyn,2024-10-16,21,yellow,0,
39,Brooklyn,2024-10-16,21,green,0,
39,Brooklyn,2024-10-16,21,hvfhv,147,14.07
39,Brooklyn,2024-10-16,21,other_fhv,2,
39,Brooklyn,2024-10-16,22,yellow,0,
39,Brooklyn,2024-10-16,22,green,0,
39,Brooklyn,2024-10-16,22,hvfhv,150,17.71
39,Brooklyn,2024-10-16,22,other_fhv,0,
39,Brooklyn,2024-10-16,23,yellow,0,
39,Brooklyn,2024-10-16,23,green,0,
39,Brooklyn,2024-10-16,23,hvfhv,123,15.72
39,Brooklyn,2024-10-16,23,other_fhv,1,
40,Brooklyn,2024-10-16,0,yellow,0,
40,Brooklyn,2024-10-16,0,green,0,
40,Brooklyn,2024-10-16,0,hvfhv,19,17.65
40,Brooklyn,2024-10-16,0,other_fhv,0,
40,Brooklyn,2024-10-16,1,yellow,0,
40,Brooklyn,2024-10-16,1,green,0,
40,Brooklyn,2024-10-16,1,hvfhv,8,14.58
40,Brooklyn,2024-10-16,1,other_fhv,0,
40,Brooklyn,2024-10-16,2,yellow,0,
40,Brooklyn,2024-10-16,2,green,0,
40,Brooklyn,2024-10-16,2,hvfhv,5,21.54
40,Brooklyn,2024-10-16,2,other_fhv,0,
40,Brooklyn,2024-10-16,3,yellow,0,
40,Brooklyn,2024-10-16,3,green,0,
40,Brooklyn,2024-10-16,3,hvfhv,7,29.23
40,Brooklyn,2024-10-16,3,other_fhv,0,
40,Brooklyn,2024-10-16,4,yellow,0,
40,Brooklyn,2024-10-16,4,green,0,
40,Brooklyn,2024-10-16,4,hvfhv,17,48.88
40,Brooklyn,2024-10-16,4,other_fhv,1,
40,Brooklyn,2024-10-16,5,yellow,0,
40,Brooklyn,2024-10-16,5,green,0,
40,Brooklyn,2024-10-16,5,hvfhv,30,45.31
40,Brooklyn,2024-10-16,5,other_fhv,1,
40,Brooklyn,2024-10-16,6,yellow,2,23.11
40,Brooklyn,2024-10-16,6,green,0,
40,Brooklyn,2024-10-16,6,hvfhv,46,39.89
40,Brooklyn,2024-10-16,6,other_fhv,1,
40,Brooklyn,2024-10-16,7,yellow,8,21.25
40,Brooklyn,2024-10-16,7,green,0,
40,Brooklyn,2024-10-16,7,hvfhv,83,35.43
40,Brooklyn,2024-10-16,7,other_fhv,0,
40,Brooklyn,2024-10-16,8,yellow,4,32.22
40,Brooklyn,2024-10-16,8,green,0,
40,Brooklyn,2024-10-16,8,hvfhv,87,32.06
40,Brooklyn,2024-10-16,8,other_fhv,2,
40,Brooklyn,2024-10-16,9,yellow,0,
40,Brooklyn,2024-10-16,9,green,0,
40,Brooklyn,2024-10-16,9,hvfhv,83,32.2
40,Brooklyn,2024-10-16,9,other_fhv,2,
40,Brooklyn,2024-10-16,10,yellow,3,27.3
40,Brooklyn,2024-10-16,10,green,0,
40,Brooklyn,2024-10-16,10,hvfhv,66,33.79
40,Brooklyn,2024-10-16,10,other_fhv,1,
40,Brooklyn,2024-10-16,11,yellow,2,0.0
40,Brooklyn,2024-10-16,11,green,0,
40,Brooklyn,2024-10-16,11,hvfhv,42,26.72
40,Brooklyn,2024-10-16,11,other_fhv,2,
40,Brooklyn,2024-10-16,12,yellow,1,8.6
40,Brooklyn,2024-10-16,12,green,0,
40,Brooklyn,2024-10-16,12,hvfhv,53,36.45
40,Brooklyn,2024-10-16,12,other_fhv,0,
40,Brooklyn,2024-10-16,13,yellow,1,0.01
40,Brooklyn,2024-10-16,13,green,0,
40,Brooklyn,2024-10-16,13,hvfhv,41,29.2
40,Brooklyn,2024-10-16,13,other_fhv,0,
40,Brooklyn,2024-10-16,14,yellow,0,
40,Brooklyn,2024-10-16,14,green,1,24.5
40,Brooklyn,2024-10-16,14,hvfhv,50,39.2
40,Brooklyn,2024-10-16,14,other_fhv,0,
40,Brooklyn,2024-10-16,15,yellow,2,32.02
40,Brooklyn,2024-10-16,15,green,0,
40,Brooklyn,2024-10-16,15,hvfhv,67,29.73
40,Brooklyn,2024-10-16,15,other_fhv,0,
40,Brooklyn,2024-10-16,16,yellow,1,15.26
40,Brooklyn,2024-10-16,16,green,0,
40,Brooklyn,2024-10-16,16,hvfhv,74,25.42
40,Brooklyn,2024-10-16,16,other_fhv,1,
40,Brooklyn,2024-10-16,17,yellow,1,68.1
40,Brooklyn,2024-10-16,17,green,0,
40,Brooklyn,2024-10-16,17,hvfhv,82,26.6
40,Brooklyn,2024-10-16,17,other_fhv,0,
40,Brooklyn,2024-10-16,18,yellow,1,17.7
40,Brooklyn,2024-10-16,18,green,0,
40,Brooklyn,2024-10-16,18,hvfhv,85,27.17
40,Brooklyn,2024-10-16,18,other_fhv,0,
40,Brooklyn,2024-10-16,19,yellow,0,
40,Brooklyn,2024-10-16,19,green,0,
40,Brooklyn,2024-10-16,19,hvfhv,92,20.05
40,Brooklyn,2024-10-16,19,other_fhv,0,
40,Brooklyn,2024-10-16,20,yellow,1,10.7
40,Brooklyn,2024-10-16,20,green,0,
40,Brooklyn,2024-10-16,20,hvfhv,81,23.92
40,Brooklyn,2024-10-16,20,other_fhv,2,
40,Brooklyn,2024-10-16,21,yellow,1,102.4
40,Brooklyn,2024-10-16,21,green,0,
40,Brooklyn,2024-10-16,21,hvfhv,95,21.75
40,Brooklyn,2024-10-16,21,other_fhv,0,
40,Brooklyn,2024-10-16,22,yellow,0,
40,Brooklyn,2024-10-16,22,green,0,
40,Brooklyn,2024-10-16,22,hvfhv,82,17.77
40,Brooklyn,2024-10-16,22,other_fhv,5,
40,Brooklyn,2024-10-16,23,yellow,0,
40,Brooklyn,2024-10-16,23,green,0,
40,Brooklyn,2024-10-16,23,hvfhv,50,20.74
40,Brooklyn,2024-10-16,23,other_fhv,2,
41,Manhattan,2024-10-16,0,yellow,0,
41,Manhattan,2024-10-16,0,green,0,
41,Manhattan,2024-10-16,0,hvfhv,69,18.76
41,Manhattan,2024-10-16,0,other_fhv,1,
41,Manhattan,2024-10-16,1,yellow,0,
41,Manhattan,2024-10-16,1,green,0,
41,Manhattan,2024-10-16,1,hvfhv,33,18.0
41,Manhattan,2024-10-16,1,other_fhv,1,
41,Manhattan,2024-10-16,2,yellow,1,7.2
41,Manhattan,2024-10-16,2,green,0,
41,Manhattan,2024-10-16,2,hvfhv,23,20.12
41,Manhattan,2024-10-16,2,other_fhv,0,
41,Manhattan,2024-10-16,3,yellow,2,20.26
41,Manhattan,2024-10-16,3,green,0,
41,Manhattan,2024-10-16,3,hvfhv,18,27.48
41,Manhattan,2024-10-16,3,other_fhv,0,
41,Manhattan,2024-10-16,4,yellow,2,63.01
41,Manhattan,2024-10-16,4,green,0,
41,Manhattan,2024-10-16,4,hvfhv,51,29.45
41,Manhattan,2024-10-16,4,other_fhv,0,
41,Manhattan,2024-10-16,5,yellow,6,15.36
41,Manhattan,2024-10-16,5,green,1,31.0
41,Manhattan,2024-10-16,5,hvfhv,75,35.37
41,Manhattan,2024-10-16,5,other_fhv,1,
41,Manhattan,2024-10-16,6,yellow,18,16.69
41,Manhattan,2024-10-16,6,green,1,33.1
41,Manhattan,2024-10-16,6,hvfhv,139,32.41
41,Manhattan,2024-10-16,6,other_fhv,0,
41,Manhattan,2024-10-16,7,yellow,35,15.65
41,Manhattan,2024-10-16,7,green,5,10.14
41,Manhattan,2024-10-16,7,hvfhv,212,27.16
41,Manhattan,2024-10-16,7,other_fhv,4,
41,Manhattan,2024-10-16,8,yellow,41,14.93
41,Manhattan,2024-10-16,8,green,13,12.85
41,Manhattan,2024-10-16,8,hvfhv,314,23.67
41,Manhattan,2024-10-16,8,other_fhv,2,
41,Manhattan,2024-10-16,9,yellow,14,18.77
41,Manhattan,2024-10-16,9,green,8,16.25
41,Manhattan,2024-10-16,9,hvfhv,205,21.53
41,Manhattan,2024-10-16,9,other_fhv,3,
41,Manhattan,2024-10-16,10,yellow,18,17.49
41,Manhattan,2024-10-16,10,green,3,12.57
41,Manhattan,2024-10-16,10,hvfhv,182,22.71
41,Manhattan,2024-10-16,10,other_fhv,5,
41,Manhattan,2024-10-16,11,yellow,17,17.08
41,Manhattan,2024-10-16,11,green,7,13.7
41,Manhattan,2024-10-16,11,hvfhv,175,24.19
41,Manhattan,2024-10-16,11,other_fhv,1,
41,Manhattan,2024-10-16,12,yellow,14,15.4
41,Manhattan,2024-10-16,12,green,4,10.35
41,Manhattan,2024-10-16,12,hvfhv,190,20.72
41,Manhattan,2024-10-16,12,other_fhv,3,
41,Manhattan,2024-10-16,13,yellow,7,11.9
41,Manhattan,2024-10-16,13,green,6,17.38
41,Manhattan,2024-10-16,13,hvfhv,191,23.64
41,Manhattan,2024-10-16,13,other_fhv,3,
41,Manhattan,2024-10-16,14,yellow,25,14.39
41,Manhattan,2024-10-16,14,green,7,9.2
41,Manhattan,2024-10-16,14,hvfhv,212,20.54
41,Manhattan,2024-10-16,14,other_fhv,0,
41,Manhattan,2024-10-16,15,yellow,13,13.03
41,Manhattan,2024-10-16,15,green,6,21.65
41,Manhattan,2024-10-16,15,hvfhv,225,24.56
41,Manhattan,2024-10-16,15,other_fhv,1,
41,Manhattan,2024-10-16,16,yellow,17,13.43
41,Manhattan,2024-10-16,16,green,7,10.7
41,Manhattan,2024-10-16,16,hvfhv,173,20.74
41,Manhattan,2024-10-16,16,other_fhv,2,
41,Manhattan,2024-10-16,17,yellow,22,19.63
41,Manhattan,2024-10-16,17,green,9,18.79
41,Manhattan,2024-10-16,17,hvfhv,235,21.46
41,Manhattan,2024-10-16,17,other_fhv,1,
41,Manhattan,2024-10-16,18,yellow,27,16.15
41,Manhattan,2024-10-16,18,green,4,16.12
41,Manhattan,2024-10-16,18,hvfhv,280,20.94
41,Manhattan,2024-10-16,18,other_fhv,0,
41,Manhattan,2024-10-16,19,yellow,11,12.57
41,Manhattan,2024-10-16,19,green,3,7.67
41,Manhattan,2024-10-16,19,hvfhv,260,19.77
41,Manhattan,2024-10-16,19,other_fhv,1,
41,Manhattan,2024-10-16,20,yellow,9,12.88
41,Manhattan,2024-10-16,20,green,2,46.4
41,Manhattan,2024-10-16,20,hvfhv,207,16.9
41,Manhattan,2024-10-16,20,other_fhv,1,
41,Manhattan,2024-10-16,21,yellow,10,16.72
41,Manhattan,2024-10-16,21,green,7,13.7
41,Manhattan,2024-10-16,21,hvfhv,258,22.48
41,Manhattan,2024-10-16,21,other_fhv,3,
41,Manhattan,2024-10-16,22,yellow,7,9.7
41,Manhattan,2024-10-16,22,green,0,
41,Manhattan,2024-10-16,22,hvfhv,166,22.95
41,Manhattan,2024-10-16,22,other_fhv,1,
41,Manhattan,2024-10-16,23,yellow,5,25.95
41,Manhattan,2024-10-16,23,green,1,11.4
41,Manhattan,2024-10-16,23,hvfhv,143,18.65
41,Manhattan,2024-10-16,23,other_fhv,0,
42,Manhattan,2024-10-16,0,yellow,3,8.66
42,Manhattan,2024-10-16,0,green,0,
42,Manhattan,2024-10-16,0,hvfhv,130,17.37
42,Manhattan,2024-10-16,0,other_fhv,4,
42,Manhattan,2024-10-16,1,yellow,0,
42,Manhattan,2024-10-16,1,green,1,30.3
42,Manhattan,2024-10-16,1,hvfhv,84,16.99
42,Manhattan,2024-10-16,1,other_fhv,1,
42,Manhattan,2024-10-16,2,yellow,2,0.0
42,Manhattan,2024-10-16,2,green,0,
42,Manhattan,2024-10-16,2,hvfhv,62,18.43
42,Manhattan,2024-10-16,2,other_fhv,0,
42,Manhattan,2024-10-16,3,yellow,0,
42,Manhattan,2024-10-16,3,green,0,
42,Manhattan,2024-10-16,3,hvfhv,54,24.19
42,Manhattan,2024-10-16,3,other_fhv,0,
42,Manhattan,2024-10-16,4,yellow,1,30.5
42,Manhattan,2024-10-16,4,green,0,
42,Manhattan,2024-10-16,4,hvfhv,76,23.12
42,Manhattan,2024-10-16,4,other_fhv,0,
42,Manhattan,2024-10-16,5,yellow,2,12.61
42,Manhattan,2024-10-16,5,green,0,
42,Manhattan,2024-10-16,5,hvfhv,107,24.22
42,Manhattan,2024-10-16,5,other_fhv,0,
42,Manhattan,2024-10-16,6,yellow,21,24.29
42,Manhattan,2024-10-16,6,green,3,26.47
42,Manhattan,2024-10-16,6,hvfhv,200,25.56
42,Manhattan,2024-10-16,6,other_fhv,1,
42,Manhattan,2024-10-16,7,yellow,34,17.94
42,Manhattan,2024-10-16,7,green,5,12.94
42,Manhattan,2024-10-16,7,hvfhv,392,22.64
42,Manhattan,2024-10-16,7,other_fhv,0,
42,Manhattan,2024-10-16,8,yellow,30,20.36
42,Manhattan,2024-10-16,8,green,3,18.98
42,Manhattan,2024-10-16,8,hvfhv,488,21.62
42,Manhattan,2024-10-16,8,other_fhv,2,
42,Manhattan,2024-10-16,9,yellow,5,26.62
42,Manhattan,2024-10-16,9,green,3,17.49
42,Manhattan,2024-10-16,9,hvfhv,355,21.03
42,Manhattan,2024-10-16,9,other_fhv,3,
42,Manhattan,2024-10-16,10,yellow,10,22.21
42,Manhattan,2024-10-16,10,green,3,9.77
42,Manhattan,2024-10-16,10,hvfhv,262,20.51
42,Manhattan,2024-10-16,10,other_fhv,1,
42,Manhattan,2024-10-16,11,yellow,9,26.48
42,Manhattan,2024-10-16,11,green,1,38.84
42,Manhattan,2024-10-16,11,hvfhv,208,20.23
42,Manhattan,2024-10-16,11,other_fhv,1,
42,Manhattan,2024-10-16,12,yellow,5,26.59
42,Manhattan,2024-10-16,12,green,2,16.65
42,Manhattan,2024-10-16,12,hvfhv,201,19.19
42,Manhattan,2024-10-16,12,other_fhv,4,
42,Manhattan,2024-10-16,13,yellow,10,17.15
42,Manhattan,2024-10-16,13,green,2,11.4
42,Manhattan,2024-10-16,13,hvfhv,240,19.41
42,Manhattan,2024-10-16,13,other_fhv,4,
42,Manhattan,2024-10-16,14,yellow,10,23.03
42,Manhattan,2024-10-16,14,green,3,9.3
42,Manhattan,2024-10-16,14,hvfhv,264,20.48
42,Manhattan,2024-10-16,14,other_fhv,1,
42,Manhattan,2024-10-16,15,yellow,7,28.35
42,Manhattan,2024-10-16,15,green,1,16.3
42,Manhattan,2024-10-16,15,hvfhv,262,21.66
42,Manhattan,2024-10-16,15,other_fhv,1,
42,Manhattan,2024-10-16,16,yellow,5,10.74
42,Manhattan,2024-10-16,16,green,3,15.13
42,Manhattan,2024-10-16,16,hvfhv,253,21.81
42,Manhattan,2024-10-16,16,other_fhv,2,
42,Manhattan,2024-10-16,17,yellow,4,20.64
42,Manhattan,2024-10-16,17,green,0,
42,Manhattan,2024-10-16,17,hvfhv,263,21.19
42,Manhattan,2024-10-16,17,other_fhv,1,
42,Manhattan,2024-10-16,18,yellow,18,17.82
42,Manhattan,2024-10-16,18,green,0,
42,Manhattan,2024-10-16,18,hvfhv,295,19.72
42,Manhattan,2024-10-16,18,other_fhv,0,
42,Manhattan,2024-10-16,19,yellow,3,33.58
42,Manhattan,2024-10-16,19,green,0,
42,Manhattan,2024-10-16,19,hvfhv,288,19.61
42,Manhattan,2024-10-16,19,other_fhv,0,
42,Manhattan,2024-10-16,20,yellow,6,18.72
42,Manhattan,2024-10-16,20,green,1,26.1
42,Manhattan,2024-10-16,20,hvfhv,232,17.62
42,Manhattan,2024-10-16,20,other_fhv,1,
42,Manhattan,2024-10-16,21,yellow,1,6.47
42,Manhattan,2024-10-16,21,green,0,
42,Manhattan,2024-10-16,21,hvfhv,200,16.83
42,Manhattan,2024-10-16,21,other_fhv,3,
42,Manhattan,2024-10-16,22,yellow,6,17.26
42,Manhattan,2024-10-16,22,green,0,
42,Manhattan,2024-10-16,22,hvfhv,225,16.86
42,Manhattan,2024-10-16,22,other_fhv,0,
42,Manhattan,2024-10-16,23,yellow,3,18.86
42,Manhattan,2024-10-16,23,green,0,
42,Manhattan,2024-10-16,23,hvfhv,200,15.41
42,Manhattan,2024-10-16,23,other_fhv,2,
43,Manhattan,2024-10-16,0,yellow,7,13.86
43,Manhattan,2024-10-16,0,green,0,
43,Manhattan,2024-10-16,0,hvfhv,10,48.02
43,Manhattan,2024-10-16,0,other_fhv,0,
43,Manhattan,2024-10-16,1,yellow,2,5.49
43,Manhattan,2024-10-16,1,green,0,
43,Manhattan,2024-10-16,1,hvfhv,8,36.97
43,Manhattan,2024-10-16,1,other_fhv,0,
43,Manhattan,2024-10-16,2,yellow,2,14.94
43,Manhattan,2024-10-16,2,green,0,
43,Manhattan,2024-10-16,2,hvfhv,2,19.7
43,Manhattan,2024-10-16,2,other_fhv,0,
43,Manhattan,2024-10-16,3,yellow,1,19.1
43,Manhattan,2024-10-16,3,green,0,
43,Manhattan,2024-10-16,3,hvfhv,1,6.67
43,Manhattan,2024-10-16,3,other_fhv,0,
43,Manhattan,2024-10-16,4,yellow,2,25.05
43,Manhattan,2024-10-16,4,green,0,
43,Manhattan,2024-10-16,4,hvfhv,5,34.7
43,Manhattan,2024-10-16,4,other_fhv,0,
43,Manhattan,2024-10-16,5,yellow,4,30.83
43,Manhattan,2024-10-16,5,green,0,
43,Manhattan,2024-10-16,5,hvfhv,7,63.38
43,Manhattan,2024-10-16,5,other_fhv,0,
43,Manhattan,2024-10-16,6,yellow,14,15.08
43,Manhattan,2024-10-16,6,green,1,16.3
43,Manhattan,2024-10-16,6,hvfhv,11,28.45
43,Manhattan,2024-10-16,6,other_fhv,0,
43,Manhattan,2024-10-16,7,yellow,42,13.12
43,Manhattan,2024-10-16,7,green,0,
43,Manhattan,2024-10-16,7,hvfhv,26,30.3
43,Manhattan,2024-10-16,7,other_fhv,0,
43,Manhattan,2024-10-16,8,yellow,84,14.94
43,Manhattan,2024-10-16,8,green,3,11.4
43,Manhattan,2024-10-16,8,hvfhv,42,44.48
43,Manhattan,2024-10-16,8,other_fhv,1,
43,Manhattan,2024-10-16,9,yellow,87,15.8
43,Manhattan,2024-10-16,9,green,3,11.17
43,Manhattan,2024-10-16,9,hvfhv,46,34.99
43,Manhattan,2024-10-16,9,other_fhv,0,
43,Manhattan,2024-10-16,10,yellow,104,14.49
43,Manhattan,2024-10-16,10,green,6,11.87
43,Manhattan,2024-10-16,10,hvfhv,49,34.78
43,Manhattan,2024-10-16,10,other_fhv,1,
43,Manhattan,2024-10-16,11,yellow,129,16.64
43,Manhattan,2024-10-16,11,green,6,15.6
43,Manhattan,2024-10-16,11,hvfhv,46,42.08
43,Manhattan,2024-10-16,11,other_fhv,2,
43,Manhattan,2024-10-16,12,yellow,115,15.48
43,Manhattan,2024-10-16,12,green,8,18.75
43,Manhattan,2024-10-16,12,hvfhv,52,34.44
43,Manhattan,2024-10-16,12,other_fhv,0,
43,Manhattan,2024-10-16,13,yellow,103,18.65
43,Manhattan,2024-10-16,13,green,9,15.06
43,Manhattan,2024-10-16,13,hvfhv,36,30.49
43,Manhattan,2024-10-16,13,other_fhv,0,
43,Manhattan,2024-10-16,14,yellow,125,16.95
43,Manhattan,2024-10-16,14,green,10,20.01
43,Manhattan,2024-10-16,14,hvfhv,59,37.27
43,Manhattan,2024-10-16,14,other_fhv,0,
43,Manhattan,2024-10-16,15,yellow,119,16.81
43,Manhattan,2024-10-16,15,green,10,20.64
43,Manhattan,2024-10-16,15,hvfhv,53,42.64
43,Manhattan,2024-10-16,15,other_fhv,0,
43,Manhattan,2024-10-16,16,yellow,125,15.81
43,Manhattan,2024-10-16,16,green,14,15.45
43,Manhattan,2024-10-16,16,hvfhv,54,39.45
43,Manhattan,2024-10-16,16,other_fhv,0,
43,Manhattan,2024-10-16,17,yellow,124,15.9
43,Manhattan,2024-10-16,17,green,16,13.72
43,Manhattan,2024-10-16,17,hvfhv,61,37.82
43,Manhattan,2024-10-16,17,other_fhv,0,
43,Manhattan,2024-10-16,18,yellow,132,15.52
43,Manhattan,2024-10-16,18,green,15,14.62
43,Manhattan,2024-10-16,18,hvfhv,55,38.43
43,Manhattan,2024-10-16,18,other_fhv,0,
43,Manhattan,2024-10-16,19,yellow,87,13.27
43,Manhattan,2024-10-16,19,green,9,13.03
43,Manhattan,2024-10-16,19,hvfhv,44,31.11
43,Manhattan,2024-10-16,19,other_fhv,2,
43,Manhattan,2024-10-16,20,yellow,100,15.1
43,Manhattan,2024-10-16,20,green,2,10.7
43,Manhattan,2024-10-16,20,hvfhv,39,32.4
43,Manhattan,2024-10-16,20,other_fhv,0,
43,Manhattan,2024-10-16,21,yellow,105,12.57
43,Manhattan,2024-10-16,21,green,3,11.87
43,Manhattan,2024-10-16,21,hvfhv,41,28.01
43,Manhattan,2024-10-16,21,other_fhv,0,
43,Manhattan,2024-10-16,22,yellow,44,16.63
43,Manhattan,2024-10-16,22,green,1,7.2
43,Manhattan,2024-10-16,22,hvfhv,26,38.75
43,Manhattan,2024-10-16,22,other_fhv,0,
43,Manhattan,2024-10-16,23,yellow,32,17.83
43,Manhattan,2024-10-16,23,green,0,
43,Manhattan,2024-10-16,23,hvfhv,22,48.91
43,Manhattan,2024-10-16,23,other_fhv,0,
44,Staten Island,2024-10-16,0,yellow,0,
44,Staten Island,2024-10-16,0,green,0,
44,Staten Island,2024-10-16,0,hvfhv,1,20.18
44,Staten Island,2024-10-16,0,other_fhv,0,
44,Staten Island,2024-10-16,1,yellow,0,
44,Staten Island,2024-10-16,1,green,0,
44,Staten Island,2024-10-16,1,hvfhv,2,46.1
44,Staten Island,2024-10-16,1,other_fhv,0,
44,Staten Island,2024-10-16,2,yellow,0,
44,Staten Island,2024-10-16,2,green,0,
44,Staten Island,2024-10-16,2,hvfhv,1,30.35
44,Staten Island,2024-10-16,2,other_fhv,0,
44,Staten Island,2024-10-16,3,yellow,0,
44,Staten Island,2024-10-16,3,green,0,
44,Staten Island,2024-10-16,3,hvfhv,5,58.4
44,Staten Island,2024-10-16,3,other_fhv,0,
44,Staten Island,2024-10-16,4,yellow,0,
44,Staten Island,2024-10-16,4,green,0,
44,Staten Island,2024-10-16,4,hvfhv,6,55.19
44,Staten Island,2024-10-16,4,other_fhv,0,
44,Staten Island,2024-10-16,5,yellow,0,
44,Staten Island,2024-10-16,5,green,0,
44,Staten Island,2024-10-16,5,hvfhv,3,8.98
44,Staten Island,2024-10-16,5,other_fhv,0,
44,Staten Island,2024-10-16,6,yellow,0,
44,Staten Island,2024-10-16,6,green,0,
44,Staten Island,2024-10-16,6,hvfhv,7,31.25
44,Staten Island,2024-10-16,6,other_fhv,1,
44,Staten Island,2024-10-16,7,yellow,0,
44,Staten Island,2024-10-16,7,green,0,
44,Staten Island,2024-10-16,7,hvfhv,13,17.41
44,Staten Island,2024-10-16,7,other_fhv,2,
44,Staten Island,2024-10-16,8,yellow,0,
44,Staten Island,2024-10-16,8,green,0,
44,Staten Island,2024-10-16,8,hvfhv,12,29.04
44,Staten Island,2024-10-16,8,other_fhv,4,
44,Staten Island,2024-10-16,9,yellow,0,
44,Staten Island,2024-10-16,9,green,0,
44,Staten Island,2024-10-16,9,hvfhv,8,18.16
44,Staten Island,2024-10-16,9,other_fhv,4,
44,Staten Island,2024-10-16,10,yellow,0,
44,Staten Island,2024-10-16,10,green,0,
44,Staten Island,2024-10-16,10,hvfhv,11,29.16
44,Staten Island,2024-10-16,10,other_fhv,2,
44,Staten Island,2024-10-16,11,yellow,0,
44,Staten Island,2024-10-16,11,green,0,
44,Staten Island,2024-10-16,11,hvfhv,20,20.11
44,Staten Island,2024-10-16,11,other_fhv,5,
44,Staten Island,2024-10-16,12,yellow,0,
44,Staten Island,2024-10-16,12,green,0,
44,Staten Island,2024-10-16,12,hvfhv,14,23.27
44,Staten Island,2024-10-16,12,other_fhv,0,
44,Staten Island,2024-10-16,13,yellow,0,
44,Staten Island,2024-10-16,13,green,0,
44,Staten Island,2024-10-16,13,hvfhv,10,34.61
44,Staten Island,2024-10-16,13,other_fhv,2,
44,Staten Island,2024-10-16,14,yellow,0,
44,Staten Island,2024-10-16,14,green,0,
44,Staten Island,2024-10-16,14,hvfhv,23,32.4
44,Staten Island,2024-10-16,14,other_fhv,5,
44,Staten Island,2024-10-16,15,yellow,0,
44,Staten Island,2024-10-16,15,green,0,
44,Staten Island,2024-10-16,15,hvfhv,14,36.44
44,Staten Island,2024-10-16,15,other_fhv,3,
44,Staten Island,2024-10-16,16,yellow,0,
44,Staten Island,2024-10-16,16,green,0,
44,Staten Island,2024-10-16,16,hvfhv,15,16.67
44,Staten Island,2024-10-16,16,other_fhv,0,
44,Staten Island,2024-10-16,17,yellow,0,
44,Staten Island,2024-10-16,17,green,0,
44,Staten Island,2024-10-16,17,hvfhv,24,24.75
44,Staten Island,2024-10-16,17,other_fhv,0,
44,Staten Island,2024-10-16,18,yellow,0,
44,Staten Island,2024-10-16,18,green,0,
44,Staten Island,2024-10-16,18,hvfhv,14,20.3
44,Staten Island,2024-10-16,18,other_fhv,0,
44,Staten Island,2024-10-16,19,yellow,0,
44,Staten Island,2024-10-16,19,green,0,
44,Staten Island,2024-10-16,19,hvfhv,15,29.58
44,Staten Island,2024-10-16,19,other_fhv,0,
44,Staten Island,2024-10-16,20,yellow,0,
44,Staten Island,2024-10-16,20,green,0,
44,Staten Island,2024-10-16,20,hvfhv,7,30.32
44,Staten Island,2024-10-16,20,other_fhv,1,
44,Staten Island,2024-10-16,21,yellow,0,
44,Staten Island,2024-10-16,21,green,0,
44,Staten Island,2024-10-16,21,hvfhv,8,29.1
44,Staten Island,2024-10-16,21,other_fhv,0,
44,Staten Island,2024-10-16,22,yellow,0,
44,Staten Island,2024-10-16,22,green,0,
44,Staten Island,2024-10-16,22,hvfhv,9,18.98
44,Staten Island,2024-10-16,22,other_fhv,0,
44,Staten Island,2024-10-16,23,yellow,0,
44,Staten Island,2024-10-16,23,green,0,
44,Staten Island,2024-10-16,23,hvfhv,6,21.48
44,Staten Island,2024-10-16,23,other_fhv,0,
45,Manhattan,2024-10-16,0,yellow,4,12.1
45,Manhattan,2024-10-16,0,green,0,
45,Manhattan,2024-10-16,0,hvfhv,55,27.8
45,Manhattan,2024-10-16,0,other_fhv,0,
45,Manhattan,2024-10-16,1,yellow,3,13.97
45,Manhattan,2024-10-16,1,green,0,
45,Manhattan,2024-10-16,1,hvfhv,31,21.72
45,Manhattan,2024-10-16,1,other_fhv,0,
45,Manhattan,2024-10-16,2,yellow,0,
45,Manhattan,2024-10-16,2,green,0,
45,Manhattan,2024-10-16,2,hvfhv,16,22.58
45,Manhattan,2024-10-16,2,other_fhv,0,
45,Manhattan,2024-10-16,3,yellow,0,
45,Manhattan,2024-10-16,3,green,0,
45,Manhattan,2024-10-16,3,hvfhv,16,19.42
45,Manhattan,2024-10-16,3,other_fhv,0,
45,Manhattan,2024-10-16,4,yellow,0,
45,Manhattan,2024-10-16,4,green,0,
45,Manhattan,2024-10-16,4,hvfhv,20,30.97
45,Manhattan,2024-10-16,4,other_fhv,0,
45,Manhattan,2024-10-16,5,yellow,1,26.8
45,Manhattan,2024-10-16,5,green,0,
45,Manhattan,2024-10-16,5,hvfhv,12,24.39
45,Manhattan,2024-10-16,5,other_fhv,0,
45,Manhattan,2024-10-16,6,yellow,1,19.67
45,Manhattan,2024-10-16,6,green,0,
45,Manhattan,2024-10-16,6,hvfhv,22,24.62
45,Manhattan,2024-10-16,6,other_fhv,1,
45,Manhattan,2024-10-16,7,yellow,7,26.82
45,Manhattan,2024-10-16,7,green,0,
45,Manhattan,2024-10-16,7,hvfhv,50,28.89
45,Manhattan,2024-10-16,7,other_fhv,2,
45,Manhattan,2024-10-16,8,yellow,7,10.41
45,Manhattan,2024-10-16,8,green,0,
45,Manhattan,2024-10-16,8,hvfhv,53,30.91
45,Manhattan,2024-10-16,8,other_fhv,1,
45,Manhattan,2024-10-16,9,yellow,5,9.53
45,Manhattan,2024-10-16,9,green,0,
45,Manhattan,2024-10-16,9,hvfhv,73,24.08
45,Manhattan,2024-10-16,9,other_fhv,0,
45,Manhattan,2024-10-16,10,yellow,6,27.62
45,Manhattan,2024-10-16,10,green,0,
45,Manhattan,2024-10-16,10,hvfhv,49,27.39
45,Manhattan,2024-10-16,10,other_fhv,2,
45,Manhattan,2024-10-16,11,yellow,12,16.37
45,Manhattan,2024-10-16,11,green,0,
45,Manhattan,2024-10-16,11,hvfhv,55,28.73
45,Manhattan,2024-10-16,11,other_fhv,2,
45,Manhattan,2024-10-16,12,yellow,9,28.64
45,Manhattan,2024-10-16,12,green,0,
45,Manhattan,2024-10-16,12,hvfhv,58,31.74
45,Manhattan,2024-10-16,12,other_fhv,0,
45,Manhattan,2024-10-16,13,yellow,9,38.66
45,Manhattan,2024-10-16,13,green,0,
45,Manhattan,2024-10-16,13,hvfhv,63,32.22
45,Manhattan,2024-10-16,13,other_fhv,2,
45,Manhattan,2024-10-16,14,yellow,14,19.9
45,Manhattan,2024-10-16,14,green,0,
45,Manhattan,2024-10-16,14,hvfhv,65,29.15
45,Manhattan,2024-10-16,14,other_fhv,1,
45,Manhattan,2024-10-16,15,yellow,16,27.68
45,Manhattan,2024-10-16,15,green,0,
45,Manhattan,2024-10-16,15,hvfhv,57,38.1
45,Manhattan,2024-10-16,15,other_fhv,1,
45,Manhattan,2024-10-16,16,yellow,14,30.94
45,Manhattan,2024-10-16,16,green,0,
45,Manhattan,2024-10-16,16,hvfhv,62,36.74
45,Manhattan,2024-10-16,16,other_fhv,0,
45,Manhattan,2024-10-16,17,yellow,11,23.87
45,Manhattan,2024-10-16,17,green,0,
45,Manhattan,2024-10-16,17,hvfhv,72,33.45
45,Manhattan,2024-10-16,17,other_fhv,0,
45,Manhattan,2024-10-16,18,yellow,9,23.44
45,Manhattan,2024-10-16,18,green,0,
45,Manhattan,2024-10-16,18,hvfhv,87,28.75
45,Manhattan,2024-10-16,18,other_fhv,0,
45,Manhattan,2024-10-16,19,yellow,8,21.07
45,Manhattan,2024-10-16,19,green,0,
45,Manhattan,2024-10-16,19,hvfhv,85,28.74
45,Manhattan,2024-10-16,19,other_fhv,1,
45,Manhattan,2024-10-16,20,yellow,15,15.48
45,Manhattan,2024-10-16,20,green,0,
45,Manhattan,2024-10-16,20,hvfhv,113,25.94
45,Manhattan,2024-10-16,20,other_fhv,2,
45,Manhattan,2024-10-16,21,yellow,9,21.64
45,Manhattan,2024-10-16,21,green,0,
45,Manhattan,2024-10-16,21,hvfhv,123,28.26
45,Manhattan,2024-10-16,21,other_fhv,1,
45,Manhattan,2024-10-16,22,yellow,12,18.63
45,Manhattan,2024-10-16,22,green,0,
45,Manhattan,2024-10-16,22,hvfhv,92,25.06
45,Manhattan,2024-10-16,22,other_fhv,0,
45,Manhattan,2024-10-16,23,yellow,8,8.53
45,Manhattan,2024-10-16,23,green,0,
45,Manhattan,2024-10-16,23,hvfhv,102,23.02
45,Manhattan,2024-10-16,23,other_fhv,0,
46,Bronx,2024-10-16,0,yellow,0,
46,Bronx,2024-10-16,0,green,0,
46,Bronx,2024-10-16,0,hvfhv,1,15.21
46,Bronx,2024-10-16,0,other_fhv,0,
46,Bronx,2024-10-16,1,yellow,0,
46,Bronx,2024-10-16,1,green,0,
46,Bronx,2024-10-16,1,hvfhv,1,20.23
46,Bronx,2024-10-16,1,other_fhv,0,
46,Bronx,2024-10-16,2,yellow,0,
46,Bronx,2024-10-16,2,green,0,
46,Bronx,2024-10-16,2,hvfhv,1,25.75
46,Bronx,2024-10-16,2,other_fhv,0,
46,Bronx,2024-10-16,3,yellow,0,
46,Bronx,2024-10-16,3,green,0,
46,Bronx,2024-10-16,3,hvfhv,0,
46,Bronx,2024-10-16,3,other_fhv,0,
46,Bronx,2024-10-16,4,yellow,0,
46,Bronx,2024-10-16,4,green,0,
46,Bronx,2024-10-16,4,hvfhv,3,32.46
46,Bronx,2024-10-16,4,other_fhv,0,
46,Bronx,2024-10-16,5,yellow,0,
46,Bronx,2024-10-16,5,green,0,
46,Bronx,2024-10-16,5,hvfhv,3,61.13
46,Bronx,2024-10-16,5,other_fhv,0,
46,Bronx,2024-10-16,6,yellow,0,
46,Bronx,2024-10-16,6,green,0,
46,Bronx,2024-10-16,6,hvfhv,3,72.12
46,Bronx,2024-10-16,6,other_fhv,0,
46,Bronx,2024-10-16,7,yellow,0,
46,Bronx,2024-10-16,7,green,0,
46,Bronx,2024-10-16,7,hvfhv,5,39.22
46,Bronx,2024-10-16,7,other_fhv,0,
46,Bronx,2024-10-16,8,yellow,0,
46,Bronx,2024-10-16,8,green,0,
46,Bronx,2024-10-16,8,hvfhv,6,28.72
46,Bronx,2024-10-16,8,other_fhv,0,
46,Bronx,2024-10-16,9,yellow,0,
46,Bronx,2024-10-16,9,green,0,
46,Bronx,2024-10-16,9,hvfhv,8,34.87
46,Bronx,2024-10-16,9,other_fhv,0,
46,Bronx,2024-10-16,10,yellow,0,
46,Bronx,2024-10-16,10,green,0,
46,Bronx,2024-10-16,10,hvfhv,3,42.58
46,Bronx,2024-10-16,10,other_fhv,0,
46,Bronx,2024-10-16,11,yellow,1,39.5
46,Bronx,2024-10-16,11,green,0,
46,Bronx,2024-10-16,11,hvfhv,2,53.4
46,Bronx,2024-10-16,11,other_fhv,0,
46,Bronx,2024-10-16,12,yellow,0,
46,Bronx,2024-10-16,12,green,0,
46,Bronx,2024-10-16,12,hvfhv,5,19.62
46,Bronx,2024-10-16,12,other_fhv,0,
46,Bronx,2024-10-16,13,yellow,0,
46,Bronx,2024-10-16,13,green,0,
46,Bronx,2024-10-16,13,hvfhv,1,26.84
46,Bronx,2024-10-16,13,other_fhv,0,
46,Bronx,2024-10-16,14,yellow,0,
46,Bronx,2024-10-16,14,green,0,
46,Bronx,2024-10-16,14,hvfhv,3,32.87
46,Bronx,2024-10-16,14,other_fhv,0,
46,Bronx,2024-10-16,15,yellow,0,
46,Bronx,2024-10-16,15,green,0,
46,Bronx,2024-10-16,15,hvfhv,7,33.11
46,Bronx,2024-10-16,15,other_fhv,0,
46,Bronx,2024-10-16,16,yellow,0,
46,Bronx,2024-10-16,16,green,0,
46,Bronx,2024-10-16,16,hvfhv,5,27.86
46,Bronx,2024-10-16,16,other_fhv,0,
46,Bronx,2024-10-16,17,yellow,0,
46,Bronx,2024-10-16,17,green,0,
46,Bronx,2024-10-16,17,hvfhv,6,46.53
46,Bronx,2024-10-16,17,other_fhv,0,
46,Bronx,2024-10-16,18,yellow,0,
46,Bronx,2024-10-16,18,green,0,
46,Bronx,2024-10-16,18,hvfhv,6,49.07
46,Bronx,2024-10-16,18,other_fhv,0,
46,Bronx,2024-10-16,19,yellow,0,
46,Bronx,2024-10-16,19,green,0,
46,Bronx,2024-10-16,19,hvfhv,10,27.36
46,Bronx,2024-10-16,19,other_fhv,0,
46,Bronx,2024-10-16,20,yellow,0,
46,Bronx,2024-10-16,20,green,0,
46,Bronx,2024-10-16,20,hvfhv,7,30.54
46,Bronx,2024-10-16,20,other_fhv,0,
46,Bronx,2024-10-16,21,yellow,0,
46,Bronx,2024-10-16,21,green,0,
46,Bronx,2024-10-16,21,hvfhv,9,27.66
46,Bronx,2024-10-16,21,other_fhv,0,
46,Bronx,2024-10-16,22,yellow,0,
46,Bronx,2024-10-16,22,green,0,
46,Bronx,2024-10-16,22,hvfhv,6,25.2
46,Bronx,2024-10-16,22,other_fhv,0,
46,Bronx,2024-10-16,23,yellow,0,
46,Bronx,2024-10-16,23,green,0,
46,Bronx,2024-10-16,23,hvfhv,4,20.1
46,Bronx,2024-10-16,23,other_fhv,0,
47,Bronx,2024-10-16,0,yellow,0,
47,Bronx,2024-10-16,0,green,0,
47,Bronx,2024-10-16,0,hvfhv,48,15.94
47,Bronx,2024-10-16,0,other_fhv,0,
47,Bronx,2024-10-16,1,yellow,0,
47,Bronx,2024-10-16,1,green,0,
47,Bronx,2024-10-16,1,hvfhv,29,12.71
47,Bronx,2024-10-16,1,other_fhv,0,
47,Bronx,2024-10-16,2,yellow,0,
47,Bronx,2024-10-16,2,green,0,
47,Bronx,2024-10-16,2,hvfhv,14,18.6
47,Bronx,2024-10-16,2,other_fhv,0,
47,Bronx,2024-10-16,3,yellow,0,
47,Bronx,2024-10-16,3,green,0,
47,Bronx,2024-10-16,3,hvfhv,18,15.07
47,Bronx,2024-10-16,3,other_fhv,0,
47,Bronx,2024-10-16,4,yellow,0,
47,Bronx,2024-10-16,4,green,0,
47,Bronx,2024-10-16,4,hvfhv,27,16.95
47,Bronx,2024-10-16,4,other_fhv,0,
47,Bronx,2024-10-16,5,yellow,0,
47,Bronx,2024-10-16,5,green,0,
47,Bronx,2024-10-16,5,hvfhv,47,20.65
47,Bronx,2024-10-16,5,other_fhv,1,
47,Bronx,2024-10-16,6,yellow,0,
47,Bronx,2024-10-16,6,green,0,
47,Bronx,2024-10-16,6,hvfhv,75,20.27
47,Bronx,2024-10-16,6,other_fhv,1,
47,Bronx,2024-10-16,7,yellow,1,10.93
47,Bronx,2024-10-16,7,green,0,
47,Bronx,2024-10-16,7,hvfhv,168,18.19
47,Bronx,2024-10-16,7,other_fhv,0,
47,Bronx,2024-10-16,8,yellow,1,48.5
47,Bronx,2024-10-16,8,green,0,
47,Bronx,2024-10-16,8,hvfhv,186,17.35
47,Bronx,2024-10-16,8,other_fhv,1,
47,Bronx,2024-10-16,9,yellow,0,
47,Bronx,2024-10-16,9,green,0,
47,Bronx,2024-10-16,9,hvfhv,126,17.19
47,Bronx,2024-10-16,9,other_fhv,0,
47,Bronx,2024-10-16,10,yellow,0,
47,Bronx,2024-10-16,10,green,1,12.8
47,Bronx,2024-10-16,10,hvfhv,102,15.75
47,Bronx,2024-10-16,10,other_fhv,1,
47,Bronx,2024-10-16,11,yellow,0,
47,Bronx,2024-10-16,11,green,0,
47,Bronx,2024-10-16,11,hvfhv,81,17.61
47,Bronx,2024-10-16,11,other_fhv,0,
47,Bronx,2024-10-16,12,yellow,1,33.5
47,Bronx,2024-10-16,12,green,0,
47,Bronx,2024-10-16,12,hvfhv,89,17.38
47,Bronx,2024-10-16,12,other_fhv,0,
47,Bronx,2024-10-16,13,yellow,0,
47,Bronx,2024-10-16,13,green,0,
47,Bronx,2024-10-16,13,hvfhv,106,15.9
47,Bronx,2024-10-16,13,other_fhv,1,
47,Bronx,2024-10-16,14,yellow,1,125.0
47,Bronx,2024-10-16,14,green,0,
47,Bronx,2024-10-16,14,hvfhv,110,16.52
47,Bronx,2024-10-16,14,other_fhv,1,
47,Bronx,2024-10-16,15,yellow,0,
47,Bronx,2024-10-16,15,green,0,
47,Bronx,2024-10-16,15,hvfhv,119,18.93
47,Bronx,2024-10-16,15,other_fhv,0,
47,Bronx,2024-10-16,16,yellow,0,
47,Bronx,2024-10-16,16,green,0,
47,Bronx,2024-10-16,16,hvfhv,123,18.23
47,Bronx,2024-10-16,16,other_fhv,1,
47,Bronx,2024-10-16,17,yellow,2,0.0
47,Bronx,2024-10-16,17,green,1,8.0
47,Bronx,2024-10-16,17,hvfhv,125,16.99
47,Bronx,2024-10-16,17,other_fhv,0,
47,Bronx,2024-10-16,18,yellow,0,
47,Bronx,2024-10-16,18,green,0,
47,Bronx,2024-10-16,18,hvfhv,97,16.65
47,Bronx,2024-10-16,18,other_fhv,0,
47,Bronx,2024-10-16,19,yellow,0,
47,Bronx,2024-10-16,19,green,0,
47,Bronx,2024-10-16,19,hvfhv,109,16.0
47,Bronx,2024-10-16,19,other_fhv,0,
47,Bronx,2024-10-16,20,yellow,0,
47,Bronx,2024-10-16,20,green,0,
47,Bronx,2024-10-16,20,hvfhv,80,15.28
47,Bronx,2024-10-16,20,other_fhv,0,
47,Bronx,2024-10-16,21,yellow,0,
47,Bronx,2024-10-16,21,green,0,
47,Bronx,2024-10-16,21,hvfhv,71,15.07
47,Bronx,2024-10-16,21,other_fhv,0,
47,Bronx,2024-10-16,22,yellow,0,
47,Bronx,2024-10-16,22,green,0,
47,Bronx,2024-10-16,22,hvfhv,81,16.94
47,Bronx,2024-10-16,22,other_fhv,0,
47,Bronx,2024-10-16,23,yellow,0,
47,Bronx,2024-10-16,23,green,0,
47,Bronx,2024-10-16,23,hvfhv,65,15.92
47,Bronx,2024-10-16,23,other_fhv,0,
48,Manhattan,2024-10-16,0,yellow,63,13.31
48,Manhattan,2024-10-16,0,green,0,
48,Manhattan,2024-10-16,0,hvfhv,208,28.21
48,Manhattan,2024-10-16,0,other_fhv,1,
48,Manhattan,2024-10-16,1,yellow,29,11.77
48,Manhattan,2024-10-16,1,green,0,
48,Manhattan,2024-10-16,1,hvfhv,132,27.3
48,Manhattan,2024-10-16,1,other_fhv,1,
48,Manhattan,2024-10-16,2,yellow,28,17.59
48,Manhattan,2024-10-16,2,green,0,
48,Manhattan,2024-10-16,2,hvfhv,87,26.03
48,Manhattan,2024-10-16,2,other_fhv,2,
48,Manhattan,2024-10-16,3,yellow,21,12.95
48,Manhattan,2024-10-16,3,green,0,
48,Manhattan,2024-10-16,3,hvfhv,100,31.76
48,Manhattan,2024-10-16,3,other_fhv,1,
48,Manhattan,2024-10-16,4,yellow,17,26.05
48,Manhattan,2024-10-16,4,green,0,
48,Manhattan,2024-10-16,4,hvfhv,111,36.4
48,Manhattan,2024-10-16,4,other_fhv,1,
48,Manhattan,2024-10-16,5,yellow,63,17.81
48,Manhattan,2024-10-16,5,green,0,
48,Manhattan,2024-10-16,5,hvfhv,118,40.19
48,Manhattan,2024-10-16,5,other_fhv,1,
48,Manhattan,2024-10-16,6,yellow,86,11.51
48,Manhattan,2024-10-16,6,green,0,
48,Manhattan,2024-10-16,6,hvfhv,181,35.39
48,Manhattan,2024-10-16,6,other_fhv,0,
48,Manhattan,2024-10-16,7,yellow,130,12.14
48,Manhattan,2024-10-16,7,green,0,
48,Manhattan,2024-10-16,7,hvfhv,284,31.61
48,Manhattan,2024-10-16,7,other_fhv,0,
48,Manhattan,2024-10-16,8,yellow,151,16.71
48,Manhattan,2024-10-16,8,green,0,
48,Manhattan,2024-10-16,8,hvfhv,338,36.0
48,Manhattan,2024-10-16,8,other_fhv,5,
48,Manhattan,2024-10-16,9,yellow,130,17.48
48,Manhattan,2024-10-16,9,green,0,
48,Manhattan,2024-10-16,9,hvfhv,379,35.78
48,Manhattan,2024-10-16,9,other_fhv,5,
48,Manhattan,2024-10-16,10,yellow,121,18.25
48,Manhattan,2024-10-16,10,green,0,
48,Manhattan,2024-10-16,10,hvfhv,267,32.53
48,Manhattan,2024-10-16,10,other_fhv,3,
48,Manhattan,2024-10-16,11,yellow,105,18.84
48,Manhattan,2024-10-16,11,green,0,
48,Manhattan,2024-10-16,11,hvfhv,246,33.34
48,Manhattan,2024-10-16,11,other_fhv,5,
48,Manhattan,2024-10-16,12,yellow,123,19.48
48,Manhattan,2024-10-16,12,green,0,
48,Manhattan,2024-10-16,12,hvfhv,258,34.48
48,Manhattan,2024-10-16,12,other_fhv,4,
48,Manhattan,2024-10-16,13,yellow,103,18.58
48,Manhattan,2024-10-16,13,green,0,
48,Manhattan,2024-10-16,13,hvfhv,190,37.38
48,Manhattan,2024-10-16,13,other_fhv,7,
48,Manhattan,2024-10-16,14,yellow,113,18.4
48,Manhattan,2024-10-16,14,green,0,
48,Manhattan,2024-10-16,14,hvfhv,214,37.23
48,Manhattan,2024-10-16,14,other_fhv,3,
48,Manhattan,2024-10-16,15,yellow,120,16.02
48,Manhattan,2024-10-16,15,green,0,
48,Manhattan,2024-10-16,15,hvfhv,206,39.73
48,Manhattan,2024-10-16,15,other_fhv,0,
48,Manhattan,2024-10-16,16,yellow,160,18.88
48,Manhattan,2024-10-16,16,green,0,
48,Manhattan,2024-10-16,16,hvfhv,238,36.24
48,Manhattan,2024-10-16,16,other_fhv,1,
48,Manhattan,2024-10-16,17,yellow,175,17.79
48,Manhattan,2024-10-16,17,green,0,
48,Manhattan,2024-10-16,17,hvfhv,233,36.7
48,Manhattan,2024-10-16,17,other_fhv,4,
48,Manhattan,2024-10-16,18,yellow,224,15.7
48,Manhattan,2024-10-16,18,green,0,
48,Manhattan,2024-10-16,18,hvfhv,299,39.04
48,Manhattan,2024-10-16,18,other_fhv,4,
48,Manhattan,2024-10-16,19,yellow,156,16.33
48,Manhattan,2024-10-16,19,green,0,
48,Manhattan,2024-10-16,19,hvfhv,295,34.69
48,Manhattan,2024-10-16,19,other_fhv,1,
48,Manhattan,2024-10-16,20,yellow,199,14.39
48,Manhattan,2024-10-16,20,green,0,
48,Manhattan,2024-10-16,20,hvfhv,332,38.12
48,Manhattan,2024-10-16,20,other_fhv,3,
48,Manhattan,2024-10-16,21,yellow,266,14.75
48,Manhattan,2024-10-16,21,green,0,
48,Manhattan,2024-10-16,21,hvfhv,380,34.18
48,Manhattan,2024-10-16,21,other_fhv,7,
48,Manhattan,2024-10-16,22,yellow,337,16.73
48,Manhattan,2024-10-16,22,green,0,
48,Manhattan,2024-10-16,22,hvfhv,415,42.72
48,Manhattan,2024-10-16,22,other_fhv,7,
48,Manhattan,2024-10-16,23,yellow,235,17.14
48,Manhattan,2024-10-16,23,green,0,
48,Manhattan,2024-10-16,23,hvfhv,396,34.51
48,Manhattan,2024-10-16,23,other_fhv,2,
49,Brooklyn,2024-10-16,0,yellow,0,
49,Brooklyn,2024-10-16,0,green,0,
49,Brooklyn,2024-10-16,0,hvfhv,74,18.18
49,Brooklyn,2024-10-16,0,other_fhv,2,
49,Brooklyn,2024-10-16,1,yellow,1,22.23
49,Brooklyn,2024-10-16,1,green,0,
49,Brooklyn,2024-10-16,1,hvfhv,70,16.98
49,Brooklyn,2024-10-16,1,other_fhv,1,
49,Brooklyn,2024-10-16,2,yellow,1,13.5
49,Brooklyn,2024-10-16,2,green,0,
49,Brooklyn,2024-10-16,2,hvfhv,47,19.68
49,Brooklyn,2024-10-16,2,other_fhv,0,
49,Brooklyn,2024-10-16,3,yellow,0,
49,Brooklyn,2024-10-16,3,green,0,
49,Brooklyn,2024-10-16,3,hvfhv,27,23.79
49,Brooklyn,2024-10-16,3,other_fhv,1,
49,Brooklyn,2024-10-16,4,yellow,0,
49,Brooklyn,2024-10-16,4,green,0,
49,Brooklyn,2024-10-16,4,hvfhv,36,31.43
49,Brooklyn,2024-10-16,4,other_fhv,0,
49,Brooklyn,2024-10-16,5,yellow,1,58.47
49,Brooklyn,2024-10-16,5,green,0,
49,Brooklyn,2024-10-16,5,hvfhv,54,37.78
49,Brooklyn,2024-10-16,5,other_fhv,1,
49,Brooklyn,2024-10-16,6,yellow,6,36.89
49,Brooklyn,2024-10-16,6,green,0,
49,Brooklyn,2024-10-16,6,hvfhv,97,42.84
49,Brooklyn,2024-10-16,6,other_fhv,3,
49,Brooklyn,2024-10-16,7,yellow,15,28.08
49,Brooklyn,2024-10-16,7,green,0,
49,Brooklyn,2024-10-16,7,hvfhv,143,35.12
49,Brooklyn,2024-10-16,7,other_fhv,3,
49,Brooklyn,2024-10-16,8,yellow,5,31.23
49,Brooklyn,2024-10-16,8,green,0,
49,Brooklyn,2024-10-16,8,hvfhv,176,33.07
49,Brooklyn,2024-10-16,8,other_fhv,3,
49,Brooklyn,2024-10-16,9,yellow,6,22.37
49,Brooklyn,2024-10-16,9,green,0,
49,Brooklyn,2024-10-16,9,hvfhv,190,27.53
49,Brooklyn,2024-10-16,9,other_fhv,0,
49,Brooklyn,2024-10-16,10,yellow,2,23.0
49,Brooklyn,2024-10-16,10,green,0,
49,Brooklyn,2024-10-16,10,hvfhv,150,27.08
49,Brooklyn,2024-10-16,10,other_fhv,1,
49,Brooklyn,2024-10-16,11,yellow,1,58.3
49,Brooklyn,2024-10-16,11,green,0,
49,Brooklyn,2024-10-16,11,hvfhv,157,25.09
49,Brooklyn,2024-10-16,11,other_fhv,1,
49,Brooklyn,2024-10-16,12,yellow,0,
49,Brooklyn,2024-10-16,12,green,0,
49,Brooklyn,2024-10-16,12,hvfhv,127,25.56
49,Brooklyn,2024-10-16,12,other_fhv,8,
49,Brooklyn,2024-10-16,13,yellow,1,39.5
49,Brooklyn,2024-10-16,13,green,0,
49,Brooklyn,2024-10-16,13,hvfhv,123,22.93
49,Brooklyn,2024-10-16,13,other_fhv,0,
49,Brooklyn,2024-10-16,14,yellow,2,26.0
49,Brooklyn,2024-10-16,14,green,0,
49,Brooklyn,2024-10-16,14,hvfhv,126,24.45
49,Brooklyn,2024-10-16,14,other_fhv,1,
49,Brooklyn,2024-10-16,15,yellow,1,16.5
49,Brooklyn,2024-10-16,15,green,0,
49,Brooklyn,2024-10-16,15,hvfhv,159,24.59
49,Brooklyn,2024-10-16,15,other_fhv,2,
49,Brooklyn,2024-10-16,16,yellow,0,
49,Brooklyn,2024-10-16,16,green,0,
49,Brooklyn,2024-10-16,16,hvfhv,174,23.58
49,Brooklyn,2024-10-16,16,other_fhv,3,
49,Brooklyn,2024-10-16,17,yellow,2,50.69
49,Brooklyn,2024-10-16,17,green,0,
49,Brooklyn,2024-10-16,17,hvfhv,220,23.82
49,Brooklyn,2024-10-16,17,other_fhv,6,
49,Brooklyn,2024-10-16,18,yellow,2,12.99
49,Brooklyn,2024-10-16,18,green,0,
49,Brooklyn,2024-10-16,18,hvfhv,266,21.03
49,Brooklyn,2024-10-16,18,other_fhv,4,
49,Brooklyn,2024-10-16,19,yellow,0,
49,Brooklyn,2024-10-16,19,green,0,
49,Brooklyn,2024-10-16,19,hvfhv,211,19.53
49,Brooklyn,2024-10-16,19,other_fhv,5,
49,Brooklyn,2024-10-16,20,yellow,1,80.0
49,Brooklyn,2024-10-16,20,green,0,
49,Brooklyn,2024-10-16,20,hvfhv,207,18.62
49,Brooklyn,2024-10-16,20,other_fhv,3,
49,Brooklyn,2024-10-16,21,yellow,1,20.18
49,Brooklyn,2024-10-16,21,green,0,
49,Brooklyn,2024-10-16,21,hvfhv,199,17.74
49,Brooklyn,2024-10-16,21,other_fhv,3,
49,Brooklyn,2024-10-16,22,yellow,0,
49,Brooklyn,2024-10-16,22,green,0,
49,Brooklyn,2024-10-16,22,hvfhv,193,18.11
49,Brooklyn,2024-10-16,22,other_fhv,4,
49,Brooklyn,2024-10-16,23,yellow,0,
49,Brooklyn,2024-10-16,23,green,0,
49,Brooklyn,2024-10-16,23,hvfhv,188,17.66
49,Brooklyn,2024-10-16,23,other_fhv,3,
50,Manhattan,2024-10-16,0,yellow,9,21.86
50,Manhattan,2024-10-16,0,green,0,
50,Manhattan,2024-10-16,0,hvfhv,60,22.45
50,Manhattan,2024-10-16,0,other_fhv,2,
50,Manhattan,2024-10-16,1,yellow,2,17.0
50,Manhattan,2024-10-16,1,green,0,
50,Manhattan,2024-10-16,1,hvfhv,31,25.11
50,Manhattan,2024-10-16,1,other_fhv,1,
50,Manhattan,2024-10-16,2,yellow,0,
50,Manhattan,2024-10-16,2,green,0,
50,Manhattan,2024-10-16,2,hvfhv,25,21.35
50,Manhattan,2024-10-16,2,other_fhv,0,
50,Manhattan,2024-10-16,3,yellow,0,
50,Manhattan,2024-10-16,3,green,0,
50,Manhattan,2024-10-16,3,hvfhv,33,28.88
50,Manhattan,2024-10-16,3,other_fhv,0,
50,Manhattan,2024-10-16,4,yellow,4,16.51
50,Manhattan,2024-10-16,4,green,0,
50,Manhattan,2024-10-16,4,hvfhv,41,36.7
50,Manhattan,2024-10-16,4,other_fhv,0,
50,Manhattan,2024-10-16,5,yellow,1,16.3
50,Manhattan,2024-10-16,5,green,0,
50,Manhattan,2024-10-16,5,hvfhv,49,39.61
50,Manhattan,2024-10-16,5,other_fhv,1,
50,Manhattan,2024-10-16,6,yellow,15,20.11
50,Manhattan,2024-10-16,6,green,0,
50,Manhattan,2024-10-16,6,hvfhv,143,30.27
50,Manhattan,2024-10-16,6,other_fhv,1,
50,Manhattan,2024-10-16,7,yellow,55,17.48
50,Manhattan,2024-10-16,7,green,0,
50,Manhattan,2024-10-16,7,hvfhv,226,37.65
50,Manhattan,2024-10-16,7,other_fhv,0,
50,Manhattan,2024-10-16,8,yellow,70,20.29
50,Manhattan,2024-10-16,8,green,0,
50,Manhattan,2024-10-16,8,hvfhv,346,44.22
50,Manhattan,2024-10-16,8,other_fhv,9,
50,Manhattan,2024-10-16,9,yellow,89,19.32
50,Manhattan,2024-10-16,9,green,0,
50,Manhattan,2024-10-16,9,hvfhv,386,43.97
50,Manhattan,2024-10-16,9,other_fhv,9,
50,Manhattan,2024-10-16,10,yellow,45,14.01
50,Manhattan,2024-10-16,10,green,0,
50,Manhattan,2024-10-16,10,hvfhv,203,30.04
50,Manhattan,2024-10-16,10,other_fhv,2,
50,Manhattan,2024-10-16,11,yellow,30,16.19
50,Manhattan,2024-10-16,11,green,0,
50,Manhattan,2024-10-16,11,hvfhv,188,28.18
50,Manhattan,2024-10-16,11,other_fhv,1,
50,Manhattan,2024-10-16,12,yellow,40,14.69
50,Manhattan,2024-10-16,12,green,0,
50,Manhattan,2024-10-16,12,hvfhv,126,25.7
50,Manhattan,2024-10-16,12,other_fhv,5,
50,Manhattan,2024-10-16,13,yellow,35,16.88
50,Manhattan,2024-10-16,13,green,0,
50,Manhattan,2024-10-16,13,hvfhv,176,31.84
50,Manhattan,2024-10-16,13,other_fhv,1,
50,Manhattan,2024-10-16,14,yellow,35,14.15
50,Manhattan,2024-10-16,14,green,0,
50,Manhattan,2024-10-16,14,hvfhv,166,32.57
50,Manhattan,2024-10-16,14,other_fhv,0,
50,Manhattan,2024-10-16,15,yellow,32,14.74
50,Manhattan,2024-10-16,15,green,0,
50,Manhattan,2024-10-16,15,hvfhv,164,32.82
50,Manhattan,2024-10-16,15,other_fhv,1,
50,Manhattan,2024-10-16,16,yellow,43,16.45
50,Manhattan,2024-10-16,16,green,1,16.5
50,Manhattan,2024-10-16,16,hvfhv,174,32.72
50,Manhattan,2024-10-16,16,other_fhv,0,
50,Manhattan,2024-10-16,17,yellow,58,19.25
50,Manhattan,2024-10-16,17,green,0,
50,Manhattan,2024-10-16,17,hvfhv,190,30.95
50,Manhattan,2024-10-16,17,other_fhv,0,
50,Manhattan,2024-10-16,18,yellow,63,16.14
50,Manhattan,2024-10-16,18,green,0,
50,Manhattan,2024-10-16,18,hvfhv,182,32.4
50,Manhattan,2024-10-16,18,other_fhv,4,
50,Manhattan,2024-10-16,19,yellow,44,19.73
50,Manhattan,2024-10-16,19,green,0,
50,Manhattan,2024-10-16,19,hvfhv,185,29.44
50,Manhattan,2024-10-16,19,other_fhv,1,
50,Manhattan,2024-10-16,20,yellow,34,11.65
50,Manhattan,2024-10-16,20,green,0,
50,Manhattan,2024-10-16,20,hvfhv,125,29.56
50,Manhattan,2024-10-16,20,other_fhv,3,
50,Manhattan,2024-10-16,21,yellow,32,17.96
50,Manhattan,2024-10-16,21,green,0,
50,Manhattan,2024-10-16,21,hvfhv,147,30.63
50,Manhattan,2024-10-16,21,other_fhv,2,
50,Manhattan,2024-10-16,22,yellow,73,14.66
50,Manhattan,2024-10-16,22,green,0,
50,Manhattan,2024-10-16,22,hvfhv,207,32.08
50,Manhattan,2024-10-16,22,other_fhv,3,
50,Manhattan,2024-10-16,23,yellow,16,23.46
50,Manhattan,2024-10-16,23,green,0,
50,Manhattan,2024-10-16,23,hvfhv,129,29.8
50,Manhattan,2024-10-16,23,other_fhv,3,
51,Bronx,2024-10-16,0,yellow,0,
51,Bronx,2024-10-16,0,green,0,
51,Bronx,2024-10-16,0,hvfhv,32,16.23
51,Bronx,2024-10-16,0,other_fhv,0,
51,Bronx,2024-10-16,1,yellow,0,
51,Bronx,2024-10-16,1,green,0,
51,Bronx,2024-10-16,1,hvfhv,18,18.81
51,Bronx,2024-10-16,1,other_fhv,0,
51,Bronx,2024-10-16,2,yellow,0,
51,Bronx,2024-10-16,2,green,0,
51,Bronx,2024-10-16,2,hvfhv,10,19.03
51,Bronx,2024-10-16,2,other_fhv,0,
51,Bronx,2024-10-16,3,yellow,1,42.66
51,Bronx,2024-10-16,3,green,0,
51,Bronx,2024-10-16,3,hvfhv,12,17.61
51,Bronx,2024-10-16,3,other_fhv,0,
51,Bronx,2024-10-16,4,yellow,0,
51,Bronx,2024-10-16,4,green,0,
51,Bronx,2024-10-16,4,hvfhv,29,27.5
51,Bronx,2024-10-16,4,other_fhv,0,
51,Bronx,2024-10-16,5,yellow,1,53.5
51,Bronx,2024-10-16,5,green,0,
51,Bronx,2024-10-16,5,hvfhv,36,30.99
51,Bronx,2024-10-16,5,other_fhv,0,
51,Bronx,2024-10-16,6,yellow,1,24.6
51,Bronx,2024-10-16,6,green,0,
51,Bronx,2024-10-16,6,hvfhv,86,25.68
51,Bronx,2024-10-16,6,other_fhv,0,
51,Bronx,2024-10-16,7,yellow,1,46.5
51,Bronx,2024-10-16,7,green,0,
51,Bronx,2024-10-16,7,hvfhv,145,23.5
51,Bronx,2024-10-16,7,other_fhv,0,
51,Bronx,2024-10-16,8,yellow,0,
51,Bronx,2024-10-16,8,green,0,
51,Bronx,2024-10-16,8,hvfhv,163,22.46
51,Bronx,2024-10-16,8,other_fhv,4,
51,Bronx,2024-10-16,9,yellow,2,53.5
51,Bronx,2024-10-16,9,green,0,
51,Bronx,2024-10-16,9,hvfhv,125,21.8
51,Bronx,2024-10-16,9,other_fhv,0,
51,Bronx,2024-10-16,10,yellow,0,
51,Bronx,2024-10-16,10,green,0,
51,Bronx,2024-10-16,10,hvfhv,108,23.1
51,Bronx,2024-10-16,10,other_fhv,2,
51,Bronx,2024-10-16,11,yellow,1,44.5
51,Bronx,2024-10-16,11,green,0,
51,Bronx,2024-10-16,11,hvfhv,96,21.41
51,Bronx,2024-10-16,11,other_fhv,3,
51,Bronx,2024-10-16,12,yellow,2,39.5
51,Bronx,2024-10-16,12,green,0,
51,Bronx,2024-10-16,12,hvfhv,98,20.98
51,Bronx,2024-10-16,12,other_fhv,1,
51,Bronx,2024-10-16,13,yellow,0,
51,Bronx,2024-10-16,13,green,0,
51,Bronx,2024-10-16,13,hvfhv,100,19.27
51,Bronx,2024-10-16,13,other_fhv,0,
51,Bronx,2024-10-16,14,yellow,0,
51,Bronx,2024-10-16,14,green,0,
51,Bronx,2024-10-16,14,hvfhv,120,20.47
51,Bronx,2024-10-16,14,other_fhv,0,
51,Bronx,2024-10-16,15,yellow,1,36.5
51,Bronx,2024-10-16,15,green,0,
51,Bronx,2024-10-16,15,hvfhv,104,21.76
51,Bronx,2024-10-16,15,other_fhv,1,
51,Bronx,2024-10-16,16,yellow,1,63.5
51,Bronx,2024-10-16,16,green,0,
51,Bronx,2024-10-16,16,hvfhv,125,18.86
51,Bronx,2024-10-16,16,other_fhv,0,
51,Bronx,2024-10-16,17,yellow,1,110.44
51,Bronx,2024-10-16,17,green,0,
51,Bronx,2024-10-16,17,hvfhv,123,21.83
51,Bronx,2024-10-16,17,other_fhv,1,
51,Bronx,2024-10-16,18,yellow,1,39.5
51,Bronx,2024-10-16,18,green,0,
51,Bronx,2024-10-16,18,hvfhv,146,19.9
51,Bronx,2024-10-16,18,other_fhv,0,
51,Bronx,2024-10-16,19,yellow,0,
51,Bronx,2024-10-16,19,green,0,
51,Bronx,2024-10-16,19,hvfhv,131,20.81
51,Bronx,2024-10-16,19,other_fhv,0,
51,Bronx,2024-10-16,20,yellow,0,
51,Bronx,2024-10-16,20,green,0,
51,Bronx,2024-10-16,20,hvfhv,125,18.65
51,Bronx,2024-10-16,20,other_fhv,0,
51,Bronx,2024-10-16,21,yellow,1,29.15
51,Bronx,2024-10-16,21,green,0,
51,Bronx,2024-10-16,21,hvfhv,125,18.71
51,Bronx,2024-10-16,21,other_fhv,1,
51,Bronx,2024-10-16,22,yellow,0,
51,Bronx,2024-10-16,22,green,0,
51,Bronx,2024-10-16,22,hvfhv,75,20.59
51,Bronx,2024-10-16,22,other_fhv,0,
51,Bronx,2024-10-16,23,yellow,0,
51,Bronx,2024-10-16,23,green,0,
51,Bronx,2024-10-16,23,hvfhv,57,16.63
51,Bronx,2024-10-16,23,other_fhv,0,
52,Brooklyn,2024-10-16,0,yellow,0,
52,Brooklyn,2024-10-16,0,green,0,
52,Brooklyn,2024-10-16,0,hvfhv,20,20.83
52,Brooklyn,2024-10-16,0,other_fhv,1,
52,Brooklyn,2024-10-16,1,yellow,0,
52,Brooklyn,2024-10-16,1,green,0,
52,Brooklyn,2024-10-16,1,hvfhv,6,17.15
52,Brooklyn,2024-10-16,1,other_fhv,0,
52,Brooklyn,2024-10-16,2,yellow,0,
52,Brooklyn,2024-10-16,2,green,0,
52,Brooklyn,2024-10-16,2,hvfhv,5,16.7
52,Brooklyn,2024-10-16,2,other_fhv,0,
52,Brooklyn,2024-10-16,3,yellow,0,
52,Brooklyn,2024-10-16,3,green,0,
52,Brooklyn,2024-10-16,3,hvfhv,2,41.78
52,Brooklyn,2024-10-16,3,other_fhv,0,
52,Brooklyn,2024-10-16,4,yellow,0,
52,Brooklyn,2024-10-16,4,green,0,
52,Brooklyn,2024-10-16,4,hvfhv,6,46.07
52,Brooklyn,2024-10-16,4,other_fhv,0,
52,Brooklyn,2024-10-16,5,yellow,0,
52,Brooklyn,2024-10-16,5,green,0,
52,Brooklyn,2024-10-16,5,hvfhv,12,41.72
52,Brooklyn,2024-10-16,5,other_fhv,0,
52,Brooklyn,2024-10-16,6,yellow,1,21.26
52,Brooklyn,2024-10-16,6,green,0,
52,Brooklyn,2024-10-16,6,hvfhv,25,58.18
52,Brooklyn,2024-10-16,6,other_fhv,0,
52,Brooklyn,2024-10-16,7,yellow,10,27.98
52,Brooklyn,2024-10-16,7,green,0,
52,Brooklyn,2024-10-16,7,hvfhv,37,38.94
52,Brooklyn,2024-10-16,7,other_fhv,0,
52,Brooklyn,2024-10-16,8,yellow,4,29.81
52,Brooklyn,2024-10-16,8,green,0,
52,Brooklyn,2024-10-16,8,hvfhv,58,37.67
52,Brooklyn,2024-10-16,8,other_fhv,1,
52,Brooklyn,2024-10-16,9,yellow,13,17.74
52,Brooklyn,2024-10-16,9,green,0,
52,Brooklyn,2024-10-16,9,hvfhv,65,33.49
52,Brooklyn,2024-10-16,9,other_fhv,0,
52,Brooklyn,2024-10-16,10,yellow,1,18.33
52,Brooklyn,2024-10-16,10,green,0,
52,Brooklyn,2024-10-16,10,hvfhv,40,32.99
52,Brooklyn,2024-10-16,10,other_fhv,0,
52,Brooklyn,2024-10-16,11,yellow,1,55.5
52,Brooklyn,2024-10-16,11,green,0,
52,Brooklyn,2024-10-16,11,hvfhv,35,23.33
52,Brooklyn,2024-10-16,11,other_fhv,0,
52,Brooklyn,2024-10-16,12,yellow,0,
52,Brooklyn,2024-10-16,12,green,1,47.95
52,Brooklyn,2024-10-16,12,hvfhv,49,26.29
52,Brooklyn,2024-10-16,12,other_fhv,1,
52,Brooklyn,2024-10-16,13,yellow,2,36.86
52,Brooklyn,2024-10-16,13,green,0,
52,Brooklyn,2024-10-16,13,hvfhv,33,28.84
52,Brooklyn,2024-10-16,13,other_fhv,1,
52,Brooklyn,2024-10-16,14,yellow,0,
52,Brooklyn,2024-10-16,14,green,0,
52,Brooklyn,2024-10-16,14,hvfhv,45,26.21
52,Brooklyn,2024-10-16,14,other_fhv,2,
52,Brooklyn,2024-10-16,15,yellow,1,9.3
52,Brooklyn,2024-10-16,15,green,2,20.15
52,Brooklyn,2024-10-16,15,hvfhv,50,26.41
52,Brooklyn,2024-10-16,15,other_fhv,2,
52,Brooklyn,2024-10-16,16,yellow,1,25.5
52,Brooklyn,2024-10-16,16,green,0,
52,Brooklyn,2024-10-16,16,hvfhv,59,27.58
52,Brooklyn,2024-10-16,16,other_fhv,1,
52,Brooklyn,2024-10-16,17,yellow,0,
52,Brooklyn,2024-10-16,17,green,1,18.4
52,Brooklyn,2024-10-16,17,hvfhv,66,28.61
52,Brooklyn,2024-10-16,17,other_fhv,0,
52,Brooklyn,2024-10-16,18,yellow,1,6.5
52,Brooklyn,2024-10-16,18,green,0,
52,Brooklyn,2024-10-16,18,hvfhv,68,25.34
52,Brooklyn,2024-10-16,18,other_fhv,1,
52,Brooklyn,2024-10-16,19,yellow,1,8.6
52,Brooklyn,2024-10-16,19,green,0,
52,Brooklyn,2024-10-16,19,hvfhv,49,24.09
52,Brooklyn,2024-10-16,19,other_fhv,1,
52,Brooklyn,2024-10-16,20,yellow,0,
52,Brooklyn,2024-10-16,20,green,0,
52,Brooklyn,2024-10-16,20,hvfhv,47,23.69
52,Brooklyn,2024-10-16,20,other_fhv,1,
52,Brooklyn,2024-10-16,21,yellow,1,41.5
52,Brooklyn,2024-10-16,21,green,0,
52,Brooklyn,2024-10-16,21,hvfhv,72,23.84
52,Brooklyn,2024-10-16,21,other_fhv,0,
52,Brooklyn,2024-10-16,22,yellow,1,23.48
52,Brooklyn,2024-10-16,22,green,0,
52,Brooklyn,2024-10-16,22,hvfhv,57,21.84
52,Brooklyn,2024-10-16,22,other_fhv,0,
52,Brooklyn,2024-10-16,23,yellow,0,
52,Brooklyn,2024-10-16,23,green,0,
52,Brooklyn,2024-10-16,23,hvfhv,30,22.3
52,Brooklyn,2024-10-16,23,other_fhv,1,
53,Queens,2024-10-16,0,yellow,0,
53,Queens,2024-10-16,0,green,0,
53,Queens,2024-10-16,0,hvfhv,21,24.93
53,Queens,2024-10-16,0,other_fhv,0,
53,Queens,2024-10-16,1,yellow,0,
53,Queens,2024-10-16,1,green,0,
53,Queens,2024-10-16,1,hvfhv,7,17.58
53,Queens,2024-10-16,1,other_fhv,0,
53,Queens,2024-10-16,2,yellow,0,
53,Queens,2024-10-16,2,green,0,
53,Queens,2024-10-16,2,hvfhv,5,27.78
53,Queens,2024-10-16,2,other_fhv,0,
53,Queens,2024-10-16,3,yellow,0,
53,Queens,2024-10-16,3,green,0,
53,Queens,2024-10-16,3,hvfhv,16,24.45
53,Queens,2024-10-16,3,other_fhv,0,
53,Queens,2024-10-16,4,yellow,0,
53,Queens,2024-10-16,4,green,0,
53,Queens,2024-10-16,4,hvfhv,29,29.79
53,Queens,2024-10-16,4,other_fhv,0,
53,Queens,2024-10-16,5,yellow,0,
53,Queens,2024-10-16,5,green,0,
53,Queens,2024-10-16,5,hvfhv,23,27.82
53,Queens,2024-10-16,5,other_fhv,0,
53,Queens,2024-10-16,6,yellow,0,
53,Queens,2024-10-16,6,green,0,
53,Queens,2024-10-16,6,hvfhv,47,22.62
53,Queens,2024-10-16,6,other_fhv,0,
53,Queens,2024-10-16,7,yellow,0,
53,Queens,2024-10-16,7,green,0,
53,Queens,2024-10-16,7,hvfhv,75,22.64
53,Queens,2024-10-16,7,other_fhv,0,
53,Queens,2024-10-16,8,yellow,1,49.9
53,Queens,2024-10-16,8,green,0,
53,Queens,2024-10-16,8,hvfhv,73,24.73
53,Queens,2024-10-16,8,other_fhv,2,
53,Queens,2024-10-16,9,yellow,0,
53,Queens,2024-10-16,9,green,0,
53,Queens,2024-10-16,9,hvfhv,60,26.59
53,Queens,2024-10-16,9,other_fhv,1,
53,Queens,2024-10-16,10,yellow,0,
53,Queens,2024-10-16,10,green,0,
53,Queens,2024-10-16,10,hvfhv,66,24.93
53,Queens,2024-10-16,10,other_fhv,1,
53,Queens,2024-10-16,11,yellow,0,
53,Queens,2024-10-16,11,green,0,
53,Queens,2024-10-16,11,hvfhv,46,34.0
53,Queens,2024-10-16,11,other_fhv,4,
53,Queens,2024-10-16,12,yellow,0,
53,Queens,2024-10-16,12,green,0,
53,Queens,2024-10-16,12,hvfhv,45,27.24
53,Queens,2024-10-16,12,other_fhv,1,
53,Queens,2024-10-16,13,yellow,0,
53,Queens,2024-10-16,13,green,0,
53,Queens,2024-10-16,13,hvfhv,32,26.97
53,Queens,2024-10-16,13,other_fhv,1,
53,Queens,2024-10-16,14,yellow,2,30.2
53,Queens,2024-10-16,14,green,0,
53,Queens,2024-10-16,14,hvfhv,67,26.78
53,Queens,2024-10-16,14,other_fhv,1,
53,Queens,2024-10-16,15,yellow,0,
53,Queens,2024-10-16,15,green,0,
53,Queens,2024-10-16,15,hvfhv,62,24.1
53,Queens,2024-10-16,15,other_fhv,1,
53,Queens,2024-10-16,16,yellow,0,
53,Queens,2024-10-16,16,green,0,
53,Queens,2024-10-16,16,hvfhv,39,25.76
53,Queens,2024-10-16,16,other_fhv,2,
53,Queens,2024-10-16,17,yellow,0,
53,Queens,2024-10-16,17,green,0,
53,Queens,2024-10-16,17,hvfhv,53,27.58
53,Queens,2024-10-16,17,other_fhv,0,
53,Queens,2024-10-16,18,yellow,1,27.78
53,Queens,2024-10-16,18,green,0,
53,Queens,2024-10-16,18,hvfhv,45,21.4
53,Queens,2024-10-16,18,other_fhv,1,
53,Queens,2024-10-16,19,yellow,0,
53,Queens,2024-10-16,19,green,0,
53,Queens,2024-10-16,19,hvfhv,39,20.63
53,Queens,2024-10-16,19,other_fhv,0,
53,Queens,2024-10-16,20,yellow,0,
53,Queens,2024-10-16,20,green,0,
53,Queens,2024-10-16,20,hvfhv,38,25.18
53,Queens,2024-10-16,20,other_fhv,0,
53,Queens,2024-10-16,21,yellow,0,
53,Queens,2024-10-16,21,green,0,
53,Queens,2024-10-16,21,hvfhv,31,24.42
53,Queens,2024-10-16,21,other_fhv,0,
53,Queens,2024-10-16,22,yellow,0,
53,Queens,2024-10-16,22,green,0,
53,Queens,2024-10-16,22,hvfhv,28,21.88
53,Queens,2024-10-16,22,other_fhv,1,
53,Queens,2024-10-16,23,yellow,0,
53,Queens,2024-10-16,23,green,0,
53,Queens,2024-10-16,23,hvfhv,23,27.1
53,Queens,2024-10-16,23,other_fhv,0,
54,Brooklyn,2024-10-16,0,yellow,0,
54,Brooklyn,2024-10-16,0,green,0,
54,Brooklyn,2024-10-16,0,hvfhv,1,21.54
54,Brooklyn,2024-10-16,0,other_fhv,0,
54,Brooklyn,2024-10-16,1,yellow,0,
54,Brooklyn,2024-10-16,1,green,0,
54,Brooklyn,2024-10-16,1,hvfhv,2,39.27
54,Brooklyn,2024-10-16,1,other_fhv,0,
54,Brooklyn,2024-10-16,2,yellow,0,
54,Brooklyn,2024-10-16,2,green,0,
54,Brooklyn,2024-10-16,2,hvfhv,0,
54,Brooklyn,2024-10-16,2,other_fhv,0,
54,Brooklyn,2024-10-16,3,yellow,0,
54,Brooklyn,2024-10-16,3,green,0,
54,Brooklyn,2024-10-16,3,hvfhv,0,
54,Brooklyn,2024-10-16,3,other_fhv,0,
54,Brooklyn,2024-10-16,4,yellow,0,
54,Brooklyn,2024-10-16,4,green,0,
54,Brooklyn,2024-10-16,4,hvfhv,4,34.74
54,Brooklyn,2024-10-16,4,other_fhv,0,
54,Brooklyn,2024-10-16,5,yellow,0,
54,Brooklyn,2024-10-16,5,green,0,
54,Brooklyn,2024-10-16,5,hvfhv,6,43.99
54,Brooklyn,2024-10-16,5,other_fhv,0,
54,Brooklyn,2024-10-16,6,yellow,0,
54,Brooklyn,2024-10-16,6,green,0,
54,Brooklyn,2024-10-16,6,hvfhv,10,28.54
54,Brooklyn,2024-10-16,6,other_fhv,0,
54,Brooklyn,2024-10-16,7,yellow,2,28.89
54,Brooklyn,2024-10-16,7,green,0,
54,Brooklyn,2024-10-16,7,hvfhv,16,31.75
54,Brooklyn,2024-10-16,7,other_fhv,1,
54,Brooklyn,2024-10-16,8,yellow,2,20.4
54,Brooklyn,2024-10-16,8,green,0,
54,Brooklyn,2024-10-16,8,hvfhv,23,27.87
54,Brooklyn,2024-10-16,8,other_fhv,0,
54,Brooklyn,2024-10-16,9,yellow,0,
54,Brooklyn,2024-10-16,9,green,0,
54,Brooklyn,2024-10-16,9,hvfhv,23,27.54
54,Brooklyn,2024-10-16,9,other_fhv,1,
54,Brooklyn,2024-10-16,10,yellow,1,30.5
54,Brooklyn,2024-10-16,10,green,0,
54,Brooklyn,2024-10-16,10,hvfhv,26,32.49
54,Brooklyn,2024-10-16,10,other_fhv,0,
54,Brooklyn,2024-10-16,11,yellow,0,
54,Brooklyn,2024-10-16,11,green,0,
54,Brooklyn,2024-10-16,11,hvfhv,17,20.33
54,Brooklyn,2024-10-16,11,other_fhv,3,
54,Brooklyn,2024-10-16,12,yellow,0,
54,Brooklyn,2024-10-16,12,green,0,
54,Brooklyn,2024-10-16,12,hvfhv,13,23.71
54,Brooklyn,2024-10-16,12,other_fhv,0,
54,Brooklyn,2024-10-16,13,yellow,0,
54,Brooklyn,2024-10-16,13,green,0,
54,Brooklyn,2024-10-16,13,hvfhv,10,28.37
54,Brooklyn,2024-10-16,13,other_fhv,0,
54,Brooklyn,2024-10-16,14,yellow,0,
54,Brooklyn,2024-10-16,14,green,0,
54,Brooklyn,2024-10-16,14,hvfhv,17,31.05
54,Brooklyn,2024-10-16,14,other_fhv,0,
54,Brooklyn,2024-10-16,15,yellow,0,
54,Brooklyn,2024-10-16,15,green,0,
54,Brooklyn,2024-10-16,15,hvfhv,11,39.73
54,Brooklyn,2024-10-16,15,other_fhv,0,
54,Brooklyn,2024-10-16,16,yellow,0,
54,Brooklyn,2024-10-16,16,green,0,
54,Brooklyn,2024-10-16,16,hvfhv,17,38.79
54,Brooklyn,2024-10-16,16,other_fhv,0,
54,Brooklyn,2024-10-16,17,yellow,1,28.5
54,Brooklyn,2024-10-16,17,green,0,
54,Brooklyn,2024-10-16,17,hvfhv,16,31.59
54,Brooklyn,2024-10-16,17,other_fhv,0,
54,Brooklyn,2024-10-16,18,yellow,0,
54,Brooklyn,2024-10-16,18,green,0,
54,Brooklyn,2024-10-16,18,hvfhv,20,26.52
54,Brooklyn,2024-10-16,18,other_fhv,0,
54,Brooklyn,2024-10-16,19,yellow,0,
54,Brooklyn,2024-10-16,19,green,0,
54,Brooklyn,2024-10-16,19,hvfhv,18,16.49
54,Brooklyn,2024-10-16,19,other_fhv,0,
54,Brooklyn,2024-10-16,20,yellow,0,
54,Brooklyn,2024-10-16,20,green,0,
54,Brooklyn,2024-10-16,20,hvfhv,22,19.66
54,Brooklyn,2024-10-16,20,other_fhv,0,
54,Brooklyn,2024-10-16,21,yellow,0,
54,Brooklyn,2024-10-16,21,green,0,
54,Brooklyn,2024-10-16,21,hvfhv,24,19.98
54,Brooklyn,2024-10-16,21,other_fhv,0,
54,Brooklyn,2024-10-16,22,yellow,0,
54,Brooklyn,2024-10-16,22,green,0,
54,Brooklyn,2024-10-16,22,hvfhv,23,21.8
54,Brooklyn,2024-10-16,22,other_fhv,0,
54,Brooklyn,2024-10-16,23,yellow,0,
54,Brooklyn,2024-10-16,23,green,0,
54,Brooklyn,2024-10-16,23,hvfhv,13,22.17
54,Brooklyn,2024-10-16,23,other_fhv,0,
55,Brooklyn,2024-10-16,0,yellow,0,
55,Brooklyn,2024-10-16,0,green,0,
55,Brooklyn,2024-10-16,0,hvfhv,32,20.08
55,Brooklyn,2024-10-16,0,other_fhv,0,
55,Brooklyn,2024-10-16,1,yellow,0,
55,Brooklyn,2024-10-16,1,green,0,
55,Brooklyn,2024-10-16,1,hvfhv,13,15.78
55,Brooklyn,2024-10-16,1,other_fhv,0,
55,Brooklyn,2024-10-16,2,yellow,0,
55,Brooklyn,2024-10-16,2,green,0,
55,Brooklyn,2024-10-16,2,hvfhv,16,24.99
55,Brooklyn,2024-10-16,2,other_fhv,0,
55,Brooklyn,2024-10-16,3,yellow,0,
55,Brooklyn,2024-10-16,3,green,0,
55,Brooklyn,2024-10-16,3,hvfhv,14,28.62
55,Brooklyn,2024-10-16,3,other_fhv,0,
55,Brooklyn,2024-10-16,4,yellow,1,27.5
55,Brooklyn,2024-10-16,4,green,0,
55,Brooklyn,2024-10-16,4,hvfhv,21,21.43
55,Brooklyn,2024-10-16,4,other_fhv,1,
55,Brooklyn,2024-10-16,5,yellow,1,54.5
55,Brooklyn,2024-10-16,5,green,0,
55,Brooklyn,2024-10-16,5,hvfhv,43,24.38
55,Brooklyn,2024-10-16,5,other_fhv,1,
55,Brooklyn,2024-10-16,6,yellow,1,56.5
55,Brooklyn,2024-10-16,6,green,0,
55,Brooklyn,2024-10-16,6,hvfhv,61,30.13
55,Brooklyn,2024-10-16,6,other_fhv,4,
55,Brooklyn,2024-10-16,7,yellow,3,34.03
55,Brooklyn,2024-10-16,7,green,0,
55,Brooklyn,2024-10-16,7,hvfhv,115,23.56
55,Brooklyn,2024-10-16,7,other_fhv,3,
55,Brooklyn,2024-10-16,8,yellow,2,40.24
55,Brooklyn,2024-10-16,8,green,0,
55,Brooklyn,2024-10-16,8,hvfhv,138,20.84
55,Brooklyn,2024-10-16,8,other_fhv,10,
55,Brooklyn,2024-10-16,9,yellow,0,
55,Brooklyn,2024-10-16,9,green,0,
55,Brooklyn,2024-10-16,9,hvfhv,101,22.99
55,Brooklyn,2024-10-16,9,other_fhv,18,
55,Brooklyn,2024-10-16,10,yellow,3,51.5
55,Brooklyn,2024-10-16,10,green,0,
55,Brooklyn,2024-10-16,10,hvfhv,79,20.52
55,Brooklyn,2024-10-16,10,other_fhv,10,
55,Brooklyn,2024-10-16,11,yellow,3,43.83
55,Brooklyn,2024-10-16,11,green,0,
55,Brooklyn,2024-10-16,11,hvfhv,54,18.38
55,Brooklyn,2024-10-16,11,other_fhv,12,
55,Brooklyn,2024-10-16,12,yellow,0,
55,Brooklyn,2024-10-16,12,green,0,
55,Brooklyn,2024-10-16,12,hvfhv,71,22.06
55,Brooklyn,2024-10-16,12,other_fhv,13,
55,Brooklyn,2024-10-16,13,yellow,4,41.22
55,Brooklyn,2024-10-16,13,green,0,
55,Brooklyn,2024-10-16,13,hvfhv,79,23.6
55,Brooklyn,2024-10-16,13,other_fhv,7,
55,Brooklyn,2024-10-16,14,yellow,0,
55,Brooklyn,2024-10-16,14,green,0,
55,Brooklyn,2024-10-16,14,hvfhv,99,26.91
55,Brooklyn,2024-10-16,14,other_fhv,14,
55,Brooklyn,2024-10-16,15,yellow,0,
55,Brooklyn,2024-10-16,15,green,0,
55,Brooklyn,2024-10-16,15,hvfhv,93,24.3
55,Brooklyn,2024-10-16,15,other_fhv,7,
55,Brooklyn,2024-10-16,16,yellow,0,
55,Brooklyn,2024-10-16,16,green,0,
55,Brooklyn,2024-10-16,16,hvfhv,89,16.65
55,Brooklyn,2024-10-16,16,other_fhv,4,
55,Brooklyn,2024-10-16,17,yellow,0,
55,Brooklyn,2024-10-16,17,green,0,
55,Brooklyn,2024-10-16,17,hvfhv,103,22.55
55,Brooklyn,2024-10-16,17,other_fhv,3,
55,Brooklyn,2024-10-16,18,yellow,0,
55,Brooklyn,2024-10-16,18,green,0,
55,Brooklyn,2024-10-16,18,hvfhv,84,21.08
55,Brooklyn,2024-10-16,18,other_fhv,1,
55,Brooklyn,2024-10-16,19,yellow,1,34.5
55,Brooklyn,2024-10-16,19,green,0,
55,Brooklyn,2024-10-16,19,hvfhv,64,21.28
55,Brooklyn,2024-10-16,19,other_fhv,2,
55,Brooklyn,2024-10-16,20,yellow,0,
55,Brooklyn,2024-10-16,20,green,0,
55,Brooklyn,2024-10-16,20,hvfhv,56,19.62
55,Brooklyn,2024-10-16,20,other_fhv,1,
55,Brooklyn,2024-10-16,21,yellow,0,
55,Brooklyn,2024-10-16,21,green,0,
55,Brooklyn,2024-10-16,21,hvfhv,51,18.99
55,Brooklyn,2024-10-16,21,other_fhv,1,
55,Brooklyn,2024-10-16,22,yellow,0,
55,Brooklyn,2024-10-16,22,green,0,
55,Brooklyn,2024-10-16,22,hvfhv,44,14.87
55,Brooklyn,2024-10-16,22,other_fhv,2,
55,Brooklyn,2024-10-16,23,yellow,0,
55,Brooklyn,2024-10-16,23,green,0,
55,Brooklyn,2024-10-16,23,hvfhv,42,22.74
55,Brooklyn,2024-10-16,23,other_fhv,0,
56,Queens,2024-10-16,0,yellow,0,
56,Queens,2024-10-16,0,green,0,
56,Queens,2024-10-16,0,hvfhv,25,18.23
56,Queens,2024-10-16,0,other_fhv,0,
56,Queens,2024-10-16,1,yellow,0,
56,Queens,2024-10-16,1,green,0,
56,Queens,2024-10-16,1,hvfhv,18,16.15
56,Queens,2024-10-16,1,other_fhv,1,
56,Queens,2024-10-16,2,yellow,0,
56,Queens,2024-10-16,2,green,0,
56,Queens,2024-10-16,2,hvfhv,13,17.73
56,Queens,2024-10-16,2,other_fhv,1,
56,Queens,2024-10-16,3,yellow,0,
56,Queens,2024-10-16,3,green,0,
56,Queens,2024-10-16,3,hvfhv,25,17.15
56,Queens,2024-10-16,3,other_fhv,3,
56,Queens,2024-10-16,4,yellow,1,33.35
56,Queens,2024-10-16,4,green,0,
56,Queens,2024-10-16,4,hvfhv,32,19.74
56,Queens,2024-10-16,4,other_fhv,1,
56,Queens,2024-10-16,5,yellow,1,24.5
56,Queens,2024-10-16,5,green,0,
56,Queens,2024-10-16,5,hvfhv,70,18.61
56,Queens,2024-10-16,5,other_fhv,2,
56,Queens,2024-10-16,6,yellow,0,
56,Queens,2024-10-16,6,green,0,
56,Queens,2024-10-16,6,hvfhv,98,22.04
56,Queens,2024-10-16,6,other_fhv,4,
56,Queens,2024-10-16,7,yellow,3,32.09
56,Queens,2024-10-16,7,green,0,
56,Queens,2024-10-16,7,hvfhv,158,21.12
56,Queens,2024-10-16,7,other_fhv,4,
56,Queens,2024-10-16,8,yellow,1,39.5
56,Queens,2024-10-16,8,green,0,
56,Queens,2024-10-16,8,hvfhv,168,21.35
56,Queens,2024-10-16,8,other_fhv,9,
56,Queens,2024-10-16,9,yellow,0,
56,Queens,2024-10-16,9,green,0,
56,Queens,2024-10-16,9,hvfhv,128,20.98
56,Queens,2024-10-16,9,other_fhv,5,
56,Queens,2024-10-16,10,yellow,0,
56,Queens,2024-10-16,10,green,0,
56,Queens,2024-10-16,10,hvfhv,101,19.89
56,Queens,2024-10-16,10,other_fhv,4,
56,Queens,2024-10-16,11,yellow,1,37.5
56,Queens,2024-10-16,11,green,0,
56,Queens,2024-10-16,11,hvfhv,68,20.13
56,Queens,2024-10-16,11,other_fhv,3,
56,Queens,2024-10-16,12,yellow,1,32.5
56,Queens,2024-10-16,12,green,0,
56,Queens,2024-10-16,12,hvfhv,59,19.88
56,Queens,2024-10-16,12,other_fhv,2,
56,Queens,2024-10-16,13,yellow,1,35.05
56,Queens,2024-10-16,13,green,0,
56,Queens,2024-10-16,13,hvfhv,74,20.49
56,Queens,2024-10-16,13,other_fhv,4,
56,Queens,2024-10-16,14,yellow,0,
56,Queens,2024-10-16,14,green,0,
56,Queens,2024-10-16,14,hvfhv,94,21.46
56,Queens,2024-10-16,14,other_fhv,0,
56,Queens,2024-10-16,15,yellow,1,84.0
56,Queens,2024-10-16,15,green,0,
56,Queens,2024-10-16,15,hvfhv,72,20.13
56,Queens,2024-10-16,15,other_fhv,3,
56,Queens,2024-10-16,16,yellow,1,70.0
56,Queens,2024-10-16,16,green,0,
56,Queens,2024-10-16,16,hvfhv,59,22.87
56,Queens,2024-10-16,16,other_fhv,3,
56,Queens,2024-10-16,17,yellow,0,
56,Queens,2024-10-16,17,green,0,
56,Queens,2024-10-16,17,hvfhv,57,17.72
56,Queens,2024-10-16,17,other_fhv,0,
56,Queens,2024-10-16,18,yellow,0,
56,Queens,2024-10-16,18,green,0,
56,Queens,2024-10-16,18,hvfhv,73,17.98
56,Queens,2024-10-16,18,other_fhv,3,
56,Queens,2024-10-16,19,yellow,0,
56,Queens,2024-10-16,19,green,1,15.0
56,Queens,2024-10-16,19,hvfhv,72,19.21
56,Queens,2024-10-16,19,other_fhv,2,
56,Queens,2024-10-16,20,yellow,0,
56,Queens,2024-10-16,20,green,0,
56,Queens,2024-10-16,20,hvfhv,71,18.78
56,Queens,2024-10-16,20,other_fhv,1,
56,Queens,2024-10-16,21,yellow,0,
56,Queens,2024-10-16,21,green,0,
56,Queens,2024-10-16,21,hvfhv,60,15.4
56,Queens,2024-10-16,21,other_fhv,0,
56,Queens,2024-10-16,22,yellow,0,
56,Queens,2024-10-16,22,green,0,
56,Queens,2024-10-16,22,hvfhv,46,17.72
56,Queens,2024-10-16,22,other_fhv,3,
56,Queens,2024-10-16,23,yellow,0,
56,Queens,2024-10-16,23,green,0,
56,Queens,2024-10-16,23,hvfhv,61,21.18
56,Queens,2024-10-16,23,other_fhv,0,
57,Queens,2024-10-16,0,yellow,0,
57,Queens,2024-10-16,0,green,0,
57,Queens,2024-10-16,0,hvfhv,2,25.05
57,Queens,2024-10-16,0,other_fhv,0,
57,Queens,2024-10-16,1,yellow,0,
57,Queens,2024-10-16,1,green,0,
57,Queens,2024-10-16,1,hvfhv,3,16.19
57,Queens,2024-10-16,1,other_fhv,0,
57,Queens,2024-10-16,2,yellow,0,
57,Queens,2024-10-16,2,green,0,
57,Queens,2024-10-16,2,hvfhv,5,15.58
57,Queens,2024-10-16,2,other_fhv,0,
57,Queens,2024-10-16,3,yellow,1,23.3
57,Queens,2024-10-16,3,green,0,
57,Queens,2024-10-16,3,hvfhv,5,24.83
57,Queens,2024-10-16,3,other_fhv,0,
57,Queens,2024-10-16,4,yellow,0,
57,Queens,2024-10-16,4,green,0,
57,Queens,2024-10-16,4,hvfhv,7,17.46
57,Queens,2024-10-16,4,other_fhv,0,
57,Queens,2024-10-16,5,yellow,0,
57,Queens,2024-10-16,5,green,0,
57,Queens,2024-10-16,5,hvfhv,2,23.02
57,Queens,2024-10-16,5,other_fhv,0,
57,Queens,2024-10-16,6,yellow,0,
57,Queens,2024-10-16,6,green,0,
57,Queens,2024-10-16,6,hvfhv,1,9.53
57,Queens,2024-10-16,6,other_fhv,0,
57,Queens,2024-10-16,7,yellow,0,
57,Queens,2024-10-16,7,green,0,
57,Queens,2024-10-16,7,hvfhv,10,24.47
57,Queens,2024-10-16,7,other_fhv,0,
57,Queens,2024-10-16,8,yellow,0,
57,Queens,2024-10-16,8,green,0,
57,Queens,2024-10-16,8,hvfhv,13,17.77
57,Queens,2024-10-16,8,other_fhv,0,
57,Queens,2024-10-16,9,yellow,0,
57,Queens,2024-10-16,9,green,0,
57,Queens,2024-10-16,9,hvfhv,7,14.71
57,Queens,2024-10-16,9,other_fhv,0,
57,Queens,2024-10-16,10,yellow,1,130.0
57,Queens,2024-10-16,10,green,0,
57,Queens,2024-10-16,10,hvfhv,4,24.4
57,Queens,2024-10-16,10,other_fhv,0,
57,Queens,2024-10-16,11,yellow,0,
57,Queens,2024-10-16,11,green,0,
57,Queens,2024-10-16,11,hvfhv,1,8.24
57,Queens,2024-10-16,11,other_fhv,0,
57,Queens,2024-10-16,12,yellow,0,
57,Queens,2024-10-16,12,green,0,
57,Queens,2024-10-16,12,hvfhv,4,36.52
57,Queens,2024-10-16,12,other_fhv,0,
57,Queens,2024-10-16,13,yellow,0,
57,Queens,2024-10-16,13,green,0,
57,Queens,2024-10-16,13,hvfhv,1,15.19
57,Queens,2024-10-16,13,other_fhv,0,
57,Queens,2024-10-16,14,yellow,0,
57,Queens,2024-10-16,14,green,0,
57,Queens,2024-10-16,14,hvfhv,6,20.75
57,Queens,2024-10-16,14,other_fhv,0,
57,Queens,2024-10-16,15,yellow,0,
57,Queens,2024-10-16,15,green,0,
57,Queens,2024-10-16,15,hvfhv,7,13.78
57,Queens,2024-10-16,15,other_fhv,0,
57,Queens,2024-10-16,16,yellow,0,
57,Queens,2024-10-16,16,green,0,
57,Queens,2024-10-16,16,hvfhv,3,12.89
57,Queens,2024-10-16,16,other_fhv,0,
57,Queens,2024-10-16,17,yellow,0,
57,Queens,2024-10-16,17,green,0,
57,Queens,2024-10-16,17,hvfhv,5,14.45
57,Queens,2024-10-16,17,other_fhv,0,
57,Queens,2024-10-16,18,yellow,0,
57,Queens,2024-10-16,18,green,0,
57,Queens,2024-10-16,18,hvfhv,6,24.0
57,Queens,2024-10-16,18,other_fhv,1,
57,Queens,2024-10-16,19,yellow,0,
57,Queens,2024-10-16,19,green,0,
57,Queens,2024-10-16,19,hvfhv,3,14.3
57,Queens,2024-10-16,19,other_fhv,0,
57,Queens,2024-10-16,20,yellow,0,
57,Queens,2024-10-16,20,green,0,
57,Queens,2024-10-16,20,hvfhv,6,24.26
57,Queens,2024-10-16,20,other_fhv,0,
57,Queens,2024-10-16,21,yellow,0,
57,Queens,2024-10-16,21,green,0,
57,Queens,2024-10-16,21,hvfhv,2,9.86
57,Queens,2024-10-16,21,other_fhv,0,
57,Queens,2024-10-16,22,yellow,0,
57,Queens,2024-10-16,22,green,0,
57,Queens,2024-10-16,22,hvfhv,6,22.6
57,Queens,2024-10-16,22,other_fhv,0,
57,Queens,2024-10-16,23,yellow,2,32.4
57,Queens,2024-10-16,23,green,0,
57,Queens,2024-10-16,23,hvfhv,28,53.09
57,Queens,2024-10-16,23,other_fhv,0,
58,Bronx,2024-10-16,0,yellow,0,
58,Bronx,2024-10-16,0,green,0,
58,Bronx,2024-10-16,0,hvfhv,4,45.07
58,Bronx,2024-10-16,0,other_fhv,0,
58,Bronx,2024-10-16,1,yellow,0,
58,Bronx,2024-10-16,1,green,0,
58,Bronx,2024-10-16,1,hvfhv,1,8.87
58,Bronx,2024-10-16,1,other_fhv,0,
58,Bronx,2024-10-16,2,yellow,0,
58,Bronx,2024-10-16,2,green,0,
58,Bronx,2024-10-16,2,hvfhv,3,17.99
58,Bronx,2024-10-16,2,other_fhv,0,
58,Bronx,2024-10-16,3,yellow,0,
58,Bronx,2024-10-16,3,green,0,
58,Bronx,2024-10-16,3,hvfhv,1,11.03
58,Bronx,2024-10-16,3,other_fhv,0,
58,Bronx,2024-10-16,4,yellow,0,
58,Bronx,2024-10-16,4,green,0,
58,Bronx,2024-10-16,4,hvfhv,2,40.21
58,Bronx,2024-10-16,4,other_fhv,0,
58,Bronx,2024-10-16,5,yellow,0,
58,Bronx,2024-10-16,5,green,0,
58,Bronx,2024-10-16,5,hvfhv,8,24.31
58,Bronx,2024-10-16,5,other_fhv,0,
58,Bronx,2024-10-16,6,yellow,0,
58,Bronx,2024-10-16,6,green,0,
58,Bronx,2024-10-16,6,hvfhv,13,27.37
58,Bronx,2024-10-16,6,other_fhv,0,
58,Bronx,2024-10-16,7,yellow,0,
58,Bronx,2024-10-16,7,green,0,
58,Bronx,2024-10-16,7,hvfhv,28,21.48
58,Bronx,2024-10-16,7,other_fhv,0,
58,Bronx,2024-10-16,8,yellow,0,
58,Bronx,2024-10-16,8,green,0,
58,Bronx,2024-10-16,8,hvfhv,20,17.35
58,Bronx,2024-10-16,8,other_fhv,0,
58,Bronx,2024-10-16,9,yellow,0,
58,Bronx,2024-10-16,9,green,0,
58,Bronx,2024-10-16,9,hvfhv,10,14.49
58,Bronx,2024-10-16,9,other_fhv,0,
58,Bronx,2024-10-16,10,yellow,0,
58,Bronx,2024-10-16,10,green,0,
58,Bronx,2024-10-16,10,hvfhv,7,17.91
58,Bronx,2024-10-16,10,other_fhv,0,
58,Bronx,2024-10-16,11,yellow,0,
58,Bronx,2024-10-16,11,green,0,
58,Bronx,2024-10-16,11,hvfhv,9,17.55
58,Bronx,2024-10-16,11,other_fhv,0,
58,Bronx,2024-10-16,12,yellow,0,
58,Bronx,2024-10-16,12,green,0,
58,Bronx,2024-10-16,12,hvfhv,9,19.92
58,Bronx,2024-10-16,12,other_fhv,0,
58,Bronx,2024-10-16,13,yellow,0,
58,Bronx,2024-10-16,13,green,0,
58,Bronx,2024-10-16,13,hvfhv,12,15.78
58,Bronx,2024-10-16,13,other_fhv,0,
58,Bronx,2024-10-16,14,yellow,0,
58,Bronx,2024-10-16,14,green,0,
58,Bronx,2024-10-16,14,hvfhv,9,16.17
58,Bronx,2024-10-16,14,other_fhv,0,
58,Bronx,2024-10-16,15,yellow,0,
58,Bronx,2024-10-16,15,green,0,
58,Bronx,2024-10-16,15,hvfhv,12,18.88
58,Bronx,2024-10-16,15,other_fhv,0,
58,Bronx,2024-10-16,16,yellow,0,
58,Bronx,2024-10-16,16,green,0,
58,Bronx,2024-10-16,16,hvfhv,9,27.95
58,Bronx,2024-10-16,16,other_fhv,0,
58,Bronx,2024-10-16,17,yellow,0,
58,Bronx,2024-10-16,17,green,0,
58,Bronx,2024-10-16,17,hvfhv,10,25.82
58,Bronx,2024-10-16,17,other_fhv,0,
58,Bronx,2024-10-16,18,yellow,0,
58,Bronx,2024-10-16,18,green,0,
58,Bronx,2024-10-16,18,hvfhv,5,16.67
58,Bronx,2024-10-16,18,other_fhv,0,
58,Bronx,2024-10-16,19,yellow,0,
58,Bronx,2024-10-16,19,green,0,
58,Bronx,2024-10-16,19,hvfhv,6,24.65
58,Bronx,2024-10-16,19,other_fhv,0,
58,Bronx,2024-10-16,20,yellow,0,
58,Bronx,2024-10-16,20,green,0,
58,Bronx,2024-10-16,20,hvfhv,3,13.12
58,Bronx,2024-10-16,20,other_fhv,0,
58,Bronx,2024-10-16,21,yellow,0,
58,Bronx,2024-10-16,21,green,0,
58,Bronx,2024-10-16,21,hvfhv,2,16.5
58,Bronx,2024-10-16,21,other_fhv,0,
58,Bronx,2024-10-16,22,yellow,0,
58,Bronx,2024-10-16,22,green,0,
58,Bronx,2024-10-16,22,hvfhv,4,25.96
58,Bronx,2024-10-16,22,other_fhv,0,
58,Bronx,2024-10-16,23,yellow,0,
58,Bronx,2024-10-16,23,green,0,
58,Bronx,2024-10-16,23,hvfhv,7,11.99
58,Bronx,2024-10-16,23,other_fhv,0,
59,Bronx,2024-10-16,0,yellow,0,
59,Bronx,2024-10-16,0,green,0,
59,Bronx,2024-10-16,0,hvfhv,2,20.31
59,Bronx,2024-10-16,0,other_fhv,0,
59,Bronx,2024-10-16,1,yellow,0,
59,Bronx,2024-10-16,1,green,0,
59,Bronx,2024-10-16,1,hvfhv,0,
59,Bronx,2024-10-16,1,other_fhv,0,
59,Bronx,2024-10-16,2,yellow,0,
59,Bronx,2024-10-16,2,green,0,
59,Bronx,2024-10-16,2,hvfhv,0,
59,Bronx,2024-10-16,2,other_fhv,0,
59,Bronx,2024-10-16,3,yellow,0,
59,Bronx,2024-10-16,3,green,0,
59,Bronx,2024-10-16,3,hvfhv,0,
59,Bronx,2024-10-16,3,other_fhv,0,
59,Bronx,2024-10-16,4,yellow,0,
59,Bronx,2024-10-16,4,green,0,
59,Bronx,2024-10-16,4,hvfhv,0,
59,Bronx,2024-10-16,4,other_fhv,0,
59,Bronx,2024-10-16,5,yellow,0,
59,Bronx,2024-10-16,5,green,0,
59,Bronx,2024-10-16,5,hvfhv,3,11.86
59,Bronx,2024-10-16,5,other_fhv,0,
59,Bronx,2024-10-16,6,yellow,0,
59,Bronx,2024-10-16,6,green,0,
59,Bronx,2024-10-16,6,hvfhv,3,13.26
59,Bronx,2024-10-16,6,other_fhv,0,
59,Bronx,2024-10-16,7,yellow,0,
59,Bronx,2024-10-16,7,green,0,
59,Bronx,2024-10-16,7,hvfhv,5,11.72
59,Bronx,2024-10-16,7,other_fhv,0,
59,Bronx,2024-10-16,8,yellow,0,
59,Bronx,2024-10-16,8,green,0,
59,Bronx,2024-10-16,8,hvfhv,7,14.37
59,Bronx,2024-10-16,8,other_fhv,0,
59,Bronx,2024-10-16,9,yellow,0,
59,Bronx,2024-10-16,9,green,0,
59,Bronx,2024-10-16,9,hvfhv,8,14.84
59,Bronx,2024-10-16,9,other_fhv,0,
59,Bronx,2024-10-16,10,yellow,0,
59,Bronx,2024-10-16,10,green,0,
59,Bronx,2024-10-16,10,hvfhv,4,20.34
59,Bronx,2024-10-16,10,other_fhv,0,
59,Bronx,2024-10-16,11,yellow,0,
59,Bronx,2024-10-16,11,green,0,
59,Bronx,2024-10-16,11,hvfhv,2,11.85
59,Bronx,2024-10-16,11,other_fhv,0,
59,Bronx,2024-10-16,12,yellow,0,
59,Bronx,2024-10-16,12,green,0,
59,Bronx,2024-10-16,12,hvfhv,6,19.7
59,Bronx,2024-10-16,12,other_fhv,0,
59,Bronx,2024-10-16,13,yellow,0,
59,Bronx,2024-10-16,13,green,0,
59,Bronx,2024-10-16,13,hvfhv,3,16.0
59,Bronx,2024-10-16,13,other_fhv,0,
59,Bronx,2024-10-16,14,yellow,0,
59,Bronx,2024-10-16,14,green,0,
59,Bronx,2024-10-16,14,hvfhv,6,23.02
59,Bronx,2024-10-16,14,other_fhv,0,
59,Bronx,2024-10-16,15,yellow,0,
59,Bronx,2024-10-16,15,green,0,
59,Bronx,2024-10-16,15,hvfhv,2,17.17
59,Bronx,2024-10-16,15,other_fhv,0,
59,Bronx,2024-10-16,16,yellow,0,
59,Bronx,2024-10-16,16,green,0,
59,Bronx,2024-10-16,16,hvfhv,6,25.4
59,Bronx,2024-10-16,16,other_fhv,0,
59,Bronx,2024-10-16,17,yellow,0,
59,Bronx,2024-10-16,17,green,0,
59,Bronx,2024-10-16,17,hvfhv,8,12.88
59,Bronx,2024-10-16,17,other_fhv,0,
59,Bronx,2024-10-16,18,yellow,0,
59,Bronx,2024-10-16,18,green,0,
59,Bronx,2024-10-16,18,hvfhv,10,48.05
59,Bronx,2024-10-16,18,other_fhv,0,
59,Bronx,2024-10-16,19,yellow,0,
59,Bronx,2024-10-16,19,green,0,
59,Bronx,2024-10-16,19,hvfhv,1,10.88
59,Bronx,2024-10-16,19,other_fhv,0,
59,Bronx,2024-10-16,20,yellow,0,
59,Bronx,2024-10-16,20,green,0,
59,Bronx,2024-10-16,20,hvfhv,5,22.39
59,Bronx,2024-10-16,20,other_fhv,0,
59,Bronx,2024-10-16,21,yellow,0,
59,Bronx,2024-10-16,21,green,0,
59,Bronx,2024-10-16,21,hvfhv,0,
59,Bronx,2024-10-16,21,other_fhv,0,
59,Bronx,2024-10-16,22,yellow,0,
59,Bronx,2024-10-16,22,green,0,
59,Bronx,2024-10-16,22,hvfhv,1,9.85
59,Bronx,2024-10-16,22,other_fhv,0,
59,Bronx,2024-10-16,23,yellow,0,
59,Bronx,2024-10-16,23,green,0,
59,Bronx,2024-10-16,23,hvfhv,1,15.98
59,Bronx,2024-10-16,23,other_fhv,0,
60,Bronx,2024-10-16,0,yellow,0,
60,Bronx,2024-10-16,0,green,0,
60,Bronx,2024-10-16,0,hvfhv,35,15.62
60,Bronx,2024-10-16,0,other_fhv,0,
60,Bronx,2024-10-16,1,yellow,0,
60,Bronx,2024-10-16,1,green,0,
60,Bronx,2024-10-16,1,hvfhv,19,14.17
60,Bronx,2024-10-16,1,other_fhv,0,
60,Bronx,2024-10-16,2,yellow,0,
60,Bronx,2024-10-16,2,green,0,
60,Bronx,2024-10-16,2,hvfhv,9,17.46
60,Bronx,2024-10-16,2,other_fhv,0,
60,Bronx,2024-10-16,3,yellow,0,
60,Bronx,2024-10-16,3,green,0,
60,Bronx,2024-10-16,3,hvfhv,13,24.26
60,Bronx,2024-10-16,3,other_fhv,0,
60,Bronx,2024-10-16,4,yellow,0,
60,Bronx,2024-10-16,4,green,0,
60,Bronx,2024-10-16,4,hvfhv,17,21.15
60,Bronx,2024-10-16,4,other_fhv,0,
60,Bronx,2024-10-16,5,yellow,1,35.67
60,Bronx,2024-10-16,5,green,0,
60,Bronx,2024-10-16,5,hvfhv,27,20.58
60,Bronx,2024-10-16,5,other_fhv,1,
60,Bronx,2024-10-16,6,yellow,0,
60,Bronx,2024-10-16,6,green,0,
60,Bronx,2024-10-16,6,hvfhv,63,22.28
60,Bronx,2024-10-16,6,other_fhv,0,
60,Bronx,2024-10-16,7,yellow,0,
60,Bronx,2024-10-16,7,green,0,
60,Bronx,2024-10-16,7,hvfhv,97,21.62
60,Bronx,2024-10-16,7,other_fhv,0,
60,Bronx,2024-10-16,8,yellow,1,56.5
60,Bronx,2024-10-16,8,green,0,
60,Bronx,2024-10-16,8,hvfhv,112,19.64
60,Bronx,2024-10-16,8,other_fhv,0,
60,Bronx,2024-10-16,9,yellow,0,
60,Bronx,2024-10-16,9,green,0,
60,Bronx,2024-10-16,9,hvfhv,79,18.07
60,Bronx,2024-10-16,9,other_fhv,1,
60,Bronx,2024-10-16,10,yellow,0,
60,Bronx,2024-10-16,10,green,0,
60,Bronx,2024-10-16,10,hvfhv,68,19.28
60,Bronx,2024-10-16,10,other_fhv,1,
60,Bronx,2024-10-16,11,yellow,0,
60,Bronx,2024-10-16,11,green,0,
60,Bronx,2024-10-16,11,hvfhv,47,19.03
60,Bronx,2024-10-16,11,other_fhv,0,
60,Bronx,2024-10-16,12,yellow,0,
60,Bronx,2024-10-16,12,green,0,
60,Bronx,2024-10-16,12,hvfhv,54,19.34
60,Bronx,2024-10-16,12,other_fhv,1,
60,Bronx,2024-10-16,13,yellow,0,
60,Bronx,2024-10-16,13,green,0,
60,Bronx,2024-10-16,13,hvfhv,53,18.66
60,Bronx,2024-10-16,13,other_fhv,0,
60,Bronx,2024-10-16,14,yellow,0,
60,Bronx,2024-10-16,14,green,0,
60,Bronx,2024-10-16,14,hvfhv,47,17.11
60,Bronx,2024-10-16,14,other_fhv,0,
60,Bronx,2024-10-16,15,yellow,0,
60,Bronx,2024-10-16,15,green,0,
60,Bronx,2024-10-16,15,hvfhv,76,17.2
60,Bronx,2024-10-16,15,other_fhv,1,
60,Bronx,2024-10-16,16,yellow,0,
60,Bronx,2024-10-16,16,green,0,
60,Bronx,2024-10-16,16,hvfhv,58,20.84
60,Bronx,2024-10-16,16,other_fhv,1,
60,Bronx,2024-10-16,17,yellow,0,
60,Bronx,2024-10-16,17,green,0,
60,Bronx,2024-10-16,17,hvfhv,68,17.24
60,Bronx,2024-10-16,17,other_fhv,1,
60,Bronx,2024-10-16,18,yellow,0,
60,Bronx,2024-10-16,18,green,0,
60,Bronx,2024-10-16,18,hvfhv,63,15.55
60,Bronx,2024-10-16,18,other_fhv,0,
60,Bronx,2024-10-16,19,yellow,0,
60,Bronx,2024-10-16,19,green,0,
60,Bronx,2024-10-16,19,hvfhv,56,17.59
60,Bronx,2024-10-16,19,other_fhv,0,
60,Bronx,2024-10-16,20,yellow,0,
60,Bronx,2024-10-16,20,green,0,
60,Bronx,2024-10-16,20,hvfhv,45,15.61
60,Bronx,2024-10-16,20,other_fhv,0,
60,Bronx,2024-10-16,21,yellow,0,
60,Bronx,2024-10-16,21,green,0,
60,Bronx,2024-10-16,21,hvfhv,37,14.15
60,Bronx,2024-10-16,21,other_fhv,0,
60,Bronx,2024-10-16,22,yellow,0,
60,Bronx,2024-10-16,22,green,0,
60,Bronx,2024-10-16,22,hvfhv,58,16.06
60,Bronx,2024-10-16,22,other_fhv,0,
60,Bronx,2024-10-16,23,yellow,1,13.79
60,Bronx,2024-10-16,23,green,0,
60,Bronx,2024-10-16,23,hvfhv,48,14.32
60,Bronx,2024-10-16,23,other_fhv,0,
61,Brooklyn,2024-10-16,0,yellow,0,
61,Brooklyn,2024-10-16,0,green,0,
61,Brooklyn,2024-10-16,0,hvfhv,204,16.28
61,Brooklyn,2024-10-16,0,other_fhv,4,
61,Brooklyn,2024-10-16,1,yellow,1,41.5
61,Brooklyn,2024-10-16,1,green,1,12.0
61,Brooklyn,2024-10-16,1,hvfhv,123,15.4
61,Brooklyn,2024-10-16,1,other_fhv,0,
61,Brooklyn,2024-10-16,2,yellow,0,
61,Brooklyn,2024-10-16,2,green,0,
61,Brooklyn,2024-10-16,2,hvfhv,79,17.2
61,Brooklyn,2024-10-16,2,other_fhv,2,
61,Brooklyn,2024-10-16,3,yellow,0,
61,Brooklyn,2024-10-16,3,green,0,
61,Brooklyn,2024-10-16,3,hvfhv,76,22.5
61,Brooklyn,2024-10-16,3,other_fhv,1,
61,Brooklyn,2024-10-16,4,yellow,3,22.16
61,Brooklyn,2024-10-16,4,green,0,
61,Brooklyn,2024-10-16,4,hvfhv,101,30.95
61,Brooklyn,2024-10-16,4,other_fhv,1,
61,Brooklyn,2024-10-16,5,yellow,8,30.34
61,Brooklyn,2024-10-16,5,green,0,
61,Brooklyn,2024-10-16,5,hvfhv,159,34.85
61,Brooklyn,2024-10-16,5,other_fhv,5,
61,Brooklyn,2024-10-16,6,yellow,9,32.47
61,Brooklyn,2024-10-16,6,green,0,
61,Brooklyn,2024-10-16,6,hvfhv,201,38.03
61,Brooklyn,2024-10-16,6,other_fhv,6,
61,Brooklyn,2024-10-16,7,yellow,6,36.34
61,Brooklyn,2024-10-16,7,green,1,18.4
61,Brooklyn,2024-10-16,7,hvfhv,297,35.29
61,Brooklyn,2024-10-16,7,other_fhv,10,
61,Brooklyn,2024-10-16,8,yellow,13,23.61
61,Brooklyn,2024-10-16,8,green,1,9.3
61,Brooklyn,2024-10-16,8,hvfhv,430,27.11
61,Brooklyn,2024-10-16,8,other_fhv,6,
61,Brooklyn,2024-10-16,9,yellow,6,26.92
61,Brooklyn,2024-10-16,9,green,1,56.2
61,Brooklyn,2024-10-16,9,hvfhv,401,21.54
61,Brooklyn,2024-10-16,9,other_fhv,8,
61,Brooklyn,2024-10-16,10,yellow,11,27.32
61,Brooklyn,2024-10-16,10,green,0,
61,Brooklyn,2024-10-16,10,hvfhv,317,22.4
61,Brooklyn,2024-10-16,10,other_fhv,6,
61,Brooklyn,2024-10-16,11,yellow,5,30.1
61,Brooklyn,2024-10-16,11,green,0,
61,Brooklyn,2024-10-16,11,hvfhv,272,23.7
61,Brooklyn,2024-10-16,11,other_fhv,5,
61,Brooklyn,2024-10-16,12,yellow,2,16.35
61,Brooklyn,2024-10-16,12,green,0,
61,Brooklyn,2024-10-16,12,hvfhv,284,24.22
61,Brooklyn,2024-10-16,12,other_fhv,3,
61,Brooklyn,2024-10-16,13,yellow,3,24.17
61,Brooklyn,2024-10-16,13,green,0,
61,Brooklyn,2024-10-16,13,hvfhv,288,20.31
61,Brooklyn,2024-10-16,13,other_fhv,5,
61,Brooklyn,2024-10-16,14,yellow,4,11.34
61,Brooklyn,2024-10-16,14,green,1,17.0
61,Brooklyn,2024-10-16,14,hvfhv,309,21.28
61,Brooklyn,2024-10-16,14,other_fhv,4,
61,Brooklyn,2024-10-16,15,yellow,3,17.83
61,Brooklyn,2024-10-16,15,green,0,
61,Brooklyn,2024-10-16,15,hvfhv,324,22.35
61,Brooklyn,2024-10-16,15,other_fhv,4,
61,Brooklyn,2024-10-16,16,yellow,0,
61,Brooklyn,2024-10-16,16,green,0,
61,Brooklyn,2024-10-16,16,hvfhv,335,19.84
61,Brooklyn,2024-10-16,16,other_fhv,3,
61,Brooklyn,2024-10-16,17,yellow,1,12.51
61,Brooklyn,2024-10-16,17,green,0,
61,Brooklyn,2024-10-16,17,hvfhv,400,19.66
61,Brooklyn,2024-10-16,17,other_fhv,6,
61,Brooklyn,2024-10-16,18,yellow,3,24.02
61,Brooklyn,2024-10-16,18,green,0,
61,Brooklyn,2024-10-16,18,hvfhv,479,19.81
61,Brooklyn,2024-10-16,18,other_fhv,6,
61,Brooklyn,2024-10-16,19,yellow,1,15.51
61,Brooklyn,2024-10-16,19,green,0,
61,Brooklyn,2024-10-16,19,hvfhv,421,18.2
61,Brooklyn,2024-10-16,19,other_fhv,4,
61,Brooklyn,2024-10-16,20,yellow,1,25.5
61,Brooklyn,2024-10-16,20,green,0,
61,Brooklyn,2024-10-16,20,hvfhv,350,16.82
61,Brooklyn,2024-10-16,20,other_fhv,2,
61,Brooklyn,2024-10-16,21,yellow,2,50.08
61,Brooklyn,2024-10-16,21,green,0,
61,Brooklyn,2024-10-16,21,hvfhv,325,16.74
61,Brooklyn,2024-10-16,21,other_fhv,7,
61,Brooklyn,2024-10-16,22,yellow,1,32.24
61,Brooklyn,2024-10-16,22,green,0,
61,Brooklyn,2024-10-16,22,hvfhv,364,16.53
61,Brooklyn,2024-10-16,22,other_fhv,7,
61,Brooklyn,2024-10-16,23,yellow,1,70.0
61,Brooklyn,2024-10-16,23,green,0,
61,Brooklyn,2024-10-16,23,hvfhv,372,16.2
61,Brooklyn,2024-10-16,23,other_fhv,2,
62,Brooklyn,2024-10-16,0,yellow,0,
62,Brooklyn,2024-10-16,0,green,0,
62,Brooklyn,2024-10-16,0,hvfhv,56,18.61
62,Brooklyn,2024-10-16,0,other_fhv,0,
62,Brooklyn,2024-10-16,1,yellow,0,
62,Brooklyn,2024-10-16,1,green,0,
62,Brooklyn,2024-10-16,1,hvfhv,37,14.36
62,Brooklyn,2024-10-16,1,other_fhv,0,
62,Brooklyn,2024-10-16,2,yellow,0,
62,Brooklyn,2024-10-16,2,green,0,
62,Brooklyn,2024-10-16,2,hvfhv,9,21.76
62,Brooklyn,2024-10-16,2,other_fhv,0,
62,Brooklyn,2024-10-16,3,yellow,0,
62,Brooklyn,2024-10-16,3,green,0,
62,Brooklyn,2024-10-16,3,hvfhv,23,32.05
62,Brooklyn,2024-10-16,3,other_fhv,0,
62,Brooklyn,2024-10-16,4,yellow,2,23.86
62,Brooklyn,2024-10-16,4,green,0,
62,Brooklyn,2024-10-16,4,hvfhv,35,39.0
62,Brooklyn,2024-10-16,4,other_fhv,1,
62,Brooklyn,2024-10-16,5,yellow,2,18.08
62,Brooklyn,2024-10-16,5,green,0,
62,Brooklyn,2024-10-16,5,hvfhv,38,41.68
62,Brooklyn,2024-10-16,5,other_fhv,3,
62,Brooklyn,2024-10-16,6,yellow,5,32.15
62,Brooklyn,2024-10-16,6,green,0,
62,Brooklyn,2024-10-16,6,hvfhv,53,47.36
62,Brooklyn,2024-10-16,6,other_fhv,2,
62,Brooklyn,2024-10-16,7,yellow,4,28.42
62,Brooklyn,2024-10-16,7,green,0,
62,Brooklyn,2024-10-16,7,hvfhv,97,36.53
62,Brooklyn,2024-10-16,7,other_fhv,4,
62,Brooklyn,2024-10-16,8,yellow,3,23.83
62,Brooklyn,2024-10-16,8,green,0,
62,Brooklyn,2024-10-16,8,hvfhv,135,27.1
62,Brooklyn,2024-10-16,8,other_fhv,3,
62,Brooklyn,2024-10-16,9,yellow,0,
62,Brooklyn,2024-10-16,9,green,0,
62,Brooklyn,2024-10-16,9,hvfhv,120,21.28
62,Brooklyn,2024-10-16,9,other_fhv,0,
62,Brooklyn,2024-10-16,10,yellow,2,23.0
62,Brooklyn,2024-10-16,10,green,0,
62,Brooklyn,2024-10-16,10,hvfhv,102,21.45
62,Brooklyn,2024-10-16,10,other_fhv,2,
62,Brooklyn,2024-10-16,11,yellow,2,39.0
62,Brooklyn,2024-10-16,11,green,0,
62,Brooklyn,2024-10-16,11,hvfhv,99,20.18
62,Brooklyn,2024-10-16,11,other_fhv,1,
62,Brooklyn,2024-10-16,12,yellow,1,20.5
62,Brooklyn,2024-10-16,12,green,0,
62,Brooklyn,2024-10-16,12,hvfhv,67,22.24
62,Brooklyn,2024-10-16,12,other_fhv,2,
62,Brooklyn,2024-10-16,13,yellow,2,17.44
62,Brooklyn,2024-10-16,13,green,0,
62,Brooklyn,2024-10-16,13,hvfhv,79,23.03
62,Brooklyn,2024-10-16,13,other_fhv,3,
62,Brooklyn,2024-10-16,14,yellow,1,24.56
62,Brooklyn,2024-10-16,14,green,0,
62,Brooklyn,2024-10-16,14,hvfhv,107,20.54
62,Brooklyn,2024-10-16,14,other_fhv,2,
62,Brooklyn,2024-10-16,15,yellow,3,47.35
62,Brooklyn,2024-10-16,15,green,0,
62,Brooklyn,2024-10-16,15,hvfhv,95,24.27
62,Brooklyn,2024-10-16,15,other_fhv,3,
62,Brooklyn,2024-10-16,16,yellow,1,7.47
62,Brooklyn,2024-10-16,16,green,0,
62,Brooklyn,2024-10-16,16,hvfhv,110,22.21
62,Brooklyn,2024-10-16,16,other_fhv,0,
62,Brooklyn,2024-10-16,17,yellow,0,
62,Brooklyn,2024-10-16,17,green,0,
62,Brooklyn,2024-10-16,17,hvfhv,111,19.39
62,Brooklyn,2024-10-16,17,other_fhv,2,
62,Brooklyn,2024-10-16,18,yellow,1,21.93
62,Brooklyn,2024-10-16,18,green,0,
62,Brooklyn,2024-10-16,18,hvfhv,111,17.98
62,Brooklyn,2024-10-16,18,other_fhv,2,
62,Brooklyn,2024-10-16,19,yellow,1,37.5
62,Brooklyn,2024-10-16,19,green,0,
62,Brooklyn,2024-10-16,19,hvfhv,90,19.07
62,Brooklyn,2024-10-16,19,other_fhv,0,
62,Brooklyn,2024-10-16,20,yellow,2,40.01
62,Brooklyn,2024-10-16,20,green,0,
62,Brooklyn,2024-10-16,20,hvfhv,99,20.41
62,Brooklyn,2024-10-16,20,other_fhv,2,
62,Brooklyn,2024-10-16,21,yellow,0,
62,Brooklyn,2024-10-16,21,green,0,
62,Brooklyn,2024-10-16,21,hvfhv,67,16.04
62,Brooklyn,2024-10-16,21,other_fhv,1,
62,Brooklyn,2024-10-16,22,yellow,0,
62,Brooklyn,2024-10-16,22,green,0,
62,Brooklyn,2024-10-16,22,hvfhv,104,17.21
62,Brooklyn,2024-10-16,22,other_fhv,1,
62,Brooklyn,2024-10-16,23,yellow,0,
62,Brooklyn,2024-10-16,23,green,0,
62,Brooklyn,2024-10-16,23,hvfhv,62,19.26
62,Brooklyn,2024-10-16,23,other_fhv,0,
63,Brooklyn,2024-10-16,0,yellow,1,54.27
63,Brooklyn,2024-10-16,0,green,0,
63,Brooklyn,2024-10-16,0,hvfhv,32,14.86
63,Brooklyn,2024-10-16,0,other_fhv,0,
63,Brooklyn,2024-10-16,1,yellow,0,
63,Brooklyn,2024-10-16,1,green,0,
63,Brooklyn,2024-10-16,1,hvfhv,28,17.54
63,Brooklyn,2024-10-16,1,other_fhv,0,
63,Brooklyn,2024-10-16,2,yellow,0,
63,Brooklyn,2024-10-16,2,green,0,
63,Brooklyn,2024-10-16,2,hvfhv,13,17.53
63,Brooklyn,2024-10-16,2,other_fhv,0,
63,Brooklyn,2024-10-16,3,yellow,0,
63,Brooklyn,2024-10-16,3,green,0,
63,Brooklyn,2024-10-16,3,hvfhv,14,23.5
63,Brooklyn,2024-10-16,3,other_fhv,0,
63,Brooklyn,2024-10-16,4,yellow,0,
63,Brooklyn,2024-10-16,4,green,0,
63,Brooklyn,2024-10-16,4,hvfhv,29,21.5
63,Brooklyn,2024-10-16,4,other_fhv,0,
63,Brooklyn,2024-10-16,5,yellow,0,
63,Brooklyn,2024-10-16,5,green,0,
63,Brooklyn,2024-10-16,5,hvfhv,60,21.63
63,Brooklyn,2024-10-16,5,other_fhv,1,
63,Brooklyn,2024-10-16,6,yellow,1,14.75
63,Brooklyn,2024-10-16,6,green,0,
63,Brooklyn,2024-10-16,6,hvfhv,97,21.45
63,Brooklyn,2024-10-16,6,other_fhv,2,
63,Brooklyn,2024-10-16,7,yellow,2,42.7
63,Brooklyn,2024-10-16,7,green,0,
63,Brooklyn,2024-10-16,7,hvfhv,149,22.49
63,Brooklyn,2024-10-16,7,other_fhv,2,
63,Brooklyn,2024-10-16,8,yellow,1,38.5
63,Brooklyn,2024-10-16,8,green,0,
63,Brooklyn,2024-10-16,8,hvfhv,151,20.98
63,Brooklyn,2024-10-16,8,other_fhv,2,
63,Brooklyn,2024-10-16,9,yellow,3,7.18
63,Brooklyn,2024-10-16,9,green,0,
63,Brooklyn,2024-10-16,9,hvfhv,132,20.93
63,Brooklyn,2024-10-16,9,other_fhv,2,
63,Brooklyn,2024-10-16,10,yellow,3,43.83
63,Brooklyn,2024-10-16,10,green,0,
63,Brooklyn,2024-10-16,10,hvfhv,70,20.01
63,Brooklyn,2024-10-16,10,other_fhv,2,
63,Brooklyn,2024-10-16,11,yellow,2,32.5
63,Brooklyn,2024-10-16,11,green,0,
63,Brooklyn,2024-10-16,11,hvfhv,66,20.78
63,Brooklyn,2024-10-16,11,other_fhv,2,
63,Brooklyn,2024-10-16,12,yellow,1,50.5
63,Brooklyn,2024-10-16,12,green,0,
63,Brooklyn,2024-10-16,12,hvfhv,75,27.75
63,Brooklyn,2024-10-16,12,other_fhv,3,
63,Brooklyn,2024-10-16,13,yellow,2,32.5
63,Brooklyn,2024-10-16,13,green,0,
63,Brooklyn,2024-10-16,13,hvfhv,68,20.43
63,Brooklyn,2024-10-16,13,other_fhv,0,
63,Brooklyn,2024-10-16,14,yellow,1,45.5
63,Brooklyn,2024-10-16,14,green,0,
63,Brooklyn,2024-10-16,14,hvfhv,82,18.73
63,Brooklyn,2024-10-16,14,other_fhv,0,
63,Brooklyn,2024-10-16,15,yellow,0,
63,Brooklyn,2024-10-16,15,green,0,
63,Brooklyn,2024-10-16,15,hvfhv,89,19.33
63,Brooklyn,2024-10-16,15,other_fhv,0,
63,Brooklyn,2024-10-16,16,yellow,0,
63,Brooklyn,2024-10-16,16,green,0,
63,Brooklyn,2024-10-16,16,hvfhv,74,21.31
63,Brooklyn,2024-10-16,16,other_fhv,1,
63,Brooklyn,2024-10-16,17,yellow,2,43.75
63,Brooklyn,2024-10-16,17,green,0,
63,Brooklyn,2024-10-16,17,hvfhv,100,18.52
63,Brooklyn,2024-10-16,17,other_fhv,0,
63,Brooklyn,2024-10-16,18,yellow,0,
63,Brooklyn,2024-10-16,18,green,0,
63,Brooklyn,2024-10-16,18,hvfhv,87,17.89
63,Brooklyn,2024-10-16,18,other_fhv,0,
63,Brooklyn,2024-10-16,19,yellow,0,
63,Brooklyn,2024-10-16,19,green,0,
63,Brooklyn,2024-10-16,19,hvfhv,88,17.64
63,Brooklyn,2024-10-16,19,other_fhv,1,
63,Brooklyn,2024-10-16,20,yellow,0,
63,Brooklyn,2024-10-16,20,green,0,
63,Brooklyn,2024-10-16,20,hvfhv,69,15.95
63,Brooklyn,2024-10-16,20,other_fhv,0,
63,Brooklyn,2024-10-16,21,yellow,0,
63,Brooklyn,2024-10-16,21,green,0,
63,Brooklyn,2024-10-16,21,hvfhv,68,15.5
63,Brooklyn,2024-10-16,21,other_fhv,0,
63,Brooklyn,2024-10-16,22,yellow,0,
63,Brooklyn,2024-10-16,22,green,0,
63,Brooklyn,2024-10-16,22,hvfhv,58,18.2
63,Brooklyn,2024-10-16,22,other_fhv,1,
63,Brooklyn,2024-10-16,23,yellow,0,
63,Brooklyn,2024-10-16,23,green,0,
63,Brooklyn,2024-10-16,23,hvfhv,67,18.99
63,Brooklyn,2024-10-16,23,other_fhv,0,
64,Queens,2024-10-16,0,yellow,0,
64,Queens,2024-10-16,0,green,0,
64,Queens,2024-10-16,0,hvfhv,10,17.39
64,Queens,2024-10-16,0,other_fhv,0,
64,Queens,2024-10-16,1,yellow,0,
64,Queens,2024-10-16,1,green,0,
64,Queens,2024-10-16,1,hvfhv,5,13.9
64,Queens,2024-10-16,1,other_fhv,0,
64,Queens,2024-10-16,2,yellow,0,
64,Queens,2024-10-16,2,green,0,
64,Queens,2024-10-16,2,hvfhv,1,9.54
64,Queens,2024-10-16,2,other_fhv,0,
64,Queens,2024-10-16,3,yellow,0,
64,Queens,2024-10-16,3,green,0,
64,Queens,2024-10-16,3,hvfhv,1,144.88
64,Queens,2024-10-16,3,other_fhv,0,
64,Queens,2024-10-16,4,yellow,0,
64,Queens,2024-10-16,4,green,0,
64,Queens,2024-10-16,4,hvfhv,5,38.05
64,Queens,2024-10-16,4,other_fhv,0,
64,Queens,2024-10-16,5,yellow,0,
64,Queens,2024-10-16,5,green,0,
64,Queens,2024-10-16,5,hvfhv,11,34.58
64,Queens,2024-10-16,5,other_fhv,0,
64,Queens,2024-10-16,6,yellow,2,31.56
64,Queens,2024-10-16,6,green,0,
64,Queens,2024-10-16,6,hvfhv,18,29.27
64,Queens,2024-10-16,6,other_fhv,0,
64,Queens,2024-10-16,7,yellow,0,
64,Queens,2024-10-16,7,green,0,
64,Queens,2024-10-16,7,hvfhv,23,36.31
64,Queens,2024-10-16,7,other_fhv,1,
64,Queens,2024-10-16,8,yellow,0,
64,Queens,2024-10-16,8,green,0,
64,Queens,2024-10-16,8,hvfhv,38,22.92
64,Queens,2024-10-16,8,other_fhv,1,
64,Queens,2024-10-16,9,yellow,1,16.3
64,Queens,2024-10-16,9,green,0,
64,Queens,2024-10-16,9,hvfhv,35,23.87
64,Queens,2024-10-16,9,other_fhv,1,
64,Queens,2024-10-16,10,yellow,0,
64,Queens,2024-10-16,10,green,0,
64,Queens,2024-10-16,10,hvfhv,20,22.38
64,Queens,2024-10-16,10,other_fhv,0,
64,Queens,2024-10-16,11,yellow,0,
64,Queens,2024-10-16,11,green,0,
64,Queens,2024-10-16,11,hvfhv,19,28.94
64,Queens,2024-10-16,11,other_fhv,0,
64,Queens,2024-10-16,12,yellow,0,
64,Queens,2024-10-16,12,green,0,
64,Queens,2024-10-16,12,hvfhv,14,28.14
64,Queens,2024-10-16,12,other_fhv,0,
64,Queens,2024-10-16,13,yellow,0,
64,Queens,2024-10-16,13,green,0,
64,Queens,2024-10-16,13,hvfhv,27,23.75
64,Queens,2024-10-16,13,other_fhv,0,
64,Queens,2024-10-16,14,yellow,0,
64,Queens,2024-10-16,14,green,0,
64,Queens,2024-10-16,14,hvfhv,31,27.18
64,Queens,2024-10-16,14,other_fhv,0,
64,Queens,2024-10-16,15,yellow,0,
64,Queens,2024-10-16,15,green,0,
64,Queens,2024-10-16,15,hvfhv,40,27.52
64,Queens,2024-10-16,15,other_fhv,1,
64,Queens,2024-10-16,16,yellow,0,
64,Queens,2024-10-16,16,green,0,
64,Queens,2024-10-16,16,hvfhv,20,22.91
64,Queens,2024-10-16,16,other_fhv,1,
64,Queens,2024-10-16,17,yellow,0,
64,Queens,2024-10-16,17,green,0,
64,Queens,2024-10-16,17,hvfhv,25,21.48
64,Queens,2024-10-16,17,other_fhv,0,
64,Queens,2024-10-16,18,yellow,0,
64,Queens,2024-10-16,18,green,0,
64,Queens,2024-10-16,18,hvfhv,23,25.78
64,Queens,2024-10-16,18,other_fhv,0,
64,Queens,2024-10-16,19,yellow,0,
64,Queens,2024-10-16,19,green,0,
64,Queens,2024-10-16,19,hvfhv,22,19.98
64,Queens,2024-10-16,19,other_fhv,0,
64,Queens,2024-10-16,20,yellow,0,
64,Queens,2024-10-16,20,green,0,
64,Queens,2024-10-16,20,hvfhv,20,20.22
64,Queens,2024-10-16,20,other_fhv,0,
64,Queens,2024-10-16,21,yellow,0,
64,Queens,2024-10-16,21,green,0,
64,Queens,2024-10-16,21,hvfhv,11,46.36
64,Queens,2024-10-16,21,other_fhv,0,
64,Queens,2024-10-16,22,yellow,0,
64,Queens,2024-10-16,22,green,0,
64,Queens,2024-10-16,22,hvfhv,16,20.42
64,Queens,2024-10-16,22,other_fhv,0,
64,Queens,2024-10-16,23,yellow,0,
64,Queens,2024-10-16,23,green,0,
64,Queens,2024-10-16,23,hvfhv,20,21.06
64,Queens,2024-10-16,23,other_fhv,0,
65,Brooklyn,2024-10-16,0,yellow,2,31.1
65,Brooklyn,2024-10-16,0,green,1,9.3
65,Brooklyn,2024-10-16,0,hvfhv,86,21.35
65,Brooklyn,2024-10-16,0,other_fhv,1,
65,Brooklyn,2024-10-16,1,yellow,0,
65,Brooklyn,2024-10-16,1,green,0,
65,Brooklyn,2024-10-16,1,hvfhv,21,20.77
65,Brooklyn,2024-10-16,1,other_fhv,1,
65,Brooklyn,2024-10-16,2,yellow,0,
65,Brooklyn,2024-10-16,2,green,0,
65,Brooklyn,2024-10-16,2,hvfhv,15,24.64
65,Brooklyn,2024-10-16,2,other_fhv,0,
65,Brooklyn,2024-10-16,3,yellow,0,
65,Brooklyn,2024-10-16,3,green,0,
65,Brooklyn,2024-10-16,3,hvfhv,15,27.45
65,Brooklyn,2024-10-16,3,other_fhv,0,
65,Brooklyn,2024-10-16,4,yellow,0,
65,Brooklyn,2024-10-16,4,green,0,
65,Brooklyn,2024-10-16,4,hvfhv,37,42.34
65,Brooklyn,2024-10-16,4,other_fhv,1,
65,Brooklyn,2024-10-16,5,yellow,3,39.17
65,Brooklyn,2024-10-16,5,green,0,
65,Brooklyn,2024-10-16,5,hvfhv,45,33.07
65,Brooklyn,2024-10-16,5,other_fhv,0,
65,Brooklyn,2024-10-16,6,yellow,5,16.59
65,Brooklyn,2024-10-16,6,green,0,
65,Brooklyn,2024-10-16,6,hvfhv,64,37.3
65,Brooklyn,2024-10-16,6,other_fhv,2,
65,Brooklyn,2024-10-16,7,yellow,6,29.85
65,Brooklyn,2024-10-16,7,green,0,
65,Brooklyn,2024-10-16,7,hvfhv,99,38.1
65,Brooklyn,2024-10-16,7,other_fhv,0,
65,Brooklyn,2024-10-16,8,yellow,6,30.47
65,Brooklyn,2024-10-16,8,green,1,28.2
65,Brooklyn,2024-10-16,8,hvfhv,156,37.19
65,Brooklyn,2024-10-16,8,other_fhv,1,
65,Brooklyn,2024-10-16,9,yellow,8,23.56
65,Brooklyn,2024-10-16,9,green,1,12.1
65,Brooklyn,2024-10-16,9,hvfhv,163,27.63
65,Brooklyn,2024-10-16,9,other_fhv,2,
65,Brooklyn,2024-10-16,10,yellow,4,22.08
65,Brooklyn,2024-10-16,10,green,3,31.9
65,Brooklyn,2024-10-16,10,hvfhv,138,31.94
65,Brooklyn,2024-10-16,10,other_fhv,2,
65,Brooklyn,2024-10-16,11,yellow,3,16.4
65,Brooklyn,2024-10-16,11,green,2,58.6
65,Brooklyn,2024-10-16,11,hvfhv,130,34.08
65,Brooklyn,2024-10-16,11,other_fhv,0,
65,Brooklyn,2024-10-16,12,yellow,1,37.3
65,Brooklyn,2024-10-16,12,green,0,
65,Brooklyn,2024-10-16,12,hvfhv,155,29.36
65,Brooklyn,2024-10-16,12,other_fhv,2,
65,Brooklyn,2024-10-16,13,yellow,4,26.86
65,Brooklyn,2024-10-16,13,green,3,25.63
65,Brooklyn,2024-10-16,13,hvfhv,156,32.09
65,Brooklyn,2024-10-16,13,other_fhv,1,
65,Brooklyn,2024-10-16,14,yellow,2,34.69
65,Brooklyn,2024-10-16,14,green,5,26.18
65,Brooklyn,2024-10-16,14,hvfhv,123,29.97
65,Brooklyn,2024-10-16,14,other_fhv,2,
65,Brooklyn,2024-10-16,15,yellow,10,35.01
65,Brooklyn,2024-10-16,15,green,2,17.0
65,Brooklyn,2024-10-16,15,hvfhv,131,32.87
65,Brooklyn,2024-10-16,15,other_fhv,1,
65,Brooklyn,2024-10-16,16,yellow,7,42.15
65,Brooklyn,2024-10-16,16,green,0,
65,Brooklyn,2024-10-16,16,hvfhv,157,32.08
65,Brooklyn,2024-10-16,16,other_fhv,3,
65,Brooklyn,2024-10-16,17,yellow,9,31.24
65,Brooklyn,2024-10-16,17,green,3,22.83
65,Brooklyn,2024-10-16,17,hvfhv,197,28.36
65,Brooklyn,2024-10-16,17,other_fhv,3,
65,Brooklyn,2024-10-16,18,yellow,5,33.8
65,Brooklyn,2024-10-16,18,green,5,16.86
65,Brooklyn,2024-10-16,18,hvfhv,215,29.05
65,Brooklyn,2024-10-16,18,other_fhv,2,
65,Brooklyn,2024-10-16,19,yellow,6,33.53
65,Brooklyn,2024-10-16,19,green,5,13.92
65,Brooklyn,2024-10-16,19,hvfhv,219,25.15
65,Brooklyn,2024-10-16,19,other_fhv,4,
65,Brooklyn,2024-10-16,20,yellow,3,11.4
65,Brooklyn,2024-10-16,20,green,4,20.32
65,Brooklyn,2024-10-16,20,hvfhv,193,21.95
65,Brooklyn,2024-10-16,20,other_fhv,1,
65,Brooklyn,2024-10-16,21,yellow,4,12.0
65,Brooklyn,2024-10-16,21,green,5,14.76
65,Brooklyn,2024-10-16,21,hvfhv,191,24.68
65,Brooklyn,2024-10-16,21,other_fhv,3,
65,Brooklyn,2024-10-16,22,yellow,10,21.6
65,Brooklyn,2024-10-16,22,green,2,18.4
65,Brooklyn,2024-10-16,22,hvfhv,189,24.31
65,Brooklyn,2024-10-16,22,other_fhv,1,
65,Brooklyn,2024-10-16,23,yellow,9,21.91
65,Brooklyn,2024-10-16,23,green,1,33.8
65,Brooklyn,2024-10-16,23,hvfhv,169,21.65
65,Brooklyn,2024-10-16,23,other_fhv,3,
66,Brooklyn,2024-10-16,0,yellow,2,19.45
66,Brooklyn,2024-10-16,0,green,2,12.45
66,Brooklyn,2024-10-16,0,hvfhv,30,26.85
66,Brooklyn,2024-10-16,0,other_fhv,0,
66,Brooklyn,2024-10-16,1,yellow,0,
66,Brooklyn,2024-10-16,1,green,0,
66,Brooklyn,2024-10-16,1,hvfhv,18,29.3
66,Brooklyn,2024-10-16,1,other_fhv,1,
66,Brooklyn,2024-10-16,2,yellow,0,
66,Brooklyn,2024-10-16,2,green,0,
66,Brooklyn,2024-10-16,2,hvfhv,3,12.69
66,Brooklyn,2024-10-16,2,other_fhv,0,
66,Brooklyn,2024-10-16,3,yellow,0,
66,Brooklyn,2024-10-16,3,green,0,
66,Brooklyn,2024-10-16,3,hvfhv,9,27.24
66,Brooklyn,2024-10-16,3,other_fhv,0,
66,Brooklyn,2024-10-16,4,yellow,0,
66,Brooklyn,2024-10-16,4,green,0,
66,Brooklyn,2024-10-16,4,hvfhv,10,34.68
66,Brooklyn,2024-10-16,4,other_fhv,0,
66,Brooklyn,2024-10-16,5,yellow,0,
66,Brooklyn,2024-10-16,5,green,0,
66,Brooklyn,2024-10-16,5,hvfhv,30,43.99
66,Brooklyn,2024-10-16,5,other_fhv,0,
66,Brooklyn,2024-10-16,6,yellow,0,
66,Brooklyn,2024-10-16,6,green,0,
66,Brooklyn,2024-10-16,6,hvfhv,47,42.77
66,Brooklyn,2024-10-16,6,other_fhv,3,
66,Brooklyn,2024-10-16,7,yellow,3,22.53
66,Brooklyn,2024-10-16,7,green,0,
66,Brooklyn,2024-10-16,7,hvfhv,77,43.77
66,Brooklyn,2024-10-16,7,other_fhv,5,
66,Brooklyn,2024-10-16,8,yellow,9,24.98
66,Brooklyn,2024-10-16,8,green,0,
66,Brooklyn,2024-10-16,8,hvfhv,151,35.46
66,Brooklyn,2024-10-16,8,other_fhv,0,
66,Brooklyn,2024-10-16,9,yellow,1,43.27
66,Brooklyn,2024-10-16,9,green,0,
66,Brooklyn,2024-10-16,9,hvfhv,132,29.7
66,Brooklyn,2024-10-16,9,other_fhv,4,
66,Brooklyn,2024-10-16,10,yellow,1,33.8
66,Brooklyn,2024-10-16,10,green,0,
66,Brooklyn,2024-10-16,10,hvfhv,91,27.98
66,Brooklyn,2024-10-16,10,other_fhv,2,
66,Brooklyn,2024-10-16,11,yellow,1,10.0
66,Brooklyn,2024-10-16,11,green,1,50.0
66,Brooklyn,2024-10-16,11,hvfhv,83,27.92
66,Brooklyn,2024-10-16,11,other_fhv,0,
66,Brooklyn,2024-10-16,12,yellow,1,25.99
66,Brooklyn,2024-10-16,12,green,0,
66,Brooklyn,2024-10-16,12,hvfhv,81,31.54
66,Brooklyn,2024-10-16,12,other_fhv,0,
66,Brooklyn,2024-10-16,13,yellow,3,13.37
66,Brooklyn,2024-10-16,13,green,1,25.0
66,Brooklyn,2024-10-16,13,hvfhv,89,33.16
66,Brooklyn,2024-10-16,13,other_fhv,0,
66,Brooklyn,2024-10-16,14,yellow,2,15.95
66,Brooklyn,2024-10-16,14,green,0,
66,Brooklyn,2024-10-16,14,hvfhv,99,33.99
66,Brooklyn,2024-10-16,14,other_fhv,0,
66,Brooklyn,2024-10-16,15,yellow,3,18.07
66,Brooklyn,2024-10-16,15,green,1,22.6
66,Brooklyn,2024-10-16,15,hvfhv,117,33.37
66,Brooklyn,2024-10-16,15,other_fhv,2,
66,Brooklyn,2024-10-16,16,yellow,2,27.52
66,Brooklyn,2024-10-16,16,green,1,49.2
66,Brooklyn,2024-10-16,16,hvfhv,120,33.19
66,Brooklyn,2024-10-16,16,other_fhv,0,
66,Brooklyn,2024-10-16,17,yellow,5,32.04
66,Brooklyn,2024-10-16,17,green,2,21.9
66,Brooklyn,2024-10-16,17,hvfhv,151,30.72
66,Brooklyn,2024-10-16,17,other_fhv,2,
66,Brooklyn,2024-10-16,18,yellow,6,12.88
66,Brooklyn,2024-10-16,18,green,4,14.72
66,Brooklyn,2024-10-16,18,hvfhv,199,26.68
66,Brooklyn,2024-10-16,18,other_fhv,3,
66,Brooklyn,2024-10-16,19,yellow,1,19.47
66,Brooklyn,2024-10-16,19,green,5,19.83
66,Brooklyn,2024-10-16,19,hvfhv,159,25.84
66,Brooklyn,2024-10-16,19,other_fhv,4,
66,Brooklyn,2024-10-16,20,yellow,6,24.56
66,Brooklyn,2024-10-16,20,green,6,34.97
66,Brooklyn,2024-10-16,20,hvfhv,231,26.55
66,Brooklyn,2024-10-16,20,other_fhv,0,
66,Brooklyn,2024-10-16,21,yellow,4,25.79
66,Brooklyn,2024-10-16,21,green,5,27.78
66,Brooklyn,2024-10-16,21,hvfhv,238,27.89
66,Brooklyn,2024-10-16,21,other_fhv,1,
66,Brooklyn,2024-10-16,22,yellow,3,21.28
66,Brooklyn,2024-10-16,22,green,6,16.47
66,Brooklyn,2024-10-16,22,hvfhv,155,25.73
66,Brooklyn,2024-10-16,22,other_fhv,4,
66,Brooklyn,2024-10-16,23,yellow,2,0.0
66,Brooklyn,2024-10-16,23,green,3,42.1
66,Brooklyn,2024-10-16,23,hvfhv,71,25.84
66,Brooklyn,2024-10-16,23,other_fhv,0,
67,Brooklyn,2024-10-16,0,yellow,0,
67,Brooklyn,2024-10-16,0,green,0,
67,Brooklyn,2024-10-16,0,hvfhv,11,20.16
67,Brooklyn,2024-10-16,0,other_fhv,0,
67,Brooklyn,2024-10-16,1,yellow,0,
67,Brooklyn,2024-10-16,1,green,0,
67,Brooklyn,2024-10-16,1,hvfhv,14,16.82
67,Brooklyn,2024-10-16,1,other_fhv,0,
67,Brooklyn,2024-10-16,2,yellow,0,
67,Brooklyn,2024-10-16,2,green,0,
67,Brooklyn,2024-10-16,2,hvfhv,7,14.41
67,Brooklyn,2024-10-16,2,other_fhv,0,
67,Brooklyn,2024-10-16,3,yellow,0,
67,Brooklyn,2024-10-16,3,green,0,
67,Brooklyn,2024-10-16,3,hvfhv,6,18.24
67,Brooklyn,2024-10-16,3,other_fhv,0,
67,Brooklyn,2024-10-16,4,yellow,0,
67,Brooklyn,2024-10-16,4,green,0,
67,Brooklyn,2024-10-16,4,hvfhv,16,30.04
67,Brooklyn,2024-10-16,4,other_fhv,0,
67,Brooklyn,2024-10-16,5,yellow,0,
67,Brooklyn,2024-10-16,5,green,0,
67,Brooklyn,2024-10-16,5,hvfhv,20,22.63
67,Brooklyn,2024-10-16,5,other_fhv,0,
67,Brooklyn,2024-10-16,6,yellow,0,
67,Brooklyn,2024-10-16,6,green,0,
67,Brooklyn,2024-10-16,6,hvfhv,49,24.39
67,Brooklyn,2024-10-16,6,other_fhv,0,
67,Brooklyn,2024-10-16,7,yellow,1,69.19
67,Brooklyn,2024-10-16,7,green,0,
67,Brooklyn,2024-10-16,7,hvfhv,96,22.83
67,Brooklyn,2024-10-16,7,other_fhv,0,
67,Brooklyn,2024-10-16,8,yellow,0,
67,Brooklyn,2024-10-16,8,green,0,
67,Brooklyn,2024-10-16,8,hvfhv,113,20.39
67,Brooklyn,2024-10-16,8,other_fhv,1,
67,Brooklyn,2024-10-16,9,yellow,0,
67,Brooklyn,2024-10-16,9,green,0,
67,Brooklyn,2024-10-16,9,hvfhv,74,25.13
67,Brooklyn,2024-10-16,9,other_fhv,3,
67,Brooklyn,2024-10-16,10,yellow,0,
67,Brooklyn,2024-10-16,10,green,0,
67,Brooklyn,2024-10-16,10,hvfhv,56,22.67
67,Brooklyn,2024-10-16,10,other_fhv,3,
67,Brooklyn,2024-10-16,11,yellow,0,
67,Brooklyn,2024-10-16,11,green,0,
67,Brooklyn,2024-10-16,11,hvfhv,51,25.33
67,Brooklyn,2024-10-16,11,other_fhv,3,
67,Brooklyn,2024-10-16,12,yellow,0,
67,Brooklyn,2024-10-16,12,green,0,
67,Brooklyn,2024-10-16,12,hvfhv,35,24.4
67,Brooklyn,2024-10-16,12,other_fhv,1,
67,Brooklyn,2024-10-16,13,yellow,0,
67,Brooklyn,2024-10-16,13,green,0,
67,Brooklyn,2024-10-16,13,hvfhv,50,21.19
67,Brooklyn,2024-10-16,13,other_fhv,1,
67,Brooklyn,2024-10-16,14,yellow,0,
67,Brooklyn,2024-10-16,14,green,0,
67,Brooklyn,2024-10-16,14,hvfhv,72,19.58
67,Brooklyn,2024-10-16,14,other_fhv,0,
67,Brooklyn,2024-10-16,15,yellow,0,
67,Brooklyn,2024-10-16,15,green,0,
67,Brooklyn,2024-10-16,15,hvfhv,56,24.18
67,Brooklyn,2024-10-16,15,other_fhv,1,
67,Brooklyn,2024-10-16,16,yellow,1,25.49
67,Brooklyn,2024-10-16,16,green,0,
67,Brooklyn,2024-10-16,16,hvfhv,58,25.72
67,Brooklyn,2024-10-16,16,other_fhv,0,
67,Brooklyn,2024-10-16,17,yellow,0,
67,Brooklyn,2024-10-16,17,green,0,
67,Brooklyn,2024-10-16,17,hvfhv,69,22.13
67,Brooklyn,2024-10-16,17,other_fhv,1,
67,Brooklyn,2024-10-16,18,yellow,0,
67,Brooklyn,2024-10-16,18,green,0,
67,Brooklyn,2024-10-16,18,hvfhv,92,24.76
67,Brooklyn,2024-10-16,18,other_fhv,0,
67,Brooklyn,2024-10-16,19,yellow,0,
67,Brooklyn,2024-10-16,19,green,0,
67,Brooklyn,2024-10-16,19,hvfhv,44,17.85
67,Brooklyn,2024-10-16,19,other_fhv,0,
67,Brooklyn,2024-10-16,20,yellow,1,30.5
67,Brooklyn,2024-10-16,20,green,0,
67,Brooklyn,2024-10-16,20,hvfhv,57,20.82
67,Brooklyn,2024-10-16,20,other_fhv,0,
67,Brooklyn,2024-10-16,21,yellow,0,
67,Brooklyn,2024-10-16,21,green,0,
67,Brooklyn,2024-10-16,21,hvfhv,32,19.2
67,Brooklyn,2024-10-16,21,other_fhv,0,
67,Brooklyn,2024-10-16,22,yellow,2,29.54
67,Brooklyn,2024-10-16,22,green,0,
67,Brooklyn,2024-10-16,22,hvfhv,28,17.05
67,Brooklyn,2024-10-16,22,other_fhv,0,
67,Brooklyn,2024-10-16,23,yellow,0,
67,Brooklyn,2024-10-16,23,green,0,
67,Brooklyn,2024-10-16,23,hvfhv,27,17.43
67,Brooklyn,2024-10-16,23,other_fhv,0,
68,Manhattan,2024-10-16,0,yellow,76,15.91
68,Manhattan,2024-10-16,0,green,0,
68,Manhattan,2024-10-16,0,hvfhv,230,27.7
68,Manhattan,2024-10-16,0,other_fhv,1,
68,Manhattan,2024-10-16,1,yellow,34,18.01
68,Manhattan,2024-10-16,1,green,0,
68,Manhattan,2024-10-16,1,hvfhv,144,31.04
68,Manhattan,2024-10-16,1,other_fhv,3,
68,Manhattan,2024-10-16,2,yellow,27,13.5
68,Manhattan,2024-10-16,2,green,0,
68,Manhattan,2024-10-16,2,hvfhv,133,25.78
68,Manhattan,2024-10-16,2,other_fhv,0,
68,Manhattan,2024-10-16,3,yellow,3,18.17
68,Manhattan,2024-10-16,3,green,0,
68,Manhattan,2024-10-16,3,hvfhv,56,29.8
68,Manhattan,2024-10-16,3,other_fhv,0,
68,Manhattan,2024-10-16,4,yellow,7,17.2
68,Manhattan,2024-10-16,4,green,0,
68,Manhattan,2024-10-16,4,hvfhv,67,42.19
68,Manhattan,2024-10-16,4,other_fhv,5,
68,Manhattan,2024-10-16,5,yellow,13,27.83
68,Manhattan,2024-10-16,5,green,0,
68,Manhattan,2024-10-16,5,hvfhv,103,40.71
68,Manhattan,2024-10-16,5,other_fhv,0,
68,Manhattan,2024-10-16,6,yellow,40,18.54
68,Manhattan,2024-10-16,6,green,0,
68,Manhattan,2024-10-16,6,hvfhv,162,38.38
68,Manhattan,2024-10-16,6,other_fhv,1,
68,Manhattan,2024-10-16,7,yellow,100,14.7
68,Manhattan,2024-10-16,7,green,0,
68,Manhattan,2024-10-16,7,hvfhv,290,32.09
68,Manhattan,2024-10-16,7,other_fhv,3,
68,Manhattan,2024-10-16,8,yellow,126,15.8
68,Manhattan,2024-10-16,8,green,0,
68,Manhattan,2024-10-16,8,hvfhv,389,33.69
68,Manhattan,2024-10-16,8,other_fhv,6,
68,Manhattan,2024-10-16,9,yellow,172,17.44
68,Manhattan,2024-10-16,9,green,0,
68,Manhattan,2024-10-16,9,hvfhv,299,32.43
68,Manhattan,2024-10-16,9,other_fhv,0,
68,Manhattan,2024-10-16,10,yellow,141,21.6
68,Manhattan,2024-10-16,10,green,0,
68,Manhattan,2024-10-16,10,hvfhv,257,34.71
68,Manhattan,2024-10-16,10,other_fhv,7,
68,Manhattan,2024-10-16,11,yellow,210,20.79
68,Manhattan,2024-10-16,11,green,0,
68,Manhattan,2024-10-16,11,hvfhv,314,36.22
68,Manhattan,2024-10-16,11,other_fhv,3,
68,Manhattan,2024-10-16,12,yellow,188,21.66
68,Manhattan,2024-10-16,12,green,0,
68,Manhattan,2024-10-16,12,hvfhv,280,36.54
68,Manhattan,2024-10-16,12,other_fhv,1,
68,Manhattan,2024-10-16,13,yellow,200,24.14
68,Manhattan,2024-10-16,13,green,0,
68,Manhattan,2024-10-16,13,hvfhv,308,38.44
68,Manhattan,2024-10-16,13,other_fhv,3,
68,Manhattan,2024-10-16,14,yellow,214,21.41
68,Manhattan,2024-10-16,14,green,0,
68,Manhattan,2024-10-16,14,hvfhv,339,42.92
68,Manhattan,2024-10-16,14,other_fhv,2,
68,Manhattan,2024-10-16,15,yellow,190,19.38
68,Manhattan,2024-10-16,15,green,0,
68,Manhattan,2024-10-16,15,hvfhv,325,46.08
68,Manhattan,2024-10-16,15,other_fhv,3,
68,Manhattan,2024-10-16,16,yellow,186,21.41
68,Manhattan,2024-10-16,16,green,0,
68,Manhattan,2024-10-16,16,hvfhv,338,41.27
68,Manhattan,2024-10-16,16,other_fhv,3,
68,Manhattan,2024-10-16,17,yellow,286,17.5
68,Manhattan,2024-10-16,17,green,0,
68,Manhattan,2024-10-16,17,hvfhv,468,39.25
68,Manhattan,2024-10-16,17,other_fhv,4,
68,Manhattan,2024-10-16,18,yellow,335,16.91
68,Manhattan,2024-10-16,18,green,0,
68,Manhattan,2024-10-16,18,hvfhv,517,34.59
68,Manhattan,2024-10-16,18,other_fhv,6,
68,Manhattan,2024-10-16,19,yellow,243,18.14
68,Manhattan,2024-10-16,19,green,0,
68,Manhattan,2024-10-16,19,hvfhv,554,33.93
68,Manhattan,2024-10-16,19,other_fhv,5,
68,Manhattan,2024-10-16,20,yellow,252,16.73
68,Manhattan,2024-10-16,20,green,0,
68,Manhattan,2024-10-16,20,hvfhv,590,37.8
68,Manhattan,2024-10-16,20,other_fhv,11,
68,Manhattan,2024-10-16,21,yellow,322,17.01
68,Manhattan,2024-10-16,21,green,0,
68,Manhattan,2024-10-16,21,hvfhv,542,37.09
68,Manhattan,2024-10-16,21,other_fhv,8,
68,Manhattan,2024-10-16,22,yellow,284,17.92
68,Manhattan,2024-10-16,22,green,0,
68,Manhattan,2024-10-16,22,hvfhv,523,47.94
68,Manhattan,2024-10-16,22,other_fhv,12,
68,Manhattan,2024-10-16,23,yellow,148,16.89
68,Manhattan,2024-10-16,23,green,0,
68,Manhattan,2024-10-16,23,hvfhv,388,41.35
68,Manhattan,2024-10-16,23,other_fhv,6,
69,Bronx,2024-10-16,0,yellow,1,14.11
69,Bronx,2024-10-16,0,green,0,
69,Bronx,2024-10-16,0,hvfhv,82,16.83
69,Bronx,2024-10-16,0,other_fhv,0,
69,Bronx,2024-10-16,1,yellow,0,
69,Bronx,2024-10-16,1,green,0,
69,Bronx,2024-10-16,1,hvfhv,53,17.46
69,Bronx,2024-10-16,1,other_fhv,0,
69,Bronx,2024-10-16,2,yellow,0,
69,Bronx,2024-10-16,2,green,0,
69,Bronx,2024-10-16,2,hvfhv,27,16.47
69,Bronx,2024-10-16,2,other_fhv,0,
69,Bronx,2024-10-16,3,yellow,0,
69,Bronx,2024-10-16,3,green,0,
69,Bronx,2024-10-16,3,hvfhv,19,23.96
69,Bronx,2024-10-16,3,other_fhv,0,
69,Bronx,2024-10-16,4,yellow,1,36.07
69,Bronx,2024-10-16,4,green,0,
69,Bronx,2024-10-16,4,hvfhv,45,22.37
69,Bronx,2024-10-16,4,other_fhv,0,
69,Bronx,2024-10-16,5,yellow,1,24.12
69,Bronx,2024-10-16,5,green,0,
69,Bronx,2024-10-16,5,hvfhv,66,24.45
69,Bronx,2024-10-16,5,other_fhv,0,
69,Bronx,2024-10-16,6,yellow,1,32.43
69,Bronx,2024-10-16,6,green,0,
69,Bronx,2024-10-16,6,hvfhv,134,19.28
69,Bronx,2024-10-16,6,other_fhv,0,
69,Bronx,2024-10-16,7,yellow,0,
69,Bronx,2024-10-16,7,green,0,
69,Bronx,2024-10-16,7,hvfhv,270,20.73
69,Bronx,2024-10-16,7,other_fhv,2,
69,Bronx,2024-10-16,8,yellow,1,22.23
69,Bronx,2024-10-16,8,green,0,
69,Bronx,2024-10-16,8,hvfhv,265,18.28
69,Bronx,2024-10-16,8,other_fhv,2,
69,Bronx,2024-10-16,9,yellow,5,32.5
69,Bronx,2024-10-16,9,green,0,
69,Bronx,2024-10-16,9,hvfhv,212,17.86
69,Bronx,2024-10-16,9,other_fhv,2,
69,Bronx,2024-10-16,10,yellow,2,29.0
69,Bronx,2024-10-16,10,green,0,
69,Bronx,2024-10-16,10,hvfhv,147,18.17
69,Bronx,2024-10-16,10,other_fhv,4,
69,Bronx,2024-10-16,11,yellow,0,
69,Bronx,2024-10-16,11,green,0,
69,Bronx,2024-10-16,11,hvfhv,128,21.17
69,Bronx,2024-10-16,11,other_fhv,5,
69,Bronx,2024-10-16,12,yellow,4,15.12
69,Bronx,2024-10-16,12,green,1,19.5
69,Bronx,2024-10-16,12,hvfhv,133,19.19
69,Bronx,2024-10-16,12,other_fhv,1,
69,Bronx,2024-10-16,13,yellow,1,30.5
69,Bronx,2024-10-16,13,green,0,
69,Bronx,2024-10-16,13,hvfhv,145,19.66
69,Bronx,2024-10-16,13,other_fhv,2,
69,Bronx,2024-10-16,14,yellow,2,28.73
69,Bronx,2024-10-16,14,green,0,
69,Bronx,2024-10-16,14,hvfhv,152,19.53
69,Bronx,2024-10-16,14,other_fhv,3,
69,Bronx,2024-10-16,15,yellow,2,29.62
69,Bronx,2024-10-16,15,green,1,17.57
69,Bronx,2024-10-16,15,hvfhv,135,21.06
69,Bronx,2024-10-16,15,other_fhv,3,
69,Bronx,2024-10-16,16,yellow,0,
69,Bronx,2024-10-16,16,green,0,
69,Bronx,2024-10-16,16,hvfhv,185,20.87
69,Bronx,2024-10-16,16,other_fhv,1,
69,Bronx,2024-10-16,17,yellow,1,34.5
69,Bronx,2024-10-16,17,green,0,
69,Bronx,2024-10-16,17,hvfhv,189,20.08
69,Bronx,2024-10-16,17,other_fhv,2,
69,Bronx,2024-10-16,18,yellow,0,
69,Bronx,2024-10-16,18,green,0,
69,Bronx,2024-10-16,18,hvfhv,154,18.2
69,Bronx,2024-10-16,18,other_fhv,3,
69,Bronx,2024-10-16,19,yellow,0,
69,Bronx,2024-10-16,19,green,0,
69,Bronx,2024-10-16,19,hvfhv,164,16.09
69,Bronx,2024-10-16,19,other_fhv,0,
69,Bronx,2024-10-16,20,yellow,0,
69,Bronx,2024-10-16,20,green,0,
69,Bronx,2024-10-16,20,hvfhv,141,16.08
69,Bronx,2024-10-16,20,other_fhv,0,
69,Bronx,2024-10-16,21,yellow,0,
69,Bronx,2024-10-16,21,green,0,
69,Bronx,2024-10-16,21,hvfhv,120,16.78
69,Bronx,2024-10-16,21,other_fhv,0,
69,Bronx,2024-10-16,22,yellow,0,
69,Bronx,2024-10-16,22,green,1,22.35
69,Bronx,2024-10-16,22,hvfhv,99,16.83
69,Bronx,2024-10-16,22,other_fhv,0,
69,Bronx,2024-10-16,23,yellow,0,
69,Bronx,2024-10-16,23,green,0,
69,Bronx,2024-10-16,23,hvfhv,101,18.13
69,Bronx,2024-10-16,23,other_fhv,0,
70,Queens,2024-10-16,0,yellow,3,37.77
70,Queens,2024-10-16,0,green,0,
70,Queens,2024-10-16,0,hvfhv,24,20.31
70,Queens,2024-10-16,0,other_fhv,0,
70,Queens,2024-10-16,1,yellow,1,18.57
70,Queens,2024-10-16,1,green,0,
70,Queens,2024-10-16,1,hvfhv,13,19.85
70,Queens,2024-10-16,1,other_fhv,0,
70,Queens,2024-10-16,2,yellow,0,
70,Queens,2024-10-16,2,green,0,
70,Queens,2024-10-16,2,hvfhv,12,20.85
70,Queens,2024-10-16,2,other_fhv,1,
70,Queens,2024-10-16,3,yellow,0,
70,Queens,2024-10-16,3,green,0,
70,Queens,2024-10-16,3,hvfhv,19,11.56
70,Queens,2024-10-16,3,other_fhv,0,
70,Queens,2024-10-16,4,yellow,0,
70,Queens,2024-10-16,4,green,0,
70,Queens,2024-10-16,4,hvfhv,31,15.58
70,Queens,2024-10-16,4,other_fhv,2,
70,Queens,2024-10-16,5,yellow,0,
70,Queens,2024-10-16,5,green,1,12.1
70,Queens,2024-10-16,5,hvfhv,50,16.36
70,Queens,2024-10-16,5,other_fhv,0,
70,Queens,2024-10-16,6,yellow,0,
70,Queens,2024-10-16,6,green,0,
70,Queens,2024-10-16,6,hvfhv,93,24.99
70,Queens,2024-10-16,6,other_fhv,3,
70,Queens,2024-10-16,7,yellow,14,59.12
70,Queens,2024-10-16,7,green,0,
70,Queens,2024-10-16,7,hvfhv,106,24.07
70,Queens,2024-10-16,7,other_fhv,3,
70,Queens,2024-10-16,8,yellow,12,45.93
70,Queens,2024-10-16,8,green,0,
70,Queens,2024-10-16,8,hvfhv,124,24.16
70,Queens,2024-10-16,8,other_fhv,5,
70,Queens,2024-10-16,9,yellow,38,45.46
70,Queens,2024-10-16,9,green,1,30.5
70,Queens,2024-10-16,9,hvfhv,94,25.82
70,Queens,2024-10-16,9,other_fhv,3,
70,Queens,2024-10-16,10,yellow,51,40.81
70,Queens,2024-10-16,10,green,0,
70,Queens,2024-10-16,10,hvfhv,94,23.97
70,Queens,2024-10-16,10,other_fhv,3,
70,Queens,2024-10-16,11,yellow,25,48.9
70,Queens,2024-10-16,11,green,0,
70,Queens,2024-10-16,11,hvfhv,79,26.01
70,Queens,2024-10-16,11,other_fhv,2,
70,Queens,2024-10-16,12,yellow,28,42.96
70,Queens,2024-10-16,12,green,0,
70,Queens,2024-10-16,12,hvfhv,75,27.8
70,Queens,2024-10-16,12,other_fhv,3,
70,Queens,2024-10-16,13,yellow,22,49.85
70,Queens,2024-10-16,13,green,0,
70,Queens,2024-10-16,13,hvfhv,68,30.07
70,Queens,2024-10-16,13,other_fhv,1,
70,Queens,2024-10-16,14,yellow,36,45.91
70,Queens,2024-10-16,14,green,0,
70,Queens,2024-10-16,14,hvfhv,85,28.49
70,Queens,2024-10-16,14,other_fhv,2,
70,Queens,2024-10-16,15,yellow,34,36.81
70,Queens,2024-10-16,15,green,0,
70,Queens,2024-10-16,15,hvfhv,81,29.06
70,Queens,2024-10-16,15,other_fhv,2,
70,Queens,2024-10-16,16,yellow,49,47.06
70,Queens,2024-10-16,16,green,0,
70,Queens,2024-10-16,16,hvfhv,79,26.5
70,Queens,2024-10-16,16,other_fhv,1,
70,Queens,2024-10-16,17,yellow,27,42.73
70,Queens,2024-10-16,17,green,0,
70,Queens,2024-10-16,17,hvfhv,79,26.41
70,Queens,2024-10-16,17,other_fhv,1,
70,Queens,2024-10-16,18,yellow,33,44.0
70,Queens,2024-10-16,18,green,0,
70,Queens,2024-10-16,18,hvfhv,82,24.39
70,Queens,2024-10-16,18,other_fhv,1,
70,Queens,2024-10-16,19,yellow,47,41.03
70,Queens,2024-10-16,19,green,0,
70,Queens,2024-10-16,19,hvfhv,81,27.54
70,Queens,2024-10-16,19,other_fhv,1,
70,Queens,2024-10-16,20,yellow,19,37.04
70,Queens,2024-10-16,20,green,0,
70,Queens,2024-10-16,20,hvfhv,65,23.04
70,Queens,2024-10-16,20,other_fhv,0,
70,Queens,2024-10-16,21,yellow,26,41.37
70,Queens,2024-10-16,21,green,0,
70,Queens,2024-10-16,21,hvfhv,55,26.27
70,Queens,2024-10-16,21,other_fhv,1,
70,Queens,2024-10-16,22,yellow,28,37.48
70,Queens,2024-10-16,22,green,0,
70,Queens,2024-10-16,22,hvfhv,51,30.77
70,Queens,2024-10-16,22,other_fhv,0,
70,Queens,2024-10-16,23,yellow,24,42.8
70,Queens,2024-10-16,23,green,0,
70,Queens,2024-10-16,23,hvfhv,51,25.58
70,Queens,2024-10-16,23,other_fhv,0,
71,Brooklyn,2024-10-16,0,yellow,0,
71,Brooklyn,2024-10-16,0,green,0,
71,Brooklyn,2024-10-16,0,hvfhv,58,15.31
71,Brooklyn,2024-10-16,0,other_fhv,1,
71,Brooklyn,2024-10-16,1,yellow,0,
71,Brooklyn,2024-10-16,1,green,0,
71,Brooklyn,2024-10-16,1,hvfhv,31,20.44
71,Brooklyn,2024-10-16,1,other_fhv,0,
71,Brooklyn,2024-10-16,2,yellow,0,
71,Brooklyn,2024-10-16,2,green,0,
71,Brooklyn,2024-10-16,2,hvfhv,25,22.22
71,Brooklyn,2024-10-16,2,other_fhv,0,
71,Brooklyn,2024-10-16,3,yellow,0,
71,Brooklyn,2024-10-16,3,green,0,
71,Brooklyn,2024-10-16,3,hvfhv,31,22.69
71,Brooklyn,2024-10-16,3,other_fhv,0,
71,Brooklyn,2024-10-16,4,yellow,3,41.09
71,Brooklyn,2024-10-16,4,green,0,
71,Brooklyn,2024-10-16,4,hvfhv,24,25.21
71,Brooklyn,2024-10-16,4,other_fhv,1,
71,Brooklyn,2024-10-16,5,yellow,3,28.0
71,Brooklyn,2024-10-16,5,green,0,
71,Brooklyn,2024-10-16,5,hvfhv,55,31.45
71,Brooklyn,2024-10-16,5,other_fhv,0,
71,Brooklyn,2024-10-16,6,yellow,3,44.96
71,Brooklyn,2024-10-16,6,green,0,
71,Brooklyn,2024-10-16,6,hvfhv,117,27.34
71,Brooklyn,2024-10-16,6,other_fhv,0,
71,Brooklyn,2024-10-16,7,yellow,4,33.23
71,Brooklyn,2024-10-16,7,green,0,
71,Brooklyn,2024-10-16,7,hvfhv,192,25.84
71,Brooklyn,2024-10-16,7,other_fhv,4,
71,Brooklyn,2024-10-16,8,yellow,2,43.0
71,Brooklyn,2024-10-16,8,green,0,
71,Brooklyn,2024-10-16,8,hvfhv,218,20.26
71,Brooklyn,2024-10-16,8,other_fhv,2,
71,Brooklyn,2024-10-16,9,yellow,6,27.17
71,Brooklyn,2024-10-16,9,green,0,
71,Brooklyn,2024-10-16,9,hvfhv,149,19.5
71,Brooklyn,2024-10-16,9,other_fhv,5,
71,Brooklyn,2024-10-16,10,yellow,1,20.5
71,Brooklyn,2024-10-16,10,green,0,
71,Brooklyn,2024-10-16,10,hvfhv,124,21.44
71,Brooklyn,2024-10-16,10,other_fhv,5,
71,Brooklyn,2024-10-16,11,yellow,3,31.17
71,Brooklyn,2024-10-16,11,green,0,
71,Brooklyn,2024-10-16,11,hvfhv,90,19.71
71,Brooklyn,2024-10-16,11,other_fhv,1,
71,Brooklyn,2024-10-16,12,yellow,2,21.5
71,Brooklyn,2024-10-16,12,green,0,
71,Brooklyn,2024-10-16,12,hvfhv,109,19.19
71,Brooklyn,2024-10-16,12,other_fhv,5,
71,Brooklyn,2024-10-16,13,yellow,1,17.5
71,Brooklyn,2024-10-16,13,green,0,
71,Brooklyn,2024-10-16,13,hvfhv,112,21.42
71,Brooklyn,2024-10-16,13,other_fhv,2,
71,Brooklyn,2024-10-16,14,yellow,2,20.7
71,Brooklyn,2024-10-16,14,green,0,
71,Brooklyn,2024-10-16,14,hvfhv,170,19.29
71,Brooklyn,2024-10-16,14,other_fhv,3,
71,Brooklyn,2024-10-16,15,yellow,1,22.5
71,Brooklyn,2024-10-16,15,green,0,
71,Brooklyn,2024-10-16,15,hvfhv,113,19.46
71,Brooklyn,2024-10-16,15,other_fhv,2,
71,Brooklyn,2024-10-16,16,yellow,1,22.5
71,Brooklyn,2024-10-16,16,green,0,
71,Brooklyn,2024-10-16,16,hvfhv,142,19.01
71,Brooklyn,2024-10-16,16,other_fhv,4,
71,Brooklyn,2024-10-16,17,yellow,1,9.3
71,Brooklyn,2024-10-16,17,green,0,
71,Brooklyn,2024-10-16,17,hvfhv,154,19.92
71,Brooklyn,2024-10-16,17,other_fhv,2,
71,Brooklyn,2024-10-16,18,yellow,0,
71,Brooklyn,2024-10-16,18,green,0,
71,Brooklyn,2024-10-16,18,hvfhv,127,19.87
71,Brooklyn,2024-10-16,18,other_fhv,1,
71,Brooklyn,2024-10-16,19,yellow,1,52.5
71,Brooklyn,2024-10-16,19,green,0,
71,Brooklyn,2024-10-16,19,hvfhv,124,15.88
71,Brooklyn,2024-10-16,19,other_fhv,0,
71,Brooklyn,2024-10-16,20,yellow,0,
71,Brooklyn,2024-10-16,20,green,0,
71,Brooklyn,2024-10-16,20,hvfhv,104,16.14
71,Brooklyn,2024-10-16,20,other_fhv,2,
71,Brooklyn,2024-10-16,21,yellow,1,33.5
71,Brooklyn,2024-10-16,21,green,0,
71,Brooklyn,2024-10-16,21,hvfhv,88,16.33
71,Brooklyn,2024-10-16,21,other_fhv,0,
71,Brooklyn,2024-10-16,22,yellow,0,
71,Brooklyn,2024-10-16,22,green,0,
71,Brooklyn,2024-10-16,22,hvfhv,101,14.65
71,Brooklyn,2024-10-16,22,other_fhv,1,
71,Brooklyn,2024-10-16,23,yellow,0,
71,Brooklyn,2024-10-16,23,green,0,
71,Brooklyn,2024-10-16,23,hvfhv,92,16.28
71,Brooklyn,2024-10-16,23,other_fhv,0,
72,Brooklyn,2024-10-16,0,yellow,0,
72,Brooklyn,2024-10-16,0,green,0,
72,Brooklyn,2024-10-16,0,hvfhv,57,15.87
72,Brooklyn,2024-10-16,0,other_fhv,0,
72,Brooklyn,2024-10-16,1,yellow,0,
72,Brooklyn,2024-10-16,1,green,0,
72,Brooklyn,2024-10-16,1,hvfhv,43,15.36
72,Brooklyn,2024-10-16,1,other_fhv,0,
72,Brooklyn,2024-10-16,2,yellow,0,
72,Brooklyn,2024-10-16,2,green,0,
72,Brooklyn,2024-10-16,2,hvfhv,24,21.3
72,Brooklyn,2024-10-16,2,other_fhv,1,
72,Brooklyn,2024-10-16,3,yellow,0,
72,Brooklyn,2024-10-16,3,green,0,
72,Brooklyn,2024-10-16,3,hvfhv,28,19.67
72,Brooklyn,2024-10-16,3,other_fhv,1,
72,Brooklyn,2024-10-16,4,yellow,2,20.25
72,Brooklyn,2024-10-16,4,green,0,
72,Brooklyn,2024-10-16,4,hvfhv,41,24.81
72,Brooklyn,2024-10-16,4,other_fhv,1,
72,Brooklyn,2024-10-16,5,yellow,4,27.99
72,Brooklyn,2024-10-16,5,green,0,
72,Brooklyn,2024-10-16,5,hvfhv,65,24.17
72,Brooklyn,2024-10-16,5,other_fhv,0,
72,Brooklyn,2024-10-16,6,yellow,1,27.82
72,Brooklyn,2024-10-16,6,green,0,
72,Brooklyn,2024-10-16,6,hvfhv,121,24.9
72,Brooklyn,2024-10-16,6,other_fhv,2,
72,Brooklyn,2024-10-16,7,yellow,4,28.67
72,Brooklyn,2024-10-16,7,green,0,
72,Brooklyn,2024-10-16,7,hvfhv,190,27.0
72,Brooklyn,2024-10-16,7,other_fhv,4,
72,Brooklyn,2024-10-16,8,yellow,3,31.65
72,Brooklyn,2024-10-16,8,green,0,
72,Brooklyn,2024-10-16,8,hvfhv,267,20.25
72,Brooklyn,2024-10-16,8,other_fhv,6,
72,Brooklyn,2024-10-16,9,yellow,7,35.5
72,Brooklyn,2024-10-16,9,green,0,
72,Brooklyn,2024-10-16,9,hvfhv,179,17.84
72,Brooklyn,2024-10-16,9,other_fhv,3,
72,Brooklyn,2024-10-16,10,yellow,3,39.17
72,Brooklyn,2024-10-16,10,green,0,
72,Brooklyn,2024-10-16,10,hvfhv,134,17.84
72,Brooklyn,2024-10-16,10,other_fhv,4,
72,Brooklyn,2024-10-16,11,yellow,1,42.5
72,Brooklyn,2024-10-16,11,green,0,
72,Brooklyn,2024-10-16,11,hvfhv,105,19.85
72,Brooklyn,2024-10-16,11,other_fhv,4,
72,Brooklyn,2024-10-16,12,yellow,5,27.5
72,Brooklyn,2024-10-16,12,green,0,
72,Brooklyn,2024-10-16,12,hvfhv,92,20.06
72,Brooklyn,2024-10-16,12,other_fhv,2,
72,Brooklyn,2024-10-16,13,yellow,1,26.5
72,Brooklyn,2024-10-16,13,green,0,
72,Brooklyn,2024-10-16,13,hvfhv,141,16.55
72,Brooklyn,2024-10-16,13,other_fhv,1,
72,Brooklyn,2024-10-16,14,yellow,0,
72,Brooklyn,2024-10-16,14,green,0,
72,Brooklyn,2024-10-16,14,hvfhv,186,18.97
72,Brooklyn,2024-10-16,14,other_fhv,4,
72,Brooklyn,2024-10-16,15,yellow,0,
72,Brooklyn,2024-10-16,15,green,0,
72,Brooklyn,2024-10-16,15,hvfhv,175,16.69
72,Brooklyn,2024-10-16,15,other_fhv,2,
72,Brooklyn,2024-10-16,16,yellow,0,
72,Brooklyn,2024-10-16,16,green,0,
72,Brooklyn,2024-10-16,16,hvfhv,149,18.84
72,Brooklyn,2024-10-16,16,other_fhv,3,
72,Brooklyn,2024-10-16,17,yellow,1,40.5
72,Brooklyn,2024-10-16,17,green,0,
72,Brooklyn,2024-10-16,17,hvfhv,178,18.19
72,Brooklyn,2024-10-16,17,other_fhv,1,
72,Brooklyn,2024-10-16,18,yellow,0,
72,Brooklyn,2024-10-16,18,green,0,
72,Brooklyn,2024-10-16,18,hvfhv,128,18.55
72,Brooklyn,2024-10-16,18,other_fhv,0,
72,Brooklyn,2024-10-16,19,yellow,0,
72,Brooklyn,2024-10-16,19,green,0,
72,Brooklyn,2024-10-16,19,hvfhv,144,17.73
72,Brooklyn,2024-10-16,19,other_fhv,0,
72,Brooklyn,2024-10-16,20,yellow,2,0.0
72,Brooklyn,2024-10-16,20,green,0,
72,Brooklyn,2024-10-16,20,hvfhv,121,15.72
72,Brooklyn,2024-10-16,20,other_fhv,0,
72,Brooklyn,2024-10-16,21,yellow,1,40.5
72,Brooklyn,2024-10-16,21,green,0,
72,Brooklyn,2024-10-16,21,hvfhv,91,16.93
72,Brooklyn,2024-10-16,21,other_fhv,0,
72,Brooklyn,2024-10-16,22,yellow,1,13.38
72,Brooklyn,2024-10-16,22,green,0,
72,Brooklyn,2024-10-16,22,hvfhv,123,16.8
72,Brooklyn,2024-10-16,22,other_fhv,2,
72,Brooklyn,2024-10-16,23,yellow,0,
72,Brooklyn,2024-10-16,23,green,0,
72,Brooklyn,2024-10-16,23,hvfhv,104,14.02
72,Brooklyn,2024-10-16,23,other_fhv,3,
73,Queens,2024-10-16,0,yellow,0,
73,Queens,2024-10-16,0,green,0,
73,Queens,2024-10-16,0,hvfhv,10,17.19
73,Queens,2024-10-16,0,other_fhv,0,
73,Queens,2024-10-16,1,yellow,0,
73,Queens,2024-10-16,1,green,0,
73,Queens,2024-10-16,1,hvfhv,12,18.47
73,Queens,2024-10-16,1,other_fhv,0,
73,Queens,2024-10-16,2,yellow,0,
73,Queens,2024-10-16,2,green,0,
73,Queens,2024-10-16,2,hvfhv,3,20.63
73,Queens,2024-10-16,2,other_fhv,0,
73,Queens,2024-10-16,3,yellow,0,
73,Queens,2024-10-16,3,green,0,
73,Queens,2024-10-16,3,hvfhv,5,21.71
73,Queens,2024-10-16,3,other_fhv,0,
73,Queens,2024-10-16,4,yellow,0,
73,Queens,2024-10-16,4,green,0,
73,Queens,2024-10-16,4,hvfhv,10,22.91
73,Queens,2024-10-16,4,other_fhv,0,
73,Queens,2024-10-16,5,yellow,0,
73,Queens,2024-10-16,5,green,0,
73,Queens,2024-10-16,5,hvfhv,12,30.42
73,Queens,2024-10-16,5,other_fhv,0,
73,Queens,2024-10-16,6,yellow,0,
73,Queens,2024-10-16,6,green,0,
73,Queens,2024-10-16,6,hvfhv,28,20.45
73,Queens,2024-10-16,6,other_fhv,2,
73,Queens,2024-10-16,7,yellow,1,56.2
73,Queens,2024-10-16,7,green,0,
73,Queens,2024-10-16,7,hvfhv,49,21.15
73,Queens,2024-10-16,7,other_fhv,1,
73,Queens,2024-10-16,8,yellow,0,
73,Queens,2024-10-16,8,green,0,
73,Queens,2024-10-16,8,hvfhv,54,16.12
73,Queens,2024-10-16,8,other_fhv,2,
73,Queens,2024-10-16,9,yellow,0,
73,Queens,2024-10-16,9,green,0,
73,Queens,2024-10-16,9,hvfhv,38,21.57
73,Queens,2024-10-16,9,other_fhv,0,
73,Queens,2024-10-16,10,yellow,0,
73,Queens,2024-10-16,10,green,0,
73,Queens,2024-10-16,10,hvfhv,25,17.11
73,Queens,2024-10-16,10,other_fhv,1,
73,Queens,2024-10-16,11,yellow,0,
73,Queens,2024-10-16,11,green,0,
73,Queens,2024-10-16,11,hvfhv,28,22.49
73,Queens,2024-10-16,11,other_fhv,0,
73,Queens,2024-10-16,12,yellow,0,
73,Queens,2024-10-16,12,green,0,
73,Queens,2024-10-16,12,hvfhv,36,18.5
73,Queens,2024-10-16,12,other_fhv,0,
73,Queens,2024-10-16,13,yellow,0,
73,Queens,2024-10-16,13,green,0,
73,Queens,2024-10-16,13,hvfhv,30,22.29
73,Queens,2024-10-16,13,other_fhv,0,
73,Queens,2024-10-16,14,yellow,0,
73,Queens,2024-10-16,14,green,0,
73,Queens,2024-10-16,14,hvfhv,36,20.03
73,Queens,2024-10-16,14,other_fhv,0,
73,Queens,2024-10-16,15,yellow,0,
73,Queens,2024-10-16,15,green,0,
73,Queens,2024-10-16,15,hvfhv,36,22.35
73,Queens,2024-10-16,15,other_fhv,0,
73,Queens,2024-10-16,16,yellow,0,
73,Queens,2024-10-16,16,green,0,
73,Queens,2024-10-16,16,hvfhv,34,25.02
73,Queens,2024-10-16,16,other_fhv,0,
73,Queens,2024-10-16,17,yellow,0,
73,Queens,2024-10-16,17,green,0,
73,Queens,2024-10-16,17,hvfhv,37,21.81
73,Queens,2024-10-16,17,other_fhv,0,
73,Queens,2024-10-16,18,yellow,0,
73,Queens,2024-10-16,18,green,0,
73,Queens,2024-10-16,18,hvfhv,28,19.89
73,Queens,2024-10-16,18,other_fhv,0,
73,Queens,2024-10-16,19,yellow,0,
73,Queens,2024-10-16,19,green,0,
73,Queens,2024-10-16,19,hvfhv,36,19.78
73,Queens,2024-10-16,19,other_fhv,0,
73,Queens,2024-10-16,20,yellow,0,
73,Queens,2024-10-16,20,green,0,
73,Queens,2024-10-16,20,hvfhv,20,20.28
73,Queens,2024-10-16,20,other_fhv,0,
73,Queens,2024-10-16,21,yellow,0,
73,Queens,2024-10-16,21,green,0,
73,Queens,2024-10-16,21,hvfhv,20,16.41
73,Queens,2024-10-16,21,other_fhv,0,
73,Queens,2024-10-16,22,yellow,0,
73,Queens,2024-10-16,22,green,0,
73,Queens,2024-10-16,22,hvfhv,22,15.37
73,Queens,2024-10-16,22,other_fhv,0,
73,Queens,2024-10-16,23,yellow,0,
73,Queens,2024-10-16,23,green,0,
73,Queens,2024-10-16,23,hvfhv,14,27.08
73,Queens,2024-10-16,23,other_fhv,0,
74,Manhattan,2024-10-16,0,yellow,3,18.93
74,Manhattan,2024-10-16,0,green,5,9.72
74,Manhattan,2024-10-16,0,hvfhv,115,17.43
74,Manhattan,2024-10-16,0,other_fhv,1,
74,Manhattan,2024-10-16,1,yellow,3,12.41
74,Manhattan,2024-10-16,1,green,0,
74,Manhattan,2024-10-16,1,hvfhv,45,15.8
74,Manhattan,2024-10-16,1,other_fhv,1,
74,Manhattan,2024-10-16,2,yellow,1,34.5
74,Manhattan,2024-10-16,2,green,1,24.7
74,Manhattan,2024-10-16,2,hvfhv,40,17.57
74,Manhattan,2024-10-16,2,other_fhv,0,
74,Manhattan,2024-10-16,3,yellow,2,5.8
74,Manhattan,2024-10-16,3,green,0,
74,Manhattan,2024-10-16,3,hvfhv,43,16.46
74,Manhattan,2024-10-16,3,other_fhv,0,
74,Manhattan,2024-10-16,4,yellow,3,51.48
74,Manhattan,2024-10-16,4,green,0,
74,Manhattan,2024-10-16,4,hvfhv,61,23.77
74,Manhattan,2024-10-16,4,other_fhv,1,
74,Manhattan,2024-10-16,5,yellow,8,16.85
74,Manhattan,2024-10-16,5,green,1,9.3
74,Manhattan,2024-10-16,5,hvfhv,80,21.81
74,Manhattan,2024-10-16,5,other_fhv,1,
74,Manhattan,2024-10-16,6,yellow,22,21.38
74,Manhattan,2024-10-16,6,green,27,11.81
74,Manhattan,2024-10-16,6,hvfhv,168,24.88
74,Manhattan,2024-10-16,6,other_fhv,1,
74,Manhattan,2024-10-16,7,yellow,42,15.27
74,Manhattan,2024-10-16,7,green,39,14.83
74,Manhattan,2024-10-16,7,hvfhv,290,21.42
74,Manhattan,2024-10-16,7,other_fhv,2,
74,Manhattan,2024-10-16,8,yellow,29,18.92
74,Manhattan,2024-10-16,8,green,60,15.53
74,Manhattan,2024-10-16,8,hvfhv,330,22.85
74,Manhattan,2024-10-16,8,other_fhv,1,
74,Manhattan,2024-10-16,9,yellow,24,18.27
74,Manhattan,2024-10-16,9,green,47,15.87
74,Manhattan,2024-10-16,9,hvfhv,278,19.4
74,Manhattan,2024-10-16,9,other_fhv,1,
74,Manhattan,2024-10-16,10,yellow,12,14.4
74,Manhattan,2024-10-16,10,green,35,15.5
74,Manhattan,2024-10-16,10,hvfhv,190,20.87
74,Manhattan,2024-10-16,10,other_fhv,2,
74,Manhattan,2024-10-16,11,yellow,10,16.46
74,Manhattan,2024-10-16,11,green,19,19.77
74,Manhattan,2024-10-16,11,hvfhv,152,17.97
74,Manhattan,2024-10-16,11,other_fhv,3,
74,Manhattan,2024-10-16,12,yellow,22,16.12
74,Manhattan,2024-10-16,12,green,26,14.16
74,Manhattan,2024-10-16,12,hvfhv,163,20.41
74,Manhattan,2024-10-16,12,other_fhv,1,
74,Manhattan,2024-10-16,13,yellow,17,18.32
74,Manhattan,2024-10-16,13,green,14,16.3
74,Manhattan,2024-10-16,13,hvfhv,170,20.43
74,Manhattan,2024-10-16,13,other_fhv,1,
74,Manhattan,2024-10-16,14,yellow,19,19.18
74,Manhattan,2024-10-16,14,green,21,16.79
74,Manhattan,2024-10-16,14,hvfhv,235,21.08
74,Manhattan,2024-10-16,14,other_fhv,2,
74,Manhattan,2024-10-16,15,yellow,16,19.4
74,Manhattan,2024-10-16,15,green,23,17.25
74,Manhattan,2024-10-16,15,hvfhv,231,22.38
74,Manhattan,2024-10-16,15,other_fhv,2,
74,Manhattan,2024-10-16,16,yellow,13,14.86
74,Manhattan,2024-10-16,16,green,27,17.49
74,Manhattan,2024-10-16,16,hvfhv,215,22.68
74,Manhattan,2024-10-16,16,other_fhv,0,
74,Manhattan,2024-10-16,17,yellow,27,13.46
74,Manhattan,2024-10-16,17,green,25,15.24
74,Manhattan,2024-10-16,17,hvfhv,230,22.92
74,Manhattan,2024-10-16,17,other_fhv,2,
74,Manhattan,2024-10-16,18,yellow,26,16.96
74,Manhattan,2024-10-16,18,green,24,13.94
74,Manhattan,2024-10-16,18,hvfhv,243,21.89
74,Manhattan,2024-10-16,18,other_fhv,1,
74,Manhattan,2024-10-16,19,yellow,10,10.01
74,Manhattan,2024-10-16,19,green,24,13.56
74,Manhattan,2024-10-16,19,hvfhv,260,19.18
74,Manhattan,2024-10-16,19,other_fhv,1,
74,Manhattan,2024-10-16,20,yellow,9,17.13
74,Manhattan,2024-10-16,20,green,11,11.27
74,Manhattan,2024-10-16,20,hvfhv,205,17.37
74,Manhattan,2024-10-16,20,other_fhv,1,
74,Manhattan,2024-10-16,21,yellow,8,19.19
74,Manhattan,2024-10-16,21,green,13,10.0
74,Manhattan,2024-10-16,21,hvfhv,188,17.26
74,Manhattan,2024-10-16,21,other_fhv,2,
74,Manhattan,2024-10-16,22,yellow,8,16.33
74,Manhattan,2024-10-16,22,green,8,13.76
74,Manhattan,2024-10-16,22,hvfhv,184,19.51
74,Manhattan,2024-10-16,22,other_fhv,4,
74,Manhattan,2024-10-16,23,yellow,5,24.12
74,Manhattan,2024-10-16,23,green,7,20.0
74,Manhattan,2024-10-16,23,hvfhv,181,21.22
74,Manhattan,2024-10-16,23,other_fhv,1,
75,Manhattan,2024-10-16,0,yellow,5,14.69
75,Manhattan,2024-10-16,0,green,0,
75,Manhattan,2024-10-16,0,hvfhv,70,18.5
75,Manhattan,2024-10-16,0,other_fhv,2,
75,Manhattan,2024-10-16,1,yellow,5,9.1
75,Manhattan,2024-10-16,1,green,2,12.45
75,Manhattan,2024-10-16,1,hvfhv,46,20.26
75,Manhattan,2024-10-16,1,other_fhv,1,
75,Manhattan,2024-10-16,2,yellow,0,
75,Manhattan,2024-10-16,2,green,1,10.7
75,Manhattan,2024-10-16,2,hvfhv,40,19.21
75,Manhattan,2024-10-16,2,other_fhv,0,
75,Manhattan,2024-10-16,3,yellow,0,
75,Manhattan,2024-10-16,3,green,0,
75,Manhattan,2024-10-16,3,hvfhv,36,24.3
75,Manhattan,2024-10-16,3,other_fhv,0,
75,Manhattan,2024-10-16,4,yellow,1,9.5
75,Manhattan,2024-10-16,4,green,0,
75,Manhattan,2024-10-16,4,hvfhv,50,24.85
75,Manhattan,2024-10-16,4,other_fhv,0,
75,Manhattan,2024-10-16,5,yellow,20,18.25
75,Manhattan,2024-10-16,5,green,0,
75,Manhattan,2024-10-16,5,hvfhv,84,25.88
75,Manhattan,2024-10-16,5,other_fhv,2,
75,Manhattan,2024-10-16,6,yellow,29,15.68
75,Manhattan,2024-10-16,6,green,1,13.5
75,Manhattan,2024-10-16,6,hvfhv,138,23.48
75,Manhattan,2024-10-16,6,other_fhv,0,
75,Manhattan,2024-10-16,7,yellow,63,14.88
75,Manhattan,2024-10-16,7,green,17,15.44
75,Manhattan,2024-10-16,7,hvfhv,263,27.2
75,Manhattan,2024-10-16,7,other_fhv,4,
75,Manhattan,2024-10-16,8,yellow,58,16.59
75,Manhattan,2024-10-16,8,green,13,16.77
75,Manhattan,2024-10-16,8,hvfhv,258,27.46
75,Manhattan,2024-10-16,8,other_fhv,4,
75,Manhattan,2024-10-16,9,yellow,57,16.4
75,Manhattan,2024-10-16,9,green,15,13.89
75,Manhattan,2024-10-16,9,hvfhv,212,26.58
75,Manhattan,2024-10-16,9,other_fhv,4,
75,Manhattan,2024-10-16,10,yellow,49,18.5
75,Manhattan,2024-10-16,10,green,19,13.13
75,Manhattan,2024-10-16,10,hvfhv,206,23.12
75,Manhattan,2024-10-16,10,other_fhv,4,
75,Manhattan,2024-10-16,11,yellow,59,17.02
75,Manhattan,2024-10-16,11,green,21,17.47
75,Manhattan,2024-10-16,11,hvfhv,184,26.06
75,Manhattan,2024-10-16,11,other_fhv,2,
75,Manhattan,2024-10-16,12,yellow,51,14.48
75,Manhattan,2024-10-16,12,green,17,20.62
75,Manhattan,2024-10-16,12,hvfhv,180,27.7
75,Manhattan,2024-10-16,12,other_fhv,7,
75,Manhattan,2024-10-16,13,yellow,66,16.79
75,Manhattan,2024-10-16,13,green,28,12.92
75,Manhattan,2024-10-16,13,hvfhv,192,26.4
75,Manhattan,2024-10-16,13,other_fhv,2,
75,Manhattan,2024-10-16,14,yellow,75,18.02
75,Manhattan,2024-10-16,14,green,20,14.3
75,Manhattan,2024-10-16,14,hvfhv,223,28.43
75,Manhattan,2024-10-16,14,other_fhv,3,
75,Manhattan,2024-10-16,15,yellow,77,13.74
75,Manhattan,2024-10-16,15,green,35,16.21
75,Manhattan,2024-10-16,15,hvfhv,233,32.13
75,Manhattan,2024-10-16,15,other_fhv,3,
75,Manhattan,2024-10-16,16,yellow,54,18.2
75,Manhattan,2024-10-16,16,green,37,14.54
75,Manhattan,2024-10-16,16,hvfhv,248,29.0
75,Manhattan,2024-10-16,16,other_fhv,2,
75,Manhattan,2024-10-16,17,yellow,63,16.45
75,Manhattan,2024-10-16,17,green,47,14.27
75,Manhattan,2024-10-16,17,hvfhv,238,32.43
75,Manhattan,2024-10-16,17,other_fhv,1,
75,Manhattan,2024-10-16,18,yellow,57,18.27
75,Manhattan,2024-10-16,18,green,28,13.57
75,Manhattan,2024-10-16,18,hvfhv,263,26.01
75,Manhattan,2024-10-16,18,other_fhv,2,
75,Manhattan,2024-10-16,19,yellow,55,16.19
75,Manhattan,2024-10-16,19,green,19,16.82
75,Manhattan,2024-10-16,19,hvfhv,296,22.06
75,Manhattan,2024-10-16,19,other_fhv,3,
75,Manhattan,2024-10-16,20,yellow,35,15.41
75,Manhattan,2024-10-16,20,green,17,15.31
75,Manhattan,2024-10-16,20,hvfhv,218,23.13
75,Manhattan,2024-10-16,20,other_fhv,2,
75,Manhattan,2024-10-16,21,yellow,46,17.54
75,Manhattan,2024-10-16,21,green,13,12.58
75,Manhattan,2024-10-16,21,hvfhv,275,23.85
75,Manhattan,2024-10-16,21,other_fhv,3,
75,Manhattan,2024-10-16,22,yellow,12,14.25
75,Manhattan,2024-10-16,22,green,4,21.12
75,Manhattan,2024-10-16,22,hvfhv,186,20.84
75,Manhattan,2024-10-16,22,other_fhv,2,
75,Manhattan,2024-10-16,23,yellow,13,16.33
75,Manhattan,2024-10-16,23,green,6,9.65
75,Manhattan,2024-10-16,23,hvfhv,208,20.73
75,Manhattan,2024-10-16,23,other_fhv,4,
76,Brooklyn,2024-10-16,0,yellow,0,
76,Brooklyn,2024-10-16,0,green,0,
76,Brooklyn,2024-10-16,0,hvfhv,145,16.98
76,Brooklyn,2024-10-16,0,other_fhv,0,
76,Brooklyn,2024-10-16,1,yellow,1,29.75
76,Brooklyn,2024-10-16,1,green,0,
76,Brooklyn,2024-10-16,1,hvfhv,88,16.77
76,Brooklyn,2024-10-16,1,other_fhv,0,
76,Brooklyn,2024-10-16,2,yellow,0,
76,Brooklyn,2024-10-16,2,green,0,
76,Brooklyn,2024-10-16,2,hvfhv,55,17.19
76,Brooklyn,2024-10-16,2,other_fhv,0,
76,Brooklyn,2024-10-16,3,yellow,0,
76,Brooklyn,2024-10-16,3,green,0,
76,Brooklyn,2024-10-16,3,hvfhv,82,17.24
76,Brooklyn,2024-10-16,3,other_fhv,0,
76,Brooklyn,2024-10-16,4,yellow,3,24.03
76,Brooklyn,2024-10-16,4,green,0,
76,Brooklyn,2024-10-16,4,hvfhv,94,23.42
76,Brooklyn,2024-10-16,4,other_fhv,0,
76,Brooklyn,2024-10-16,5,yellow,1,53.5
76,Brooklyn,2024-10-16,5,green,0,
76,Brooklyn,2024-10-16,5,hvfhv,170,18.32
76,Brooklyn,2024-10-16,5,other_fhv,1,
76,Brooklyn,2024-10-16,6,yellow,8,40.55
76,Brooklyn,2024-10-16,6,green,0,
76,Brooklyn,2024-10-16,6,hvfhv,259,21.02
76,Brooklyn,2024-10-16,6,other_fhv,4,
76,Brooklyn,2024-10-16,7,yellow,5,20.7
76,Brooklyn,2024-10-16,7,green,0,
76,Brooklyn,2024-10-16,7,hvfhv,486,19.83
76,Brooklyn,2024-10-16,7,other_fhv,3,
76,Brooklyn,2024-10-16,8,yellow,4,21.16
76,Brooklyn,2024-10-16,8,green,0,
76,Brooklyn,2024-10-16,8,hvfhv,510,18.3
76,Brooklyn,2024-10-16,8,other_fhv,8,
76,Brooklyn,2024-10-16,9,yellow,5,28.92
76,Brooklyn,2024-10-16,9,green,1,14.5
76,Brooklyn,2024-10-16,9,hvfhv,387,18.13
76,Brooklyn,2024-10-16,9,other_fhv,8,
76,Brooklyn,2024-10-16,10,yellow,3,19.17
76,Brooklyn,2024-10-16,10,green,0,
76,Brooklyn,2024-10-16,10,hvfhv,272,19.48
76,Brooklyn,2024-10-16,10,other_fhv,8,
76,Brooklyn,2024-10-16,11,yellow,4,21.75
76,Brooklyn,2024-10-16,11,green,0,
76,Brooklyn,2024-10-16,11,hvfhv,232,18.53
76,Brooklyn,2024-10-16,11,other_fhv,6,
76,Brooklyn,2024-10-16,12,yellow,7,26.79
76,Brooklyn,2024-10-16,12,green,0,
76,Brooklyn,2024-10-16,12,hvfhv,285,19.0
76,Brooklyn,2024-10-16,12,other_fhv,12,
76,Brooklyn,2024-10-16,13,yellow,3,35.5
76,Brooklyn,2024-10-16,13,green,0,
76,Brooklyn,2024-10-16,13,hvfhv,293,18.73
76,Brooklyn,2024-10-16,13,other_fhv,9,
76,Brooklyn,2024-10-16,14,yellow,5,34.27
76,Brooklyn,2024-10-16,14,green,0,
76,Brooklyn,2024-10-16,14,hvfhv,313,16.99
76,Brooklyn,2024-10-16,14,other_fhv,4,
76,Brooklyn,2024-10-16,15,yellow,3,20.38
76,Brooklyn,2024-10-16,15,green,0,
76,Brooklyn,2024-10-16,15,hvfhv,364,18.12
76,Brooklyn,2024-10-16,15,other_fhv,7,
76,Brooklyn,2024-10-16,16,yellow,2,54.0
76,Brooklyn,2024-10-16,16,green,0,
76,Brooklyn,2024-10-16,16,hvfhv,341,16.07
76,Brooklyn,2024-10-16,16,other_fhv,2,
76,Brooklyn,2024-10-16,17,yellow,1,36.5
76,Brooklyn,2024-10-16,17,green,0,
76,Brooklyn,2024-10-16,17,hvfhv,404,17.58
76,Brooklyn,2024-10-16,17,other_fhv,0,
76,Brooklyn,2024-10-16,18,yellow,1,40.37
76,Brooklyn,2024-10-16,18,green,0,
76,Brooklyn,2024-10-16,18,hvfhv,352,16.68
76,Brooklyn,2024-10-16,18,other_fhv,1,
76,Brooklyn,2024-10-16,19,yellow,1,33.1
76,Brooklyn,2024-10-16,19,green,0,
76,Brooklyn,2024-10-16,19,hvfhv,301,17.17
76,Brooklyn,2024-10-16,19,other_fhv,1,
76,Brooklyn,2024-10-16,20,yellow,0,
76,Brooklyn,2024-10-16,20,green,1,42.2
76,Brooklyn,2024-10-16,20,hvfhv,284,16.98
76,Brooklyn,2024-10-16,20,other_fhv,2,
76,Brooklyn,2024-10-16,21,yellow,0,
76,Brooklyn,2024-10-16,21,green,0,
76,Brooklyn,2024-10-16,21,hvfhv,229,16.41
76,Brooklyn,2024-10-16,21,other_fhv,2,
76,Brooklyn,2024-10-16,22,yellow,1,28.2
76,Brooklyn,2024-10-16,22,green,0,
76,Brooklyn,2024-10-16,22,hvfhv,250,16.89
76,Brooklyn,2024-10-16,22,other_fhv,1,
76,Brooklyn,2024-10-16,23,yellow,0,
76,Brooklyn,2024-10-16,23,green,0,
76,Brooklyn,2024-10-16,23,hvfhv,202,17.15
76,Brooklyn,2024-10-16,23,other_fhv,1,
77,Brooklyn,2024-10-16,0,yellow,0,
77,Brooklyn,2024-10-16,0,green,0,
77,Brooklyn,2024-10-16,0,hvfhv,42,15.34
77,Brooklyn,2024-10-16,0,other_fhv,0,
77,Brooklyn,2024-10-16,1,yellow,0,
77,Brooklyn,2024-10-16,1,green,0,
77,Brooklyn,2024-10-16,1,hvfhv,17,13.13
77,Brooklyn,2024-10-16,1,other_fhv,0,
77,Brooklyn,2024-10-16,2,yellow,0,
77,Brooklyn,2024-10-16,2,green,0,
77,Brooklyn,2024-10-16,2,hvfhv,15,12.94
77,Brooklyn,2024-10-16,2,other_fhv,0,
77,Brooklyn,2024-10-16,3,yellow,0,
77,Brooklyn,2024-10-16,3,green,0,
77,Brooklyn,2024-10-16,3,hvfhv,21,20.24
77,Brooklyn,2024-10-16,3,other_fhv,0,
77,Brooklyn,2024-10-16,4,yellow,0,
77,Brooklyn,2024-10-16,4,green,0,
77,Brooklyn,2024-10-16,4,hvfhv,22,26.6
77,Brooklyn,2024-10-16,4,other_fhv,0,
77,Brooklyn,2024-10-16,5,yellow,0,
77,Brooklyn,2024-10-16,5,green,0,
77,Brooklyn,2024-10-16,5,hvfhv,32,18.0
77,Brooklyn,2024-10-16,5,other_fhv,0,
77,Brooklyn,2024-10-16,6,yellow,0,
77,Brooklyn,2024-10-16,6,green,0,
77,Brooklyn,2024-10-16,6,hvfhv,71,27.51
77,Brooklyn,2024-10-16,6,other_fhv,4,
77,Brooklyn,2024-10-16,7,yellow,3,43.17
77,Brooklyn,2024-10-16,7,green,0,
77,Brooklyn,2024-10-16,7,hvfhv,126,25.91
77,Brooklyn,2024-10-16,7,other_fhv,4,
77,Brooklyn,2024-10-16,8,yellow,0,
77,Brooklyn,2024-10-16,8,green,0,
77,Brooklyn,2024-10-16,8,hvfhv,156,18.51
77,Brooklyn,2024-10-16,8,other_fhv,4,
77,Brooklyn,2024-10-16,9,yellow,1,20.5
77,Brooklyn,2024-10-16,9,green,0,
77,Brooklyn,2024-10-16,9,hvfhv,100,21.56
77,Brooklyn,2024-10-16,9,other_fhv,1,
77,Brooklyn,2024-10-16,10,yellow,1,22.5
77,Brooklyn,2024-10-16,10,green,0,
77,Brooklyn,2024-10-16,10,hvfhv,76,17.76
77,Brooklyn,2024-10-16,10,other_fhv,0,
77,Brooklyn,2024-10-16,11,yellow,3,29.61
77,Brooklyn,2024-10-16,11,green,0,
77,Brooklyn,2024-10-16,11,hvfhv,66,19.76
77,Brooklyn,2024-10-16,11,other_fhv,1,
77,Brooklyn,2024-10-16,12,yellow,0,
77,Brooklyn,2024-10-16,12,green,0,
77,Brooklyn,2024-10-16,12,hvfhv,60,16.81
77,Brooklyn,2024-10-16,12,other_fhv,0,
77,Brooklyn,2024-10-16,13,yellow,1,10.0
77,Brooklyn,2024-10-16,13,green,0,
77,Brooklyn,2024-10-16,13,hvfhv,79,18.36
77,Brooklyn,2024-10-16,13,other_fhv,4,
77,Brooklyn,2024-10-16,14,yellow,0,
77,Brooklyn,2024-10-16,14,green,0,
77,Brooklyn,2024-10-16,14,hvfhv,104,18.26
77,Brooklyn,2024-10-16,14,other_fhv,1,
77,Brooklyn,2024-10-16,15,yellow,0,
77,Brooklyn,2024-10-16,15,green,0,
77,Brooklyn,2024-10-16,15,hvfhv,102,18.88
77,Brooklyn,2024-10-16,15,other_fhv,2,
77,Brooklyn,2024-10-16,16,yellow,0,
77,Brooklyn,2024-10-16,16,green,0,
77,Brooklyn,2024-10-16,16,hvfhv,92,17.2
77,Brooklyn,2024-10-16,16,other_fhv,1,
77,Brooklyn,2024-10-16,17,yellow,1,27.5
77,Brooklyn,2024-10-16,17,green,0,
77,Brooklyn,2024-10-16,17,hvfhv,109,17.06
77,Brooklyn,2024-10-16,17,other_fhv,1,
77,Brooklyn,2024-10-16,18,yellow,1,20.5
77,Brooklyn,2024-10-16,18,green,0,
77,Brooklyn,2024-10-16,18,hvfhv,98,17.54
77,Brooklyn,2024-10-16,18,other_fhv,0,
77,Brooklyn,2024-10-16,19,yellow,0,
77,Brooklyn,2024-10-16,19,green,0,
77,Brooklyn,2024-10-16,19,hvfhv,86,15.8
77,Brooklyn,2024-10-16,19,other_fhv,0,
77,Brooklyn,2024-10-16,20,yellow,0,
77,Brooklyn,2024-10-16,20,green,0,
77,Brooklyn,2024-10-16,20,hvfhv,56,15.66
77,Brooklyn,2024-10-16,20,other_fhv,1,
77,Brooklyn,2024-10-16,21,yellow,0,
77,Brooklyn,2024-10-16,21,green,0,
77,Brooklyn,2024-10-16,21,hvfhv,56,17.81
77,Brooklyn,2024-10-16,21,other_fhv,0,
77,Brooklyn,2024-10-16,22,yellow,1,53.5
77,Brooklyn,2024-10-16,22,green,0,
77,Brooklyn,2024-10-16,22,hvfhv,82,20.47
77,Brooklyn,2024-10-16,22,other_fhv,1,
77,Brooklyn,2024-10-16,23,yellow,0,
77,Brooklyn,2024-10-16,23,green,0,
77,Brooklyn,2024-10-16,23,hvfhv,75,18.13
77,Brooklyn,2024-10-16,23,other_fhv,1,
78,Bronx,2024-10-16,0,yellow,0,
78,Bronx,2024-10-16,0,green,0,
78,Bronx,2024-10-16,0,hvfhv,64,13.83
78,Bronx,2024-10-16,0,other_fhv,1,
78,Bronx,2024-10-16,1,yellow,0,
78,Bronx,2024-10-16,1,green,0,
78,Bronx,2024-10-16,1,hvfhv,30,13.54
78,Bronx,2024-10-16,1,other_fhv,0,
78,Bronx,2024-10-16,2,yellow,0,
78,Bronx,2024-10-16,2,green,0,
78,Bronx,2024-10-16,2,hvfhv,19,15.15
78,Bronx,2024-10-16,2,other_fhv,0,
78,Bronx,2024-10-16,3,yellow,0,
78,Bronx,2024-10-16,3,green,0,
78,Bronx,2024-10-16,3,hvfhv,27,16.23
78,Bronx,2024-10-16,3,other_fhv,0,
78,Bronx,2024-10-16,4,yellow,0,
78,Bronx,2024-10-16,4,green,0,
78,Bronx,2024-10-16,4,hvfhv,25,20.66
78,Bronx,2024-10-16,4,other_fhv,0,
78,Bronx,2024-10-16,5,yellow,0,
78,Bronx,2024-10-16,5,green,0,
78,Bronx,2024-10-16,5,hvfhv,55,23.1
78,Bronx,2024-10-16,5,other_fhv,0,
78,Bronx,2024-10-16,6,yellow,1,37.22
78,Bronx,2024-10-16,6,green,0,
78,Bronx,2024-10-16,6,hvfhv,108,22.17
78,Bronx,2024-10-16,6,other_fhv,1,
78,Bronx,2024-10-16,7,yellow,3,24.99
78,Bronx,2024-10-16,7,green,0,
78,Bronx,2024-10-16,7,hvfhv,215,21.87
78,Bronx,2024-10-16,7,other_fhv,0,
78,Bronx,2024-10-16,8,yellow,1,25.5
78,Bronx,2024-10-16,8,green,0,
78,Bronx,2024-10-16,8,hvfhv,268,18.78
78,Bronx,2024-10-16,8,other_fhv,4,
78,Bronx,2024-10-16,9,yellow,0,
78,Bronx,2024-10-16,9,green,1,12.1
78,Bronx,2024-10-16,9,hvfhv,190,18.91
78,Bronx,2024-10-16,9,other_fhv,3,
78,Bronx,2024-10-16,10,yellow,0,
78,Bronx,2024-10-16,10,green,1,17.0
78,Bronx,2024-10-16,10,hvfhv,112,18.7
78,Bronx,2024-10-16,10,other_fhv,3,
78,Bronx,2024-10-16,11,yellow,0,
78,Bronx,2024-10-16,11,green,0,
78,Bronx,2024-10-16,11,hvfhv,100,18.48
78,Bronx,2024-10-16,11,other_fhv,2,
78,Bronx,2024-10-16,12,yellow,1,35.2
78,Bronx,2024-10-16,12,green,0,
78,Bronx,2024-10-16,12,hvfhv,107,19.29
78,Bronx,2024-10-16,12,other_fhv,3,
78,Bronx,2024-10-16,13,yellow,0,
78,Bronx,2024-10-16,13,green,0,
78,Bronx,2024-10-16,13,hvfhv,114,20.65
78,Bronx,2024-10-16,13,other_fhv,3,
78,Bronx,2024-10-16,14,yellow,0,
78,Bronx,2024-10-16,14,green,0,
78,Bronx,2024-10-16,14,hvfhv,119,21.93
78,Bronx,2024-10-16,14,other_fhv,0,
78,Bronx,2024-10-16,15,yellow,0,
78,Bronx,2024-10-16,15,green,0,
78,Bronx,2024-10-16,15,hvfhv,112,22.35
78,Bronx,2024-10-16,15,other_fhv,2,
78,Bronx,2024-10-16,16,yellow,0,
78,Bronx,2024-10-16,16,green,0,
78,Bronx,2024-10-16,16,hvfhv,145,17.07
78,Bronx,2024-10-16,16,other_fhv,0,
78,Bronx,2024-10-16,17,yellow,0,
78,Bronx,2024-10-16,17,green,0,
78,Bronx,2024-10-16,17,hvfhv,154,17.5
78,Bronx,2024-10-16,17,other_fhv,1,
78,Bronx,2024-10-16,18,yellow,0,
78,Bronx,2024-10-16,18,green,1,23.23
78,Bronx,2024-10-16,18,hvfhv,99,15.02
78,Bronx,2024-10-16,18,other_fhv,1,
78,Bronx,2024-10-16,19,yellow,0,
78,Bronx,2024-10-16,19,green,0,
78,Bronx,2024-10-16,19,hvfhv,121,15.78
78,Bronx,2024-10-16,19,other_fhv,2,
78,Bronx,2024-10-16,20,yellow,0,
78,Bronx,2024-10-16,20,green,0,
78,Bronx,2024-10-16,20,hvfhv,92,16.75
78,Bronx,2024-10-16,20,other_fhv,1,
78,Bronx,2024-10-16,21,yellow,0,
78,Bronx,2024-10-16,21,green,0,
78,Bronx,2024-10-16,21,hvfhv,105,16.67
78,Bronx,2024-10-16,21,other_fhv,0,
78,Bronx,2024-10-16,22,yellow,0,
78,Bronx,2024-10-16,22,green,0,
78,Bronx,2024-10-16,22,hvfhv,99,15.93
78,Bronx,2024-10-16,22,other_fhv,0,
78,Bronx,2024-10-16,23,yellow,0,
78,Bronx,2024-10-16,23,green,0,
78,Bronx,2024-10-16,23,hvfhv,92,16.14
78,Bronx,2024-10-16,23,other_fhv,0,
79,Manhattan,2024-10-16,0,yellow,69,13.71
79,Manhattan,2024-10-16,0,green,0,
79,Manhattan,2024-10-16,0,hvfhv,327,23.82
79,Manhattan,2024-10-16,0,other_fhv,3,
79,Manhattan,2024-10-16,1,yellow,47,12.83
79,Manhattan,2024-10-16,1,green,0,
79,Manhattan,2024-10-16,1,hvfhv,255,22.19
79,Manhattan,2024-10-16,1,other_fhv,0,
79,Manhattan,2024-10-16,2,yellow,30,16.24
79,Manhattan,2024-10-16,2,green,0,
79,Manhattan,2024-10-16,2,hvfhv,169,21.54
79,Manhattan,2024-10-16,2,other_fhv,2,
79,Manhattan,2024-10-16,3,yellow,27,13.04
79,Manhattan,2024-10-16,3,green,0,
79,Manhattan,2024-10-16,3,hvfhv,128,24.46
79,Manhattan,2024-10-16,3,other_fhv,1,
79,Manhattan,2024-10-16,4,yellow,13,10.87
79,Manhattan,2024-10-16,4,green,0,
79,Manhattan,2024-10-16,4,hvfhv,130,32.13
79,Manhattan,2024-10-16,4,other_fhv,1,
79,Manhattan,2024-10-16,5,yellow,9,14.47
79,Manhattan,2024-10-16,5,green,0,
79,Manhattan,2024-10-16,5,hvfhv,94,35.97
79,Manhattan,2024-10-16,5,other_fhv,0,
79,Manhattan,2024-10-16,6,yellow,36,18.02
79,Manhattan,2024-10-16,6,green,0,
79,Manhattan,2024-10-16,6,hvfhv,161,35.22
79,Manhattan,2024-10-16,6,other_fhv,2,
79,Manhattan,2024-10-16,7,yellow,66,17.27
79,Manhattan,2024-10-16,7,green,0,
79,Manhattan,2024-10-16,7,hvfhv,182,41.11
79,Manhattan,2024-10-16,7,other_fhv,1,
79,Manhattan,2024-10-16,8,yellow,97,17.74
79,Manhattan,2024-10-16,8,green,0,
79,Manhattan,2024-10-16,8,hvfhv,226,35.97
79,Manhattan,2024-10-16,8,other_fhv,6,
79,Manhattan,2024-10-16,9,yellow,104,15.1
79,Manhattan,2024-10-16,9,green,0,
79,Manhattan,2024-10-16,9,hvfhv,297,31.18
79,Manhattan,2024-10-16,9,other_fhv,7,
79,Manhattan,2024-10-16,10,yellow,64,16.62
79,Manhattan,2024-10-16,10,green,0,
79,Manhattan,2024-10-16,10,hvfhv,242,29.38
79,Manhattan,2024-10-16,10,other_fhv,3,
79,Manhattan,2024-10-16,11,yellow,59,15.74
79,Manhattan,2024-10-16,11,green,0,
79,Manhattan,2024-10-16,11,hvfhv,181,28.81
79,Manhattan,2024-10-16,11,other_fhv,3,
79,Manhattan,2024-10-16,12,yellow,60,14.72
79,Manhattan,2024-10-16,12,green,0,
79,Manhattan,2024-10-16,12,hvfhv,178,31.75
79,Manhattan,2024-10-16,12,other_fhv,1,
79,Manhattan,2024-10-16,13,yellow,68,15.99
79,Manhattan,2024-10-16,13,green,0,
79,Manhattan,2024-10-16,13,hvfhv,196,32.44
79,Manhattan,2024-10-16,13,other_fhv,4,
79,Manhattan,2024-10-16,14,yellow,63,18.02
79,Manhattan,2024-10-16,14,green,0,
79,Manhattan,2024-10-16,14,hvfhv,185,34.4
79,Manhattan,2024-10-16,14,other_fhv,3,
79,Manhattan,2024-10-16,15,yellow,82,20.99
79,Manhattan,2024-10-16,15,green,0,
79,Manhattan,2024-10-16,15,hvfhv,167,32.46
79,Manhattan,2024-10-16,15,other_fhv,3,
79,Manhattan,2024-10-16,16,yellow,59,17.35
79,Manhattan,2024-10-16,16,green,0,
79,Manhattan,2024-10-16,16,hvfhv,222,37.24
79,Manhattan,2024-10-16,16,other_fhv,3,
79,Manhattan,2024-10-16,17,yellow,79,18.08
79,Manhattan,2024-10-16,17,green,0,
79,Manhattan,2024-10-16,17,hvfhv,272,30.42
79,Manhattan,2024-10-16,17,other_fhv,3,
79,Manhattan,2024-10-16,18,yellow,104,15.68
79,Manhattan,2024-10-16,18,green,0,
79,Manhattan,2024-10-16,18,hvfhv,349,26.45
79,Manhattan,2024-10-16,18,other_fhv,2,
79,Manhattan,2024-10-16,19,yellow,116,16.08
79,Manhattan,2024-10-16,19,green,0,
79,Manhattan,2024-10-16,19,hvfhv,449,25.56
79,Manhattan,2024-10-16,19,other_fhv,7,
79,Manhattan,2024-10-16,20,yellow,147,16.04
79,Manhattan,2024-10-16,20,green,0,
79,Manhattan,2024-10-16,20,hvfhv,518,27.91
79,Manhattan,2024-10-16,20,other_fhv,9,
79,Manhattan,2024-10-16,21,yellow,231,17.08
79,Manhattan,2024-10-16,21,green,0,
79,Manhattan,2024-10-16,21,hvfhv,586,26.13
79,Manhattan,2024-10-16,21,other_fhv,5,
79,Manhattan,2024-10-16,22,yellow,251,16.3
79,Manhattan,2024-10-16,22,green,0,
79,Manhattan,2024-10-16,22,hvfhv,539,29.68
79,Manhattan,2024-10-16,22,other_fhv,4,
79,Manhattan,2024-10-16,23,yellow,199,14.5
79,Manhattan,2024-10-16,23,green,0,
79,Manhattan,2024-10-16,23,hvfhv,519,26.89
79,Manhattan,2024-10-16,23,other_fhv,8,
80,Brooklyn,2024-10-16,0,yellow,0,
80,Brooklyn,2024-10-16,0,green,0,
80,Brooklyn,2024-10-16,0,hvfhv,81,18.15
80,Brooklyn,2024-10-16,0,other_fhv,0,
80,Brooklyn,2024-10-16,1,yellow,0,
80,Brooklyn,2024-10-16,1,green,0,
80,Brooklyn,2024-10-16,1,hvfhv,55,16.59
80,Brooklyn,2024-10-16,1,other_fhv,2,
80,Brooklyn,2024-10-16,2,yellow,0,
80,Brooklyn,2024-10-16,2,green,0,
80,Brooklyn,2024-10-16,2,hvfhv,38,17.75
80,Brooklyn,2024-10-16,2,other_fhv,0,
80,Brooklyn,2024-10-16,3,yellow,0,
80,Brooklyn,2024-10-16,3,green,0,
80,Brooklyn,2024-10-16,3,hvfhv,54,18.03
80,Brooklyn,2024-10-16,3,other_fhv,0,
80,Brooklyn,2024-10-16,4,yellow,0,
80,Brooklyn,2024-10-16,4,green,0,
80,Brooklyn,2024-10-16,4,hvfhv,66,25.13
80,Brooklyn,2024-10-16,4,other_fhv,3,
80,Brooklyn,2024-10-16,5,yellow,0,
80,Brooklyn,2024-10-16,5,green,0,
80,Brooklyn,2024-10-16,5,hvfhv,64,32.46
80,Brooklyn,2024-10-16,5,other_fhv,1,
80,Brooklyn,2024-10-16,6,yellow,4,29.66
80,Brooklyn,2024-10-16,6,green,0,
80,Brooklyn,2024-10-16,6,hvfhv,107,33.64
80,Brooklyn,2024-10-16,6,other_fhv,3,
80,Brooklyn,2024-10-16,7,yellow,2,25.0
80,Brooklyn,2024-10-16,7,green,0,
80,Brooklyn,2024-10-16,7,hvfhv,125,30.32
80,Brooklyn,2024-10-16,7,other_fhv,1,
80,Brooklyn,2024-10-16,8,yellow,4,27.77
80,Brooklyn,2024-10-16,8,green,0,
80,Brooklyn,2024-10-16,8,hvfhv,174,25.93
80,Brooklyn,2024-10-16,8,other_fhv,6,
80,Brooklyn,2024-10-16,9,yellow,3,16.91
80,Brooklyn,2024-10-16,9,green,0,
80,Brooklyn,2024-10-16,9,hvfhv,164,23.99
80,Brooklyn,2024-10-16,9,other_fhv,1,
80,Brooklyn,2024-10-16,10,yellow,0,
80,Brooklyn,2024-10-16,10,green,0,
80,Brooklyn,2024-10-16,10,hvfhv,111,23.0
80,Brooklyn,2024-10-16,10,other_fhv,3,
80,Brooklyn,2024-10-16,11,yellow,0,
80,Brooklyn,2024-10-16,11,green,0,
80,Brooklyn,2024-10-16,11,hvfhv,120,24.39
80,Brooklyn,2024-10-16,11,other_fhv,1,
80,Brooklyn,2024-10-16,12,yellow,0,
80,Brooklyn,2024-10-16,12,green,0,
80,Brooklyn,2024-10-16,12,hvfhv,103,25.18
80,Brooklyn,2024-10-16,12,other_fhv,0,
80,Brooklyn,2024-10-16,13,yellow,0,
80,Brooklyn,2024-10-16,13,green,0,
80,Brooklyn,2024-10-16,13,hvfhv,125,26.8
80,Brooklyn,2024-10-16,13,other_fhv,3,
80,Brooklyn,2024-10-16,14,yellow,1,53.14
80,Brooklyn,2024-10-16,14,green,0,
80,Brooklyn,2024-10-16,14,hvfhv,141,30.89
80,Brooklyn,2024-10-16,14,other_fhv,1,
80,Brooklyn,2024-10-16,15,yellow,2,23.5
80,Brooklyn,2024-10-16,15,green,0,
80,Brooklyn,2024-10-16,15,hvfhv,157,26.95
80,Brooklyn,2024-10-16,15,other_fhv,2,
80,Brooklyn,2024-10-16,16,yellow,0,
80,Brooklyn,2024-10-16,16,green,0,
80,Brooklyn,2024-10-16,16,hvfhv,128,24.4
80,Brooklyn,2024-10-16,16,other_fhv,1,
80,Brooklyn,2024-10-16,17,yellow,1,7.52
80,Brooklyn,2024-10-16,17,green,0,
80,Brooklyn,2024-10-16,17,hvfhv,189,24.31
80,Brooklyn,2024-10-16,17,other_fhv,3,
80,Brooklyn,2024-10-16,18,yellow,1,28.5
80,Brooklyn,2024-10-16,18,green,0,
80,Brooklyn,2024-10-16,18,hvfhv,222,23.97
80,Brooklyn,2024-10-16,18,other_fhv,2,
80,Brooklyn,2024-10-16,19,yellow,0,
80,Brooklyn,2024-10-16,19,green,0,
80,Brooklyn,2024-10-16,19,hvfhv,211,18.89
80,Brooklyn,2024-10-16,19,other_fhv,4,
80,Brooklyn,2024-10-16,20,yellow,1,38.0
80,Brooklyn,2024-10-16,20,green,0,
80,Brooklyn,2024-10-16,20,hvfhv,234,19.93
80,Brooklyn,2024-10-16,20,other_fhv,4,
80,Brooklyn,2024-10-16,21,yellow,0,
80,Brooklyn,2024-10-16,21,green,0,
80,Brooklyn,2024-10-16,21,hvfhv,226,19.95
80,Brooklyn,2024-10-16,21,other_fhv,5,
80,Brooklyn,2024-10-16,22,yellow,1,14.9
80,Brooklyn,2024-10-16,22,green,0,
80,Brooklyn,2024-10-16,22,hvfhv,248,19.36
80,Brooklyn,2024-10-16,22,other_fhv,5,
80,Brooklyn,2024-10-16,23,yellow,1,82.0
80,Brooklyn,2024-10-16,23,green,0,
80,Brooklyn,2024-10-16,23,hvfhv,215,18.12
80,Brooklyn,2024-10-16,23,other_fhv,2,
81,Bronx,2024-10-16,0,yellow,0,
81,Bronx,2024-10-16,0,green,0,
81,Bronx,2024-10-16,0,hvfhv,26,17.9
81,Bronx,2024-10-16,0,other_fhv,0,
81,Bronx,2024-10-16,1,yellow,0,
81,Bronx,2024-10-16,1,green,0,
81,Bronx,2024-10-16,1,hvfhv,24,17.43
81,Bronx,2024-10-16,1,other_fhv,0,
81,Bronx,2024-10-16,2,yellow,1,30.36
81,Bronx,2024-10-16,2,green,0,
81,Bronx,2024-10-16,2,hvfhv,15,25.58
81,Bronx,2024-10-16,2,other_fhv,0,
81,Bronx,2024-10-16,3,yellow,0,
81,Bronx,2024-10-16,3,green,0,
81,Bronx,2024-10-16,3,hvfhv,13,23.08
81,Bronx,2024-10-16,3,other_fhv,0,
81,Bronx,2024-10-16,4,yellow,0,
81,Bronx,2024-10-16,4,green,0,
81,Bronx,2024-10-16,4,hvfhv,20,27.78
81,Bronx,2024-10-16,4,other_fhv,0,
81,Bronx,2024-10-16,5,yellow,0,
81,Bronx,2024-10-16,5,green,0,
81,Bronx,2024-10-16,5,hvfhv,33,20.09
81,Bronx,2024-10-16,5,other_fhv,1,
81,Bronx,2024-10-16,6,yellow,0,
81,Bronx,2024-10-16,6,green,0,
81,Bronx,2024-10-16,6,hvfhv,89,23.7
81,Bronx,2024-10-16,6,other_fhv,0,
81,Bronx,2024-10-16,7,yellow,1,6.47
81,Bronx,2024-10-16,7,green,0,
81,Bronx,2024-10-16,7,hvfhv,151,18.01
81,Bronx,2024-10-16,7,other_fhv,0,
81,Bronx,2024-10-16,8,yellow,0,
81,Bronx,2024-10-16,8,green,0,
81,Bronx,2024-10-16,8,hvfhv,136,20.14
81,Bronx,2024-10-16,8,other_fhv,2,
81,Bronx,2024-10-16,9,yellow,0,
81,Bronx,2024-10-16,9,green,0,
81,Bronx,2024-10-16,9,hvfhv,109,20.03
81,Bronx,2024-10-16,9,other_fhv,0,
81,Bronx,2024-10-16,10,yellow,0,
81,Bronx,2024-10-16,10,green,0,
81,Bronx,2024-10-16,10,hvfhv,78,20.66
81,Bronx,2024-10-16,10,other_fhv,4,
81,Bronx,2024-10-16,11,yellow,0,
81,Bronx,2024-10-16,11,green,0,
81,Bronx,2024-10-16,11,hvfhv,76,19.96
81,Bronx,2024-10-16,11,other_fhv,1,
81,Bronx,2024-10-16,12,yellow,0,
81,Bronx,2024-10-16,12,green,0,
81,Bronx,2024-10-16,12,hvfhv,51,22.95
81,Bronx,2024-10-16,12,other_fhv,0,
81,Bronx,2024-10-16,13,yellow,1,47.5
81,Bronx,2024-10-16,13,green,0,
81,Bronx,2024-10-16,13,hvfhv,63,18.74
81,Bronx,2024-10-16,13,other_fhv,0,
81,Bronx,2024-10-16,14,yellow,0,
81,Bronx,2024-10-16,14,green,0,
81,Bronx,2024-10-16,14,hvfhv,95,17.69
81,Bronx,2024-10-16,14,other_fhv,0,
81,Bronx,2024-10-16,15,yellow,0,
81,Bronx,2024-10-16,15,green,0,
81,Bronx,2024-10-16,15,hvfhv,77,17.46
81,Bronx,2024-10-16,15,other_fhv,2,
81,Bronx,2024-10-16,16,yellow,0,
81,Bronx,2024-10-16,16,green,0,
81,Bronx,2024-10-16,16,hvfhv,85,15.14
81,Bronx,2024-10-16,16,other_fhv,0,
81,Bronx,2024-10-16,17,yellow,1,38.5
81,Bronx,2024-10-16,17,green,0,
81,Bronx,2024-10-16,17,hvfhv,80,17.05
81,Bronx,2024-10-16,17,other_fhv,1,
81,Bronx,2024-10-16,18,yellow,0,
81,Bronx,2024-10-16,18,green,0,
81,Bronx,2024-10-16,18,hvfhv,87,18.28
81,Bronx,2024-10-16,18,other_fhv,0,
81,Bronx,2024-10-16,19,yellow,0,
81,Bronx,2024-10-16,19,green,0,
81,Bronx,2024-10-16,19,hvfhv,72,16.76
81,Bronx,2024-10-16,19,other_fhv,0,
81,Bronx,2024-10-16,20,yellow,0,
81,Bronx,2024-10-16,20,green,0,
81,Bronx,2024-10-16,20,hvfhv,74,15.05
81,Bronx,2024-10-16,20,other_fhv,0,
81,Bronx,2024-10-16,21,yellow,0,
81,Bronx,2024-10-16,21,green,0,
81,Bronx,2024-10-16,21,hvfhv,52,19.44
81,Bronx,2024-10-16,21,other_fhv,0,
81,Bronx,2024-10-16,22,yellow,0,
81,Bronx,2024-10-16,22,green,0,
81,Bronx,2024-10-16,22,hvfhv,87,15.8
81,Bronx,2024-10-16,22,other_fhv,0,
81,Bronx,2024-10-16,23,yellow,0,
81,Bronx,2024-10-16,23,green,0,
81,Bronx,2024-10-16,23,hvfhv,60,15.65
81,Bronx,2024-10-16,23,other_fhv,0,
82,Queens,2024-10-16,0,yellow,0,
82,Queens,2024-10-16,0,green,1,8.6
82,Queens,2024-10-16,0,hvfhv,119,16.18
82,Queens,2024-10-16,0,other_fhv,0,
82,Queens,2024-10-16,1,yellow,2,113.5
82,Queens,2024-10-16,1,green,0,
82,Queens,2024-10-16,1,hvfhv,85,17.28
82,Queens,2024-10-16,1,other_fhv,1,
82,Queens,2024-10-16,2,yellow,0,
82,Queens,2024-10-16,2,green,1,17.0
82,Queens,2024-10-16,2,hvfhv,56,16.97
82,Queens,2024-10-16,2,other_fhv,0,
82,Queens,2024-10-16,3,yellow,0,
82,Queens,2024-10-16,3,green,1,7.0
82,Queens,2024-10-16,3,hvfhv,55,19.53
82,Queens,2024-10-16,3,other_fhv,0,
82,Queens,2024-10-16,4,yellow,3,10.93
82,Queens,2024-10-16,4,green,2,10.35
82,Queens,2024-10-16,4,hvfhv,98,19.07
82,Queens,2024-10-16,4,other_fhv,1,
82,Queens,2024-10-16,5,yellow,3,9.63
82,Queens,2024-10-16,5,green,1,19.8
82,Queens,2024-10-16,5,hvfhv,89,20.6
82,Queens,2024-10-16,5,other_fhv,2,
82,Queens,2024-10-16,6,yellow,1,40.5
82,Queens,2024-10-16,6,green,0,
82,Queens,2024-10-16,6,hvfhv,135,22.13
82,Queens,2024-10-16,6,other_fhv,2,
82,Queens,2024-10-16,7,yellow,0,
82,Queens,2024-10-16,7,green,0,
82,Queens,2024-10-16,7,hvfhv,224,21.61
82,Queens,2024-10-16,7,other_fhv,1,
82,Queens,2024-10-16,8,yellow,0,
82,Queens,2024-10-16,8,green,0,
82,Queens,2024-10-16,8,hvfhv,196,19.86
82,Queens,2024-10-16,8,other_fhv,7,
82,Queens,2024-10-16,9,yellow,1,87.7
82,Queens,2024-10-16,9,green,3,47.13
82,Queens,2024-10-16,9,hvfhv,160,20.33
82,Queens,2024-10-16,9,other_fhv,1,
82,Queens,2024-10-16,10,yellow,0,
82,Queens,2024-10-16,10,green,1,15.6
82,Queens,2024-10-16,10,hvfhv,165,20.16
82,Queens,2024-10-16,10,other_fhv,3,
82,Queens,2024-10-16,11,yellow,2,22.0
82,Queens,2024-10-16,11,green,4,13.68
82,Queens,2024-10-16,11,hvfhv,165,20.26
82,Queens,2024-10-16,11,other_fhv,3,
82,Queens,2024-10-16,12,yellow,1,31.5
82,Queens,2024-10-16,12,green,3,17.7
82,Queens,2024-10-16,12,hvfhv,157,20.96
82,Queens,2024-10-16,12,other_fhv,2,
82,Queens,2024-10-16,13,yellow,0,
82,Queens,2024-10-16,13,green,5,17.0
82,Queens,2024-10-16,13,hvfhv,207,18.79
82,Queens,2024-10-16,13,other_fhv,1,
82,Queens,2024-10-16,14,yellow,0,
82,Queens,2024-10-16,14,green,7,14.3
82,Queens,2024-10-16,14,hvfhv,199,19.68
82,Queens,2024-10-16,14,other_fhv,4,
82,Queens,2024-10-16,15,yellow,1,73.85
82,Queens,2024-10-16,15,green,3,20.27
82,Queens,2024-10-16,15,hvfhv,213,21.09
82,Queens,2024-10-16,15,other_fhv,7,
82,Queens,2024-10-16,16,yellow,1,20.5
82,Queens,2024-10-16,16,green,10,15.95
82,Queens,2024-10-16,16,hvfhv,216,21.58
82,Queens,2024-10-16,16,other_fhv,5,
82,Queens,2024-10-16,17,yellow,2,45.57
82,Queens,2024-10-16,17,green,9,15.76
82,Queens,2024-10-16,17,hvfhv,224,19.21
82,Queens,2024-10-16,17,other_fhv,1,
82,Queens,2024-10-16,18,yellow,0,
82,Queens,2024-10-16,18,green,13,16.13
82,Queens,2024-10-16,18,hvfhv,208,18.34
82,Queens,2024-10-16,18,other_fhv,3,
82,Queens,2024-10-16,19,yellow,0,
82,Queens,2024-10-16,19,green,5,14.06
82,Queens,2024-10-16,19,hvfhv,226,17.49
82,Queens,2024-10-16,19,other_fhv,0,
82,Queens,2024-10-16,20,yellow,3,21.15
82,Queens,2024-10-16,20,green,3,13.03
82,Queens,2024-10-16,20,hvfhv,233,17.12
82,Queens,2024-10-16,20,other_fhv,2,
82,Queens,2024-10-16,21,yellow,0,
82,Queens,2024-10-16,21,green,2,12.1
82,Queens,2024-10-16,21,hvfhv,219,16.76
82,Queens,2024-10-16,21,other_fhv,1,
82,Queens,2024-10-16,22,yellow,0,
82,Queens,2024-10-16,22,green,1,10.7
82,Queens,2024-10-16,22,hvfhv,193,16.03
82,Queens,2024-10-16,22,other_fhv,0,
82,Queens,2024-10-16,23,yellow,2,51.9
82,Queens,2024-10-16,23,green,3,25.63
82,Queens,2024-10-16,23,hvfhv,216,22.35
82,Queens,2024-10-16,23,other_fhv,2,
83,Queens,2024-10-16,0,yellow,0,
83,Queens,2024-10-16,0,green,0,
83,Queens,2024-10-16,0,hvfhv,32,13.99
83,Queens,2024-10-16,0,other_fhv,1,
83,Queens,2024-10-16,1,yellow,0,
83,Queens,2024-10-16,1,green,0,
83,Queens,2024-10-16,1,hvfhv,24,15.69
83,Queens,2024-10-16,1,other_fhv,1,
83,Queens,2024-10-16,2,yellow,0,
83,Queens,2024-10-16,2,green,0,
83,Queens,2024-10-16,2,hvfhv,22,15.94
83,Queens,2024-10-16,2,other_fhv,1,
83,Queens,2024-10-16,3,yellow,0,
83,Queens,2024-10-16,3,green,0,
83,Queens,2024-10-16,3,hvfhv,16,19.06
83,Queens,2024-10-16,3,other_fhv,0,
83,Queens,2024-10-16,4,yellow,0,
83,Queens,2024-10-16,4,green,0,
83,Queens,2024-10-16,4,hvfhv,36,24.69
83,Queens,2024-10-16,4,other_fhv,0,
83,Queens,2024-10-16,5,yellow,1,55.0
83,Queens,2024-10-16,5,green,0,
83,Queens,2024-10-16,5,hvfhv,27,20.8
83,Queens,2024-10-16,5,other_fhv,0,
83,Queens,2024-10-16,6,yellow,0,
83,Queens,2024-10-16,6,green,0,
83,Queens,2024-10-16,6,hvfhv,68,22.9
83,Queens,2024-10-16,6,other_fhv,0,
83,Queens,2024-10-16,7,yellow,1,6.79
83,Queens,2024-10-16,7,green,0,
83,Queens,2024-10-16,7,hvfhv,125,19.65
83,Queens,2024-10-16,7,other_fhv,1,
83,Queens,2024-10-16,8,yellow,0,
83,Queens,2024-10-16,8,green,0,
83,Queens,2024-10-16,8,hvfhv,119,19.56
83,Queens,2024-10-16,8,other_fhv,1,
83,Queens,2024-10-16,9,yellow,0,
83,Queens,2024-10-16,9,green,0,
83,Queens,2024-10-16,9,hvfhv,97,15.58
83,Queens,2024-10-16,9,other_fhv,0,
83,Queens,2024-10-16,10,yellow,0,
83,Queens,2024-10-16,10,green,0,
83,Queens,2024-10-16,10,hvfhv,57,21.04
83,Queens,2024-10-16,10,other_fhv,1,
83,Queens,2024-10-16,11,yellow,0,
83,Queens,2024-10-16,11,green,0,
83,Queens,2024-10-16,11,hvfhv,44,19.94
83,Queens,2024-10-16,11,other_fhv,2,
83,Queens,2024-10-16,12,yellow,1,48.5
83,Queens,2024-10-16,12,green,0,
83,Queens,2024-10-16,12,hvfhv,55,17.23
83,Queens,2024-10-16,12,other_fhv,1,
83,Queens,2024-10-16,13,yellow,0,
83,Queens,2024-10-16,13,green,1,12.8
83,Queens,2024-10-16,13,hvfhv,47,20.24
83,Queens,2024-10-16,13,other_fhv,0,
83,Queens,2024-10-16,14,yellow,1,30.5
83,Queens,2024-10-16,14,green,2,14.9
83,Queens,2024-10-16,14,hvfhv,66,16.81
83,Queens,2024-10-16,14,other_fhv,1,
83,Queens,2024-10-16,15,yellow,0,
83,Queens,2024-10-16,15,green,1,16.3
83,Queens,2024-10-16,15,hvfhv,45,20.48
83,Queens,2024-10-16,15,other_fhv,0,
83,Queens,2024-10-16,16,yellow,1,28.5
83,Queens,2024-10-16,16,green,2,10.7
83,Queens,2024-10-16,16,hvfhv,58,16.15
83,Queens,2024-10-16,16,other_fhv,2,
83,Queens,2024-10-16,17,yellow,0,
83,Queens,2024-10-16,17,green,1,7.9
83,Queens,2024-10-16,17,hvfhv,66,19.05
83,Queens,2024-10-16,17,other_fhv,1,
83,Queens,2024-10-16,18,yellow,1,64.34
83,Queens,2024-10-16,18,green,2,8.95
83,Queens,2024-10-16,18,hvfhv,65,18.37
83,Queens,2024-10-16,18,other_fhv,1,
83,Queens,2024-10-16,19,yellow,0,
83,Queens,2024-10-16,19,green,0,
83,Queens,2024-10-16,19,hvfhv,63,17.15
83,Queens,2024-10-16,19,other_fhv,2,
83,Queens,2024-10-16,20,yellow,2,25.72
83,Queens,2024-10-16,20,green,0,
83,Queens,2024-10-16,20,hvfhv,64,19.92
83,Queens,2024-10-16,20,other_fhv,3,
83,Queens,2024-10-16,21,yellow,0,
83,Queens,2024-10-16,21,green,1,26.1
83,Queens,2024-10-16,21,hvfhv,47,18.52
83,Queens,2024-10-16,21,other_fhv,0,
83,Queens,2024-10-16,22,yellow,0,
83,Queens,2024-10-16,22,green,2,26.75
83,Queens,2024-10-16,22,hvfhv,43,15.35
83,Queens,2024-10-16,22,other_fhv,0,
83,Queens,2024-10-16,23,yellow,3,24.08
83,Queens,2024-10-16,23,green,3,28.23
83,Queens,2024-10-16,23,hvfhv,69,24.43
83,Queens,2024-10-16,23,other_fhv,0,
84,Staten Island,2024-10-16,0,yellow,0,
84,Staten Island,2024-10-16,0,green,0,
84,Staten Island,2024-10-16,0,hvfhv,4,11.09
84,Staten Island,2024-10-16,0,other_fhv,0,
84,Staten Island,2024-10-16,1,yellow,0,
84,Staten Island,2024-10-16,1,green,0,
84,Staten Island,2024-10-16,1,hvfhv,2,56.04
84,Staten Island,2024-10-16,1,other_fhv,0,
84,Staten Island,2024-10-16,2,yellow,0,
84,Staten Island,2024-10-16,2,green,0,
84,Staten Island,2024-10-16,2,hvfhv,4,14.92
84,Staten Island,2024-10-16,2,other_fhv,0,
84,Staten Island,2024-10-16,3,yellow,0,
84,Staten Island,2024-10-16,3,green,0,
84,Staten Island,2024-10-16,3,hvfhv,2,20.84
84,Staten Island,2024-10-16,3,other_fhv,0,
84,Staten Island,2024-10-16,4,yellow,0,
84,Staten Island,2024-10-16,4,green,0,
84,Staten Island,2024-10-16,4,hvfhv,6,49.72
84,Staten Island,2024-10-16,4,other_fhv,0,
84,Staten Island,2024-10-16,5,yellow,0,
84,Staten Island,2024-10-16,5,green,0,
84,Staten Island,2024-10-16,5,hvfhv,4,100.78
84,Staten Island,2024-10-16,5,other_fhv,0,
84,Staten Island,2024-10-16,6,yellow,0,
84,Staten Island,2024-10-16,6,green,0,
84,Staten Island,2024-10-16,6,hvfhv,12,33.33
84,Staten Island,2024-10-16,6,other_fhv,1,
84,Staten Island,2024-10-16,7,yellow,0,
84,Staten Island,2024-10-16,7,green,0,
84,Staten Island,2024-10-16,7,hvfhv,18,39.68
84,Staten Island,2024-10-16,7,other_fhv,4,
84,Staten Island,2024-10-16,8,yellow,0,
84,Staten Island,2024-10-16,8,green,0,
84,Staten Island,2024-10-16,8,hvfhv,24,23.51
84,Staten Island,2024-10-16,8,other_fhv,0,
84,Staten Island,2024-10-16,9,yellow,0,
84,Staten Island,2024-10-16,9,green,0,
84,Staten Island,2024-10-16,9,hvfhv,21,27.31
84,Staten Island,2024-10-16,9,other_fhv,2,
84,Staten Island,2024-10-16,10,yellow,0,
84,Staten Island,2024-10-16,10,green,0,
84,Staten Island,2024-10-16,10,hvfhv,20,24.1
84,Staten Island,2024-10-16,10,other_fhv,2,
84,Staten Island,2024-10-16,11,yellow,0,
84,Staten Island,2024-10-16,11,green,0,
84,Staten Island,2024-10-16,11,hvfhv,13,20.54
84,Staten Island,2024-10-16,11,other_fhv,2,
84,Staten Island,2024-10-16,12,yellow,0,
84,Staten Island,2024-10-16,12,green,0,
84,Staten Island,2024-10-16,12,hvfhv,15,43.08
84,Staten Island,2024-10-16,12,other_fhv,1,
84,Staten Island,2024-10-16,13,yellow,0,
84,Staten Island,2024-10-16,13,green,0,
84,Staten Island,2024-10-16,13,hvfhv,17,24.18
84,Staten Island,2024-10-16,13,other_fhv,4,
84,Staten Island,2024-10-16,14,yellow,0,
84,Staten Island,2024-10-16,14,green,0,
84,Staten Island,2024-10-16,14,hvfhv,21,29.78
84,Staten Island,2024-10-16,14,other_fhv,0,
84,Staten Island,2024-10-16,15,yellow,0,
84,Staten Island,2024-10-16,15,green,0,
84,Staten Island,2024-10-16,15,hvfhv,17,27.24
84,Staten Island,2024-10-16,15,other_fhv,2,
84,Staten Island,2024-10-16,16,yellow,0,
84,Staten Island,2024-10-16,16,green,0,
84,Staten Island,2024-10-16,16,hvfhv,19,32.41
84,Staten Island,2024-10-16,16,other_fhv,1,
84,Staten Island,2024-10-16,17,yellow,0,
84,Staten Island,2024-10-16,17,green,0,
84,Staten Island,2024-10-16,17,hvfhv,15,26.96
84,Staten Island,2024-10-16,17,other_fhv,0,
84,Staten Island,2024-10-16,18,yellow,0,
84,Staten Island,2024-10-16,18,green,0,
84,Staten Island,2024-10-16,18,hvfhv,15,20.41
84,Staten Island,2024-10-16,18,other_fhv,0,
84,Staten Island,2024-10-16,19,yellow,0,
84,Staten Island,2024-10-16,19,green,0,
84,Staten Island,2024-10-16,19,hvfhv,13,23.03
84,Staten Island,2024-10-16,19,other_fhv,0,
84,Staten Island,2024-10-16,20,yellow,0,
84,Staten Island,2024-10-16,20,green,0,
84,Staten Island,2024-10-16,20,hvfhv,11,24.78
84,Staten Island,2024-10-16,20,other_fhv,0,
84,Staten Island,2024-10-16,21,yellow,0,
84,Staten Island,2024-10-16,21,green,0,
84,Staten Island,2024-10-16,21,hvfhv,11,15.34
84,Staten Island,2024-10-16,21,other_fhv,0,
84,Staten Island,2024-10-16,22,yellow,0,
84,Staten Island,2024-10-16,22,green,0,
84,Staten Island,2024-10-16,22,hvfhv,4,35.78
84,Staten Island,2024-10-16,22,other_fhv,0,
84,Staten Island,2024-10-16,23,yellow,0,
84,Staten Island,2024-10-16,23,green,0,
84,Staten Island,2024-10-16,23,hvfhv,8,13.06
84,Staten Island,2024-10-16,23,other_fhv,0,
85,Brooklyn,2024-10-16,0,yellow,0,
85,Brooklyn,2024-10-16,0,green,0,
85,Brooklyn,2024-10-16,0,hvfhv,49,16.88
85,Brooklyn,2024-10-16,0,other_fhv,0,
85,Brooklyn,2024-10-16,1,yellow,0,
85,Brooklyn,2024-10-16,1,green,0,
85,Brooklyn,2024-10-16,1,hvfhv,18,20.01
85,Brooklyn,2024-10-16,1,other_fhv,0,
85,Brooklyn,2024-10-16,2,yellow,0,
85,Brooklyn,2024-10-16,2,green,0,
85,Brooklyn,2024-10-16,2,hvfhv,20,20.77
85,Brooklyn,2024-10-16,2,other_fhv,0,
85,Brooklyn,2024-10-16,3,yellow,0,
85,Brooklyn,2024-10-16,3,green,0,
85,Brooklyn,2024-10-16,3,hvfhv,18,23.5
85,Brooklyn,2024-10-16,3,other_fhv,0,
85,Brooklyn,2024-10-16,4,yellow,0,
85,Brooklyn,2024-10-16,4,green,0,
85,Brooklyn,2024-10-16,4,hvfhv,26,25.54
85,Brooklyn,2024-10-16,4,other_fhv,0,
85,Brooklyn,2024-10-16,5,yellow,0,
85,Brooklyn,2024-10-16,5,green,0,
85,Brooklyn,2024-10-16,5,hvfhv,36,28.83
85,Brooklyn,2024-10-16,5,other_fhv,2,
85,Brooklyn,2024-10-16,6,yellow,2,36.94
85,Brooklyn,2024-10-16,6,green,0,
85,Brooklyn,2024-10-16,6,hvfhv,73,27.44
85,Brooklyn,2024-10-16,6,other_fhv,0,
85,Brooklyn,2024-10-16,7,yellow,2,28.0
85,Brooklyn,2024-10-16,7,green,0,
85,Brooklyn,2024-10-16,7,hvfhv,120,27.84
85,Brooklyn,2024-10-16,7,other_fhv,1,
85,Brooklyn,2024-10-16,8,yellow,3,14.27
85,Brooklyn,2024-10-16,8,green,0,
85,Brooklyn,2024-10-16,8,hvfhv,147,21.92
85,Brooklyn,2024-10-16,8,other_fhv,1,
85,Brooklyn,2024-10-16,9,yellow,2,20.0
85,Brooklyn,2024-10-16,9,green,0,
85,Brooklyn,2024-10-16,9,hvfhv,95,21.49
85,Brooklyn,2024-10-16,9,other_fhv,3,
85,Brooklyn,2024-10-16,10,yellow,0,
85,Brooklyn,2024-10-16,10,green,0,
85,Brooklyn,2024-10-16,10,hvfhv,61,19.24
85,Brooklyn,2024-10-16,10,other_fhv,2,
85,Brooklyn,2024-10-16,11,yellow,0,
85,Brooklyn,2024-10-16,11,green,0,
85,Brooklyn,2024-10-16,11,hvfhv,67,22.66
85,Brooklyn,2024-10-16,11,other_fhv,0,
85,Brooklyn,2024-10-16,12,yellow,0,
85,Brooklyn,2024-10-16,12,green,0,
85,Brooklyn,2024-10-16,12,hvfhv,84,19.65
85,Brooklyn,2024-10-16,12,other_fhv,2,
85,Brooklyn,2024-10-16,13,yellow,1,16.5
85,Brooklyn,2024-10-16,13,green,0,
85,Brooklyn,2024-10-16,13,hvfhv,77,20.62
85,Brooklyn,2024-10-16,13,other_fhv,2,
85,Brooklyn,2024-10-16,14,yellow,2,32.0
85,Brooklyn,2024-10-16,14,green,0,
85,Brooklyn,2024-10-16,14,hvfhv,75,19.22
85,Brooklyn,2024-10-16,14,other_fhv,1,
85,Brooklyn,2024-10-16,15,yellow,0,
85,Brooklyn,2024-10-16,15,green,0,
85,Brooklyn,2024-10-16,15,hvfhv,74,20.91
85,Brooklyn,2024-10-16,15,other_fhv,2,
85,Brooklyn,2024-10-16,16,yellow,0,
85,Brooklyn,2024-10-16,16,green,1,18.5
85,Brooklyn,2024-10-16,16,hvfhv,74,21.03
85,Brooklyn,2024-10-16,16,other_fhv,1,
85,Brooklyn,2024-10-16,17,yellow,1,1.5
85,Brooklyn,2024-10-16,17,green,0,
85,Brooklyn,2024-10-16,17,hvfhv,73,16.87
85,Brooklyn,2024-10-16,17,other_fhv,3,
85,Brooklyn,2024-10-16,18,yellow,0,
85,Brooklyn,2024-10-16,18,green,0,
85,Brooklyn,2024-10-16,18,hvfhv,108,19.59
85,Brooklyn,2024-10-16,18,other_fhv,2,
85,Brooklyn,2024-10-16,19,yellow,0,
85,Brooklyn,2024-10-16,19,green,0,
85,Brooklyn,2024-10-16,19,hvfhv,98,17.31
85,Brooklyn,2024-10-16,19,other_fhv,1,
85,Brooklyn,2024-10-16,20,yellow,0,
85,Brooklyn,2024-10-16,20,green,0,
85,Brooklyn,2024-10-16,20,hvfhv,89,18.22
85,Brooklyn,2024-10-16,20,other_fhv,1,
85,Brooklyn,2024-10-16,21,yellow,0,
85,Brooklyn,2024-10-16,21,green,0,
85,Brooklyn,2024-10-16,21,hvfhv,77,17.14
85,Brooklyn,2024-10-16,21,other_fhv,0,
85,Brooklyn,2024-10-16,22,yellow,0,
85,Brooklyn,2024-10-16,22,green,0,
85,Brooklyn,2024-10-16,22,hvfhv,90,18.81
85,Brooklyn,2024-10-16,22,other_fhv,2,
85,Brooklyn,2024-10-16,23,yellow,1,8.6
85,Brooklyn,2024-10-16,23,green,0,
85,Brooklyn,2024-10-16,23,hvfhv,59,15.67
85,Brooklyn,2024-10-16,23,other_fhv,1,
86,Queens,2024-10-16,0,yellow,0,
86,Queens,2024-10-16,0,green,0,
86,Queens,2024-10-16,0,hvfhv,21,19.53
86,Queens,2024-10-16,0,other_fhv,0,
86,Queens,2024-10-16,1,yellow,0,
86,Queens,2024-10-16,1,green,0,
86,Queens,2024-10-16,1,hvfhv,14,18.5
86,Queens,2024-10-16,1,other_fhv,0,
86,Queens,2024-10-16,2,yellow,0,
86,Queens,2024-10-16,2,green,0,
86,Queens,2024-10-16,2,hvfhv,8,17.39
86,Queens,2024-10-16,2,other_fhv,0,
86,Queens,2024-10-16,3,yellow,0,
86,Queens,2024-10-16,3,green,0,
86,Queens,2024-10-16,3,hvfhv,16,48.68
86,Queens,2024-10-16,3,other_fhv,0,
86,Queens,2024-10-16,4,yellow,0,
86,Queens,2024-10-16,4,green,0,
86,Queens,2024-10-16,4,hvfhv,20,36.02
86,Queens,2024-10-16,4,other_fhv,1,
86,Queens,2024-10-16,5,yellow,0,
86,Queens,2024-10-16,5,green,0,
86,Queens,2024-10-16,5,hvfhv,34,36.44
86,Queens,2024-10-16,5,other_fhv,0,
86,Queens,2024-10-16,6,yellow,1,65.66
86,Queens,2024-10-16,6,green,0,
86,Queens,2024-10-16,6,hvfhv,51,34.23
86,Queens,2024-10-16,6,other_fhv,2,
86,Queens,2024-10-16,7,yellow,1,40.5
86,Queens,2024-10-16,7,green,0,
86,Queens,2024-10-16,7,hvfhv,101,26.82
86,Queens,2024-10-16,7,other_fhv,5,
86,Queens,2024-10-16,8,yellow,3,39.14
86,Queens,2024-10-16,8,green,0,
86,Queens,2024-10-16,8,hvfhv,113,20.71
86,Queens,2024-10-16,8,other_fhv,2,
86,Queens,2024-10-16,9,yellow,0,
86,Queens,2024-10-16,9,green,0,
86,Queens,2024-10-16,9,hvfhv,84,25.81
86,Queens,2024-10-16,9,other_fhv,9,
86,Queens,2024-10-16,10,yellow,1,46.5
86,Queens,2024-10-16,10,green,0,
86,Queens,2024-10-16,10,hvfhv,65,28.41
86,Queens,2024-10-16,10,other_fhv,0,
86,Queens,2024-10-16,11,yellow,0,
86,Queens,2024-10-16,11,green,0,
86,Queens,2024-10-16,11,hvfhv,62,29.29
86,Queens,2024-10-16,11,other_fhv,2,
86,Queens,2024-10-16,12,yellow,3,50.5
86,Queens,2024-10-16,12,green,0,
86,Queens,2024-10-16,12,hvfhv,47,25.2
86,Queens,2024-10-16,12,other_fhv,1,
86,Queens,2024-10-16,13,yellow,0,
86,Queens,2024-10-16,13,green,0,
86,Queens,2024-10-16,13,hvfhv,73,30.05
86,Queens,2024-10-16,13,other_fhv,5,
86,Queens,2024-10-16,14,yellow,0,
86,Queens,2024-10-16,14,green,0,
86,Queens,2024-10-16,14,hvfhv,76,22.55
86,Queens,2024-10-16,14,other_fhv,0,
86,Queens,2024-10-16,15,yellow,0,
86,Queens,2024-10-16,15,green,0,
86,Queens,2024-10-16,15,hvfhv,70,18.05
86,Queens,2024-10-16,15,other_fhv,1,
86,Queens,2024-10-16,16,yellow,0,
86,Queens,2024-10-16,16,green,0,
86,Queens,2024-10-16,16,hvfhv,65,23.64
86,Queens,2024-10-16,16,other_fhv,0,
86,Queens,2024-10-16,17,yellow,1,13.55
86,Queens,2024-10-16,17,green,0,
86,Queens,2024-10-16,17,hvfhv,70,21.16
86,Queens,2024-10-16,17,other_fhv,0,
86,Queens,2024-10-16,18,yellow,0,
86,Queens,2024-10-16,18,green,0,
86,Queens,2024-10-16,18,hvfhv,60,21.36
86,Queens,2024-10-16,18,other_fhv,0,
86,Queens,2024-10-16,19,yellow,0,
86,Queens,2024-10-16,19,green,0,
86,Queens,2024-10-16,19,hvfhv,60,14.56
86,Queens,2024-10-16,19,other_fhv,0,
86,Queens,2024-10-16,20,yellow,2,59.5
86,Queens,2024-10-16,20,green,0,
86,Queens,2024-10-16,20,hvfhv,53,19.24
86,Queens,2024-10-16,20,other_fhv,0,
86,Queens,2024-10-16,21,yellow,0,
86,Queens,2024-10-16,21,green,0,
86,Queens,2024-10-16,21,hvfhv,38,19.93
86,Queens,2024-10-16,21,other_fhv,0,
86,Queens,2024-10-16,22,yellow,0,
86,Queens,2024-10-16,22,green,0,
86,Queens,2024-10-16,22,hvfhv,48,21.19
86,Queens,2024-10-16,22,other_fhv,0,
86,Queens,2024-10-16,23,yellow,0,
86,Queens,2024-10-16,23,green,0,
86,Queens,2024-10-16,23,hvfhv,56,18.76
86,Queens,2024-10-16,23,other_fhv,0,
87,Manhattan,2024-10-16,0,yellow,9,25.3
87,Manhattan,2024-10-16,0,green,0,
87,Manhattan,2024-10-16,0,hvfhv,86,30.98
87,Manhattan,2024-10-16,0,other_fhv,5,
87,Manhattan,2024-10-16,1,yellow,2,18.4
87,Manhattan,2024-10-16,1,green,0,
87,Manhattan,2024-10-16,1,hvfhv,37,28.23
87,Manhattan,2024-10-16,1,other_fhv,0,
87,Manhattan,2024-10-16,2,yellow,0,
87,Manhattan,2024-10-16,2,green,0,
87,Manhattan,2024-10-16,2,hvfhv,20,35.37
87,Manhattan,2024-10-16,2,other_fhv,0,
87,Manhattan,2024-10-16,3,yellow,1,8.6
87,Manhattan,2024-10-16,3,green,0,
87,Manhattan,2024-10-16,3,hvfhv,21,50.91
87,Manhattan,2024-10-16,3,other_fhv,1,
87,Manhattan,2024-10-16,4,yellow,2,42.27
87,Manhattan,2024-10-16,4,green,0,
87,Manhattan,2024-10-16,4,hvfhv,43,50.75
87,Manhattan,2024-10-16,4,other_fhv,0,
87,Manhattan,2024-10-16,5,yellow,3,41.74
87,Manhattan,2024-10-16,5,green,0,
87,Manhattan,2024-10-16,5,hvfhv,88,47.07
87,Manhattan,2024-10-16,5,other_fhv,1,
87,Manhattan,2024-10-16,6,yellow,12,21.62
87,Manhattan,2024-10-16,6,green,0,
87,Manhattan,2024-10-16,6,hvfhv,143,44.83
87,Manhattan,2024-10-16,6,other_fhv,0,
87,Manhattan,2024-10-16,7,yellow,23,23.74
87,Manhattan,2024-10-16,7,green,0,
87,Manhattan,2024-10-16,7,hvfhv,159,37.04
87,Manhattan,2024-10-16,7,other_fhv,1,
87,Manhattan,2024-10-16,8,yellow,45,23.49
87,Manhattan,2024-10-16,8,green,0,
87,Manhattan,2024-10-16,8,hvfhv,234,35.52
87,Manhattan,2024-10-16,8,other_fhv,1,
87,Manhattan,2024-10-16,9,yellow,21,21.29
87,Manhattan,2024-10-16,9,green,0,
87,Manhattan,2024-10-16,9,hvfhv,165,32.5
87,Manhattan,2024-10-16,9,other_fhv,1,
87,Manhattan,2024-10-16,10,yellow,20,30.82
87,Manhattan,2024-10-16,10,green,0,
87,Manhattan,2024-10-16,10,hvfhv,143,37.49
87,Manhattan,2024-10-16,10,other_fhv,2,
87,Manhattan,2024-10-16,11,yellow,25,23.77
87,Manhattan,2024-10-16,11,green,0,
87,Manhattan,2024-10-16,11,hvfhv,173,36.0
87,Manhattan,2024-10-16,11,other_fhv,5,
87,Manhattan,2024-10-16,12,yellow,26,25.93
87,Manhattan,2024-10-16,12,green,0,
87,Manhattan,2024-10-16,12,hvfhv,140,45.23
87,Manhattan,2024-10-16,12,other_fhv,4,
87,Manhattan,2024-10-16,13,yellow,29,29.25
87,Manhattan,2024-10-16,13,green,0,
87,Manhattan,2024-10-16,13,hvfhv,161,48.37
87,Manhattan,2024-10-16,13,other_fhv,4,
87,Manhattan,2024-10-16,14,yellow,29,22.88
87,Manhattan,2024-10-16,14,green,0,
87,Manhattan,2024-10-16,14,hvfhv,162,50.35
87,Manhattan,2024-10-16,14,other_fhv,4,
87,Manhattan,2024-10-16,15,yellow,45,30.3
87,Manhattan,2024-10-16,15,green,0,
87,Manhattan,2024-10-16,15,hvfhv,170,48.28
87,Manhattan,2024-10-16,15,other_fhv,2,
87,Manhattan,2024-10-16,16,yellow,41,32.23
87,Manhattan,2024-10-16,16,green,0,
87,Manhattan,2024-10-16,16,hvfhv,213,53.96
87,Manhattan,2024-10-16,16,other_fhv,3,
87,Manhattan,2024-10-16,17,yellow,74,26.07
87,Manhattan,2024-10-16,17,green,0,
87,Manhattan,2024-10-16,17,hvfhv,282,43.68
87,Manhattan,2024-10-16,17,other_fhv,2,
87,Manhattan,2024-10-16,18,yellow,81,20.33
87,Manhattan,2024-10-16,18,green,0,
87,Manhattan,2024-10-16,18,hvfhv,263,38.61
87,Manhattan,2024-10-16,18,other_fhv,4,
87,Manhattan,2024-10-16,19,yellow,49,21.72
87,Manhattan,2024-10-16,19,green,0,
87,Manhattan,2024-10-16,19,hvfhv,273,34.65
87,Manhattan,2024-10-16,19,other_fhv,6,
87,Manhattan,2024-10-16,20,yellow,42,23.39
87,Manhattan,2024-10-16,20,green,0,
87,Manhattan,2024-10-16,20,hvfhv,249,41.13
87,Manhattan,2024-10-16,20,other_fhv,5,
87,Manhattan,2024-10-16,21,yellow,53,25.02
87,Manhattan,2024-10-16,21,green,0,
87,Manhattan,2024-10-16,21,hvfhv,287,43.8
87,Manhattan,2024-10-16,21,other_fhv,7,
87,Manhattan,2024-10-16,22,yellow,70,21.06
87,Manhattan,2024-10-16,22,green,0,
87,Manhattan,2024-10-16,22,hvfhv,304,43.13
87,Manhattan,2024-10-16,22,other_fhv,4,
87,Manhattan,2024-10-16,23,yellow,27,26.09
87,Manhattan,2024-10-16,23,green,0,
87,Manhattan,2024-10-16,23,hvfhv,187,31.79
87,Manhattan,2024-10-16,23,other_fhv,2,
88,Manhattan,2024-10-16,0,yellow,2,5.45
88,Manhattan,2024-10-16,0,green,0,
88,Manhattan,2024-10-16,0,hvfhv,42,38.46
88,Manhattan,2024-10-16,0,other_fhv,2,
88,Manhattan,2024-10-16,1,yellow,3,23.13
88,Manhattan,2024-10-16,1,green,0,
88,Manhattan,2024-10-16,1,hvfhv,25,27.31
88,Manhattan,2024-10-16,1,other_fhv,1,
88,Manhattan,2024-10-16,2,yellow,1,12.1
88,Manhattan,2024-10-16,2,green,0,
88,Manhattan,2024-10-16,2,hvfhv,6,26.57
88,Manhattan,2024-10-16,2,other_fhv,0,
88,Manhattan,2024-10-16,3,yellow,0,
88,Manhattan,2024-10-16,3,green,0,
88,Manhattan,2024-10-16,3,hvfhv,7,42.25
88,Manhattan,2024-10-16,3,other_fhv,0,
88,Manhattan,2024-10-16,4,yellow,0,
88,Manhattan,2024-10-16,4,green,0,
88,Manhattan,2024-10-16,4,hvfhv,14,48.62
88,Manhattan,2024-10-16,4,other_fhv,0,
88,Manhattan,2024-10-16,5,yellow,0,
88,Manhattan,2024-10-16,5,green,0,
88,Manhattan,2024-10-16,5,hvfhv,14,38.14
88,Manhattan,2024-10-16,5,other_fhv,0,
88,Manhattan,2024-10-16,6,yellow,1,37.18
88,Manhattan,2024-10-16,6,green,0,
88,Manhattan,2024-10-16,6,hvfhv,20,51.45
88,Manhattan,2024-10-16,6,other_fhv,0,
88,Manhattan,2024-10-16,7,yellow,4,17.5
88,Manhattan,2024-10-16,7,green,0,
88,Manhattan,2024-10-16,7,hvfhv,43,29.74
88,Manhattan,2024-10-16,7,other_fhv,0,
88,Manhattan,2024-10-16,8,yellow,7,17.54
88,Manhattan,2024-10-16,8,green,0,
88,Manhattan,2024-10-16,8,hvfhv,49,37.71
88,Manhattan,2024-10-16,8,other_fhv,0,
88,Manhattan,2024-10-16,9,yellow,10,21.06
88,Manhattan,2024-10-16,9,green,0,
88,Manhattan,2024-10-16,9,hvfhv,41,35.89
88,Manhattan,2024-10-16,9,other_fhv,0,
88,Manhattan,2024-10-16,10,yellow,12,31.12
88,Manhattan,2024-10-16,10,green,0,
88,Manhattan,2024-10-16,10,hvfhv,73,43.34
88,Manhattan,2024-10-16,10,other_fhv,0,
88,Manhattan,2024-10-16,11,yellow,9,19.99
88,Manhattan,2024-10-16,11,green,0,
88,Manhattan,2024-10-16,11,hvfhv,76,39.0
88,Manhattan,2024-10-16,11,other_fhv,0,
88,Manhattan,2024-10-16,12,yellow,16,23.34
88,Manhattan,2024-10-16,12,green,0,
88,Manhattan,2024-10-16,12,hvfhv,79,46.75
88,Manhattan,2024-10-16,12,other_fhv,1,
88,Manhattan,2024-10-16,13,yellow,20,22.11
88,Manhattan,2024-10-16,13,green,0,
88,Manhattan,2024-10-16,13,hvfhv,88,47.73
88,Manhattan,2024-10-16,13,other_fhv,3,
88,Manhattan,2024-10-16,14,yellow,25,29.15
88,Manhattan,2024-10-16,14,green,0,
88,Manhattan,2024-10-16,14,hvfhv,87,52.54
88,Manhattan,2024-10-16,14,other_fhv,0,
88,Manhattan,2024-10-16,15,yellow,27,32.42
88,Manhattan,2024-10-16,15,green,0,
88,Manhattan,2024-10-16,15,hvfhv,101,49.89
88,Manhattan,2024-10-16,15,other_fhv,0,
88,Manhattan,2024-10-16,16,yellow,23,40.81
88,Manhattan,2024-10-16,16,green,0,
88,Manhattan,2024-10-16,16,hvfhv,91,49.7
88,Manhattan,2024-10-16,16,other_fhv,1,
88,Manhattan,2024-10-16,17,yellow,45,26.76
88,Manhattan,2024-10-16,17,green,0,
88,Manhattan,2024-10-16,17,hvfhv,124,44.79
88,Manhattan,2024-10-16,17,other_fhv,1,
88,Manhattan,2024-10-16,18,yellow,37,24.59
88,Manhattan,2024-10-16,18,green,0,
88,Manhattan,2024-10-16,18,hvfhv,127,39.6
88,Manhattan,2024-10-16,18,other_fhv,0,
88,Manhattan,2024-10-16,19,yellow,24,22.34
88,Manhattan,2024-10-16,19,green,0,
88,Manhattan,2024-10-16,19,hvfhv,91,35.6
88,Manhattan,2024-10-16,19,other_fhv,3,
88,Manhattan,2024-10-16,20,yellow,27,27.2
88,Manhattan,2024-10-16,20,green,0,
88,Manhattan,2024-10-16,20,hvfhv,172,38.29
88,Manhattan,2024-10-16,20,other_fhv,1,
88,Manhattan,2024-10-16,21,yellow,20,32.92
88,Manhattan,2024-10-16,21,green,0,
88,Manhattan,2024-10-16,21,hvfhv,136,42.29
88,Manhattan,2024-10-16,21,other_fhv,2,
88,Manhattan,2024-10-16,22,yellow,30,23.13
88,Manhattan,2024-10-16,22,green,0,
88,Manhattan,2024-10-16,22,hvfhv,155,42.12
88,Manhattan,2024-10-16,22,other_fhv,1,
88,Manhattan,2024-10-16,23,yellow,15,22.3
88,Manhattan,2024-10-16,23,green,0,
88,Manhattan,2024-10-16,23,hvfhv,147,37.88
88,Manhattan,2024-10-16,23,other_fhv,1,
89,Brooklyn,2024-10-16,0,yellow,0,
89,Brooklyn,2024-10-16,0,green,0,
89,Brooklyn,2024-10-16,0,hvfhv,105,17.74
89,Brooklyn,2024-10-16,0,other_fhv,0,
89,Brooklyn,2024-10-16,1,yellow,1,17.54
89,Brooklyn,2024-10-16,1,green,0,
89,Brooklyn,2024-10-16,1,hvfhv,51,13.54
89,Brooklyn,2024-10-16,1,other_fhv,0,
89,Brooklyn,2024-10-16,2,yellow,0,
89,Brooklyn,2024-10-16,2,green,0,
89,Brooklyn,2024-10-16,2,hvfhv,40,19.19
89,Brooklyn,2024-10-16,2,other_fhv,1,
89,Brooklyn,2024-10-16,3,yellow,0,
89,Brooklyn,2024-10-16,3,green,0,
89,Brooklyn,2024-10-16,3,hvfhv,37,20.54
89,Brooklyn,2024-10-16,3,other_fhv,1,
89,Brooklyn,2024-10-16,4,yellow,1,15.5
89,Brooklyn,2024-10-16,4,green,0,
89,Brooklyn,2024-10-16,4,hvfhv,71,31.71
89,Brooklyn,2024-10-16,4,other_fhv,1,
89,Brooklyn,2024-10-16,5,yellow,0,
89,Brooklyn,2024-10-16,5,green,0,
89,Brooklyn,2024-10-16,5,hvfhv,108,32.35
89,Brooklyn,2024-10-16,5,other_fhv,2,
89,Brooklyn,2024-10-16,6,yellow,3,35.29
89,Brooklyn,2024-10-16,6,green,0,
89,Brooklyn,2024-10-16,6,hvfhv,183,29.65
89,Brooklyn,2024-10-16,6,other_fhv,2,
89,Brooklyn,2024-10-16,7,yellow,9,31.04
89,Brooklyn,2024-10-16,7,green,1,26.19
89,Brooklyn,2024-10-16,7,hvfhv,341,27.75
89,Brooklyn,2024-10-16,7,other_fhv,4,
89,Brooklyn,2024-10-16,8,yellow,5,41.84
89,Brooklyn,2024-10-16,8,green,0,
89,Brooklyn,2024-10-16,8,hvfhv,323,26.19
89,Brooklyn,2024-10-16,8,other_fhv,13,
89,Brooklyn,2024-10-16,9,yellow,2,31.15
89,Brooklyn,2024-10-16,9,green,0,
89,Brooklyn,2024-10-16,9,hvfhv,253,22.99
89,Brooklyn,2024-10-16,9,other_fhv,4,
89,Brooklyn,2024-10-16,10,yellow,1,21.5
89,Brooklyn,2024-10-16,10,green,0,
89,Brooklyn,2024-10-16,10,hvfhv,235,23.28
89,Brooklyn,2024-10-16,10,other_fhv,8,
89,Brooklyn,2024-10-16,11,yellow,5,28.7
89,Brooklyn,2024-10-16,11,green,0,
89,Brooklyn,2024-10-16,11,hvfhv,210,25.07
89,Brooklyn,2024-10-16,11,other_fhv,6,
89,Brooklyn,2024-10-16,12,yellow,1,20.5
89,Brooklyn,2024-10-16,12,green,0,
89,Brooklyn,2024-10-16,12,hvfhv,197,23.58
89,Brooklyn,2024-10-16,12,other_fhv,7,
89,Brooklyn,2024-10-16,13,yellow,0,
89,Brooklyn,2024-10-16,13,green,0,
89,Brooklyn,2024-10-16,13,hvfhv,208,23.76
89,Brooklyn,2024-10-16,13,other_fhv,4,
89,Brooklyn,2024-10-16,14,yellow,2,17.0
89,Brooklyn,2024-10-16,14,green,0,
89,Brooklyn,2024-10-16,14,hvfhv,255,22.38
89,Brooklyn,2024-10-16,14,other_fhv,2,
89,Brooklyn,2024-10-16,15,yellow,1,51.5
89,Brooklyn,2024-10-16,15,green,1,22.16
89,Brooklyn,2024-10-16,15,hvfhv,225,24.68
89,Brooklyn,2024-10-16,15,other_fhv,4,
89,Brooklyn,2024-10-16,16,yellow,1,22.5
89,Brooklyn,2024-10-16,16,green,0,
89,Brooklyn,2024-10-16,16,hvfhv,212,21.04
89,Brooklyn,2024-10-16,16,other_fhv,0,
89,Brooklyn,2024-10-16,17,yellow,0,
89,Brooklyn,2024-10-16,17,green,0,
89,Brooklyn,2024-10-16,17,hvfhv,294,21.04
89,Brooklyn,2024-10-16,17,other_fhv,4,
89,Brooklyn,2024-10-16,18,yellow,1,8.05
89,Brooklyn,2024-10-16,18,green,1,25.0
89,Brooklyn,2024-10-16,18,hvfhv,271,19.93
89,Brooklyn,2024-10-16,18,other_fhv,5,
89,Brooklyn,2024-10-16,19,yellow,2,36.34
89,Brooklyn,2024-10-16,19,green,0,
89,Brooklyn,2024-10-16,19,hvfhv,263,18.67
89,Brooklyn,2024-10-16,19,other_fhv,1,
89,Brooklyn,2024-10-16,20,yellow,1,42.5
89,Brooklyn,2024-10-16,20,green,0,
89,Brooklyn,2024-10-16,20,hvfhv,221,17.47
89,Brooklyn,2024-10-16,20,other_fhv,2,
89,Brooklyn,2024-10-16,21,yellow,1,48.4
89,Brooklyn,2024-10-16,21,green,0,
89,Brooklyn,2024-10-16,21,hvfhv,192,17.38
89,Brooklyn,2024-10-16,21,other_fhv,2,
89,Brooklyn,2024-10-16,22,yellow,0,
89,Brooklyn,2024-10-16,22,green,0,
89,Brooklyn,2024-10-16,22,hvfhv,198,18.22
89,Brooklyn,2024-10-16,22,other_fhv,3,
89,Brooklyn,2024-10-16,23,yellow,1,65.0
89,Brooklyn,2024-10-16,23,green,0,
89,Brooklyn,2024-10-16,23,hvfhv,175,15.95
89,Brooklyn,2024-10-16,23,other_fhv,1,
90,Manhattan,2024-10-16,0,yellow,28,15.34
90,Manhattan,2024-10-16,0,green,0,
90,Manhattan,2024-10-16,0,hvfhv,124,26.06
90,Manhattan,2024-10-16,0,other_fhv,1,
90,Manhattan,2024-10-16,1,yellow,18,15.99
90,Manhattan,2024-10-16,1,green,0,
90,Manhattan,2024-10-16,1,hvfhv,71,28.39
90,Manhattan,2024-10-16,1,other_fhv,1,
90,Manhattan,2024-10-16,2,yellow,13,11.8
90,Manhattan,2024-10-16,2,green,0,
90,Manhattan,2024-10-16,2,hvfhv,30,28.04
90,Manhattan,2024-10-16,2,other_fhv,0,
90,Manhattan,2024-10-16,3,yellow,4,14.2
90,Manhattan,2024-10-16,3,green,0,
90,Manhattan,2024-10-16,3,hvfhv,25,37.96
90,Manhattan,2024-10-16,3,other_fhv,1,
90,Manhattan,2024-10-16,4,yellow,5,15.46
90,Manhattan,2024-10-16,4,green,0,
90,Manhattan,2024-10-16,4,hvfhv,73,46.2
90,Manhattan,2024-10-16,4,other_fhv,0,
90,Manhattan,2024-10-16,5,yellow,10,29.53
90,Manhattan,2024-10-16,5,green,0,
90,Manhattan,2024-10-16,5,hvfhv,87,45.02
90,Manhattan,2024-10-16,5,other_fhv,1,
90,Manhattan,2024-10-16,6,yellow,26,13.47
90,Manhattan,2024-10-16,6,green,0,
90,Manhattan,2024-10-16,6,hvfhv,142,32.96
90,Manhattan,2024-10-16,6,other_fhv,0,
90,Manhattan,2024-10-16,7,yellow,66,11.83
90,Manhattan,2024-10-16,7,green,0,
90,Manhattan,2024-10-16,7,hvfhv,166,31.76
90,Manhattan,2024-10-16,7,other_fhv,1,
90,Manhattan,2024-10-16,8,yellow,123,13.96
90,Manhattan,2024-10-16,8,green,0,
90,Manhattan,2024-10-16,8,hvfhv,241,33.17
90,Manhattan,2024-10-16,8,other_fhv,3,
90,Manhattan,2024-10-16,9,yellow,111,13.58
90,Manhattan,2024-10-16,9,green,0,
90,Manhattan,2024-10-16,9,hvfhv,238,27.55
90,Manhattan,2024-10-16,9,other_fhv,2,
90,Manhattan,2024-10-16,10,yellow,81,15.17
90,Manhattan,2024-10-16,10,green,0,
90,Manhattan,2024-10-16,10,hvfhv,184,32.1
90,Manhattan,2024-10-16,10,other_fhv,3,
90,Manhattan,2024-10-16,11,yellow,83,17.59
90,Manhattan,2024-10-16,11,green,0,
90,Manhattan,2024-10-16,11,hvfhv,176,30.85
90,Manhattan,2024-10-16,11,other_fhv,0,
90,Manhattan,2024-10-16,12,yellow,91,15.6
90,Manhattan,2024-10-16,12,green,0,
90,Manhattan,2024-10-16,12,hvfhv,177,34.25
90,Manhattan,2024-10-16,12,other_fhv,1,
90,Manhattan,2024-10-16,13,yellow,94,18.26
90,Manhattan,2024-10-16,13,green,0,
90,Manhattan,2024-10-16,13,hvfhv,136,37.92
90,Manhattan,2024-10-16,13,other_fhv,4,
90,Manhattan,2024-10-16,14,yellow,108,17.38
90,Manhattan,2024-10-16,14,green,1,0.0
90,Manhattan,2024-10-16,14,hvfhv,196,41.09
90,Manhattan,2024-10-16,14,other_fhv,3,
90,Manhattan,2024-10-16,15,yellow,93,15.62
90,Manhattan,2024-10-16,15,green,0,
90,Manhattan,2024-10-16,15,hvfhv,188,43.14
90,Manhattan,2024-10-16,15,other_fhv,2,
90,Manhattan,2024-10-16,16,yellow,104,15.45
90,Manhattan,2024-10-16,16,green,0,
90,Manhattan,2024-10-16,16,hvfhv,196,37.41
90,Manhattan,2024-10-16,16,other_fhv,2,
90,Manhattan,2024-10-16,17,yellow,113,14.76
90,Manhattan,2024-10-16,17,green,0,
90,Manhattan,2024-10-16,17,hvfhv,262,36.01
90,Manhattan,2024-10-16,17,other_fhv,2,
90,Manhattan,2024-10-16,18,yellow,176,15.98
90,Manhattan,2024-10-16,18,green,0,
90,Manhattan,2024-10-16,18,hvfhv,315,29.3
90,Manhattan,2024-10-16,18,other_fhv,1,
90,Manhattan,2024-10-16,19,yellow,121,14.18
90,Manhattan,2024-10-16,19,green,0,
90,Manhattan,2024-10-16,19,hvfhv,261,28.53
90,Manhattan,2024-10-16,19,other_fhv,1,
90,Manhattan,2024-10-16,20,yellow,134,14.92
90,Manhattan,2024-10-16,20,green,0,
90,Manhattan,2024-10-16,20,hvfhv,246,28.81
90,Manhattan,2024-10-16,20,other_fhv,3,
90,Manhattan,2024-10-16,21,yellow,157,15.88
90,Manhattan,2024-10-16,21,green,0,
90,Manhattan,2024-10-16,21,hvfhv,263,33.77
90,Manhattan,2024-10-16,21,other_fhv,3,
90,Manhattan,2024-10-16,22,yellow,155,14.96
90,Manhattan,2024-10-16,22,green,0,
90,Manhattan,2024-10-16,22,hvfhv,258,42.34
90,Manhattan,2024-10-16,22,other_fhv,3,
90,Manhattan,2024-10-16,23,yellow,117,15.48
90,Manhattan,2024-10-16,23,green,0,
90,Manhattan,2024-10-16,23,hvfhv,178,29.11
90,Manhattan,2024-10-16,23,other_fhv,4,
91,Brooklyn,2024-10-16,0,yellow,0,
91,Brooklyn,2024-10-16,0,green,0,
91,Brooklyn,2024-10-16,0,hvfhv,45,15.03
91,Brooklyn,2024-10-16,0,other_fhv,0,
91,Brooklyn,2024-10-16,1,yellow,1,7.2
91,Brooklyn,2024-10-16,1,green,0,
91,Brooklyn,2024-10-16,1,hvfhv,36,20.99
91,Brooklyn,2024-10-16,1,other_fhv,0,
91,Brooklyn,2024-10-16,2,yellow,0,
91,Brooklyn,2024-10-16,2,green,0,
91,Brooklyn,2024-10-16,2,hvfhv,23,21.18
91,Brooklyn,2024-10-16,2,other_fhv,0,
91,Brooklyn,2024-10-16,3,yellow,1,28.5
91,Brooklyn,2024-10-16,3,green,0,
91,Brooklyn,2024-10-16,3,hvfhv,22,25.44
91,Brooklyn,2024-10-16,3,other_fhv,0,
91,Brooklyn,2024-10-16,4,yellow,0,
91,Brooklyn,2024-10-16,4,green,0,
91,Brooklyn,2024-10-16,4,hvfhv,57,26.03
91,Brooklyn,2024-10-16,4,other_fhv,0,
91,Brooklyn,2024-10-16,5,yellow,2,18.82
91,Brooklyn,2024-10-16,5,green,0,
91,Brooklyn,2024-10-16,5,hvfhv,66,20.73
91,Brooklyn,2024-10-16,5,other_fhv,2,
91,Brooklyn,2024-10-16,6,yellow,3,34.17
91,Brooklyn,2024-10-16,6,green,0,
91,Brooklyn,2024-10-16,6,hvfhv,134,21.79
91,Brooklyn,2024-10-16,6,other_fhv,1,
91,Brooklyn,2024-10-16,7,yellow,6,25.36
91,Brooklyn,2024-10-16,7,green,0,
91,Brooklyn,2024-10-16,7,hvfhv,250,25.27
91,Brooklyn,2024-10-16,7,other_fhv,1,
91,Brooklyn,2024-10-16,8,yellow,2,33.5
91,Brooklyn,2024-10-16,8,green,0,
91,Brooklyn,2024-10-16,8,hvfhv,283,20.1
91,Brooklyn,2024-10-16,8,other_fhv,2,
91,Brooklyn,2024-10-16,9,yellow,5,29.5
91,Brooklyn,2024-10-16,9,green,0,
91,Brooklyn,2024-10-16,9,hvfhv,216,20.23
91,Brooklyn,2024-10-16,9,other_fhv,4,
91,Brooklyn,2024-10-16,10,yellow,0,
91,Brooklyn,2024-10-16,10,green,0,
91,Brooklyn,2024-10-16,10,hvfhv,149,20.88
91,Brooklyn,2024-10-16,10,other_fhv,1,
91,Brooklyn,2024-10-16,11,yellow,2,22.0
91,Brooklyn,2024-10-16,11,green,0,
91,Brooklyn,2024-10-16,11,hvfhv,130,19.98
91,Brooklyn,2024-10-16,11,other_fhv,4,
91,Brooklyn,2024-10-16,12,yellow,1,45.5
91,Brooklyn,2024-10-16,12,green,0,
91,Brooklyn,2024-10-16,12,hvfhv,133,21.52
91,Brooklyn,2024-10-16,12,other_fhv,4,
91,Brooklyn,2024-10-16,13,yellow,1,40.5
91,Brooklyn,2024-10-16,13,green,0,
91,Brooklyn,2024-10-16,13,hvfhv,122,20.87
91,Brooklyn,2024-10-16,13,other_fhv,3,
91,Brooklyn,2024-10-16,14,yellow,5,20.9
91,Brooklyn,2024-10-16,14,green,0,
91,Brooklyn,2024-10-16,14,hvfhv,175,19.0
91,Brooklyn,2024-10-16,14,other_fhv,5,
91,Brooklyn,2024-10-16,15,yellow,0,
91,Brooklyn,2024-10-16,15,green,0,
91,Brooklyn,2024-10-16,15,hvfhv,128,23.35
91,Brooklyn,2024-10-16,15,other_fhv,8,
91,Brooklyn,2024-10-16,16,yellow,1,9.3
91,Brooklyn,2024-10-16,16,green,0,
91,Brooklyn,2024-10-16,16,hvfhv,141,20.25
91,Brooklyn,2024-10-16,16,other_fhv,2,
91,Brooklyn,2024-10-16,17,yellow,0,
91,Brooklyn,2024-10-16,17,green,0,
91,Brooklyn,2024-10-16,17,hvfhv,188,17.8
91,Brooklyn,2024-10-16,17,other_fhv,1,
91,Brooklyn,2024-10-16,18,yellow,1,22.5
91,Brooklyn,2024-10-16,18,green,0,
91,Brooklyn,2024-10-16,18,hvfhv,148,16.49
91,Brooklyn,2024-10-16,18,other_fhv,2,
91,Brooklyn,2024-10-16,19,yellow,1,42.5
91,Brooklyn,2024-10-16,19,green,0,
91,Brooklyn,2024-10-16,19,hvfhv,116,16.94
91,Brooklyn,2024-10-16,19,other_fhv,2,
91,Brooklyn,2024-10-16,20,yellow,0,
91,Brooklyn,2024-10-16,20,green,0,
91,Brooklyn,2024-10-16,20,hvfhv,101,17.24
91,Brooklyn,2024-10-16,20,other_fhv,0,
91,Brooklyn,2024-10-16,21,yellow,0,
91,Brooklyn,2024-10-16,21,green,0,
91,Brooklyn,2024-10-16,21,hvfhv,97,20.71
91,Brooklyn,2024-10-16,21,other_fhv,2,
91,Brooklyn,2024-10-16,22,yellow,0,
91,Brooklyn,2024-10-16,22,green,0,
91,Brooklyn,2024-10-16,22,hvfhv,91,18.51
91,Brooklyn,2024-10-16,22,other_fhv,1,
91,Brooklyn,2024-10-16,23,yellow,0,
91,Brooklyn,2024-10-16,23,green,0,
91,Brooklyn,2024-10-16,23,hvfhv,78,16.84
91,Brooklyn,2024-10-16,23,other_fhv,3,
92,Queens,2024-10-16,0,yellow,0,
92,Queens,2024-10-16,0,green,0,
92,Queens,2024-10-16,0,hvfhv,86,19.73
92,Queens,2024-10-16,0,other_fhv,6,
92,Queens,2024-10-16,1,yellow,0,
92,Queens,2024-10-16,1,green,1,21.2
92,Queens,2024-10-16,1,hvfhv,64,21.56
92,Queens,2024-10-16,1,other_fhv,4,
92,Queens,2024-10-16,2,yellow,0,
92,Queens,2024-10-16,2,green,0,
92,Queens,2024-10-16,2,hvfhv,45,18.69
92,Queens,2024-10-16,2,other_fhv,4,
92,Queens,2024-10-16,3,yellow,2,0.0
92,Queens,2024-10-16,3,green,1,20.0
92,Queens,2024-10-16,3,hvfhv,42,21.15
92,Queens,2024-10-16,3,other_fhv,3,
92,Queens,2024-10-16,4,yellow,1,46.4
92,Queens,2024-10-16,4,green,0,
92,Queens,2024-10-16,4,hvfhv,66,20.5
92,Queens,2024-10-16,4,other_fhv,1,
92,Queens,2024-10-16,5,yellow,2,32.28
92,Queens,2024-10-16,5,green,0,
92,Queens,2024-10-16,5,hvfhv,61,26.43
92,Queens,2024-10-16,5,other_fhv,2,
92,Queens,2024-10-16,6,yellow,0,
92,Queens,2024-10-16,6,green,0,
92,Queens,2024-10-16,6,hvfhv,97,23.42
92,Queens,2024-10-16,6,other_fhv,0,
92,Queens,2024-10-16,7,yellow,0,
92,Queens,2024-10-16,7,green,2,9.65
92,Queens,2024-10-16,7,hvfhv,145,26.26
92,Queens,2024-10-16,7,other_fhv,5,
92,Queens,2024-10-16,8,yellow,0,
92,Queens,2024-10-16,8,green,1,10.7
92,Queens,2024-10-16,8,hvfhv,162,24.11
92,Queens,2024-10-16,8,other_fhv,6,
92,Queens,2024-10-16,9,yellow,0,
92,Queens,2024-10-16,9,green,0,
92,Queens,2024-10-16,9,hvfhv,147,23.62
92,Queens,2024-10-16,9,other_fhv,7,
92,Queens,2024-10-16,10,yellow,2,35.5
92,Queens,2024-10-16,10,green,1,9.3
92,Queens,2024-10-16,10,hvfhv,113,24.69
92,Queens,2024-10-16,10,other_fhv,9,
92,Queens,2024-10-16,11,yellow,0,
92,Queens,2024-10-16,11,green,0,
92,Queens,2024-10-16,11,hvfhv,136,24.51
92,Queens,2024-10-16,11,other_fhv,4,
92,Queens,2024-10-16,12,yellow,1,54.8
92,Queens,2024-10-16,12,green,0,
92,Queens,2024-10-16,12,hvfhv,129,22.51
92,Queens,2024-10-16,12,other_fhv,7,
92,Queens,2024-10-16,13,yellow,0,
92,Queens,2024-10-16,13,green,2,13.5
92,Queens,2024-10-16,13,hvfhv,145,22.99
92,Queens,2024-10-16,13,other_fhv,6,
92,Queens,2024-10-16,14,yellow,1,39.5
92,Queens,2024-10-16,14,green,2,10.35
92,Queens,2024-10-16,14,hvfhv,179,23.21
92,Queens,2024-10-16,14,other_fhv,9,
92,Queens,2024-10-16,15,yellow,1,45.5
92,Queens,2024-10-16,15,green,2,18.5
92,Queens,2024-10-16,15,hvfhv,191,24.04
92,Queens,2024-10-16,15,other_fhv,6,
92,Queens,2024-10-16,16,yellow,0,
92,Queens,2024-10-16,16,green,5,12.24
92,Queens,2024-10-16,16,hvfhv,148,23.31
92,Queens,2024-10-16,16,other_fhv,3,
92,Queens,2024-10-16,17,yellow,1,36.5
92,Queens,2024-10-16,17,green,3,13.1
92,Queens,2024-10-16,17,hvfhv,190,23.31
92,Queens,2024-10-16,17,other_fhv,3,
92,Queens,2024-10-16,18,yellow,0,
92,Queens,2024-10-16,18,green,2,100.3
92,Queens,2024-10-16,18,hvfhv,206,17.29
92,Queens,2024-10-16,18,other_fhv,2,
92,Queens,2024-10-16,19,yellow,0,
92,Queens,2024-10-16,19,green,1,3.0
92,Queens,2024-10-16,19,hvfhv,166,20.41
92,Queens,2024-10-16,19,other_fhv,3,
92,Queens,2024-10-16,20,yellow,0,
92,Queens,2024-10-16,20,green,0,
92,Queens,2024-10-16,20,hvfhv,189,18.43
92,Queens,2024-10-16,20,other_fhv,2,
92,Queens,2024-10-16,21,yellow,0,
92,Queens,2024-10-16,21,green,1,37.5
92,Queens,2024-10-16,21,hvfhv,176,22.54
92,Queens,2024-10-16,21,other_fhv,4,
92,Queens,2024-10-16,22,yellow,0,
92,Queens,2024-10-16,22,green,1,7.9
92,Queens,2024-10-16,22,hvfhv,137,20.05
92,Queens,2024-10-16,22,other_fhv,5,
92,Queens,2024-10-16,23,yellow,5,34.75
92,Queens,2024-10-16,23,green,5,67.32
92,Queens,2024-10-16,23,hvfhv,164,45.78
92,Queens,2024-10-16,23,other_fhv,6,
93,Queens,2024-10-16,0,yellow,0,
93,Queens,2024-10-16,0,green,0,
93,Queens,2024-10-16,0,hvfhv,5,22.57
93,Queens,2024-10-16,0,other_fhv,0,
93,Queens,2024-10-16,1,yellow,0,
93,Queens,2024-10-16,1,green,0,
93,Queens,2024-10-16,1,hvfhv,6,19.76
93,Queens,2024-10-16,1,other_fhv,0,
93,Queens,2024-10-16,2,yellow,0,
93,Queens,2024-10-16,2,green,0,
93,Queens,2024-10-16,2,hvfhv,12,14.0
93,Queens,2024-10-16,2,other_fhv,0,
93,Queens,2024-10-16,3,yellow,0,
93,Queens,2024-10-16,3,green,0,
93,Queens,2024-10-16,3,hvfhv,2,27.8
93,Queens,2024-10-16,3,other_fhv,0,
93,Queens,2024-10-16,4,yellow,0,
93,Queens,2024-10-16,4,green,0,
93,Queens,2024-10-16,4,hvfhv,5,16.98
93,Queens,2024-10-16,4,other_fhv,0,
93,Queens,2024-10-16,5,yellow,2,79.0
93,Queens,2024-10-16,5,green,0,
93,Queens,2024-10-16,5,hvfhv,3,22.59
93,Queens,2024-10-16,5,other_fhv,1,
93,Queens,2024-10-16,6,yellow,1,83.0
93,Queens,2024-10-16,6,green,0,
93,Queens,2024-10-16,6,hvfhv,7,24.68
93,Queens,2024-10-16,6,other_fhv,0,
93,Queens,2024-10-16,7,yellow,0,
93,Queens,2024-10-16,7,green,0,
93,Queens,2024-10-16,7,hvfhv,5,34.36
93,Queens,2024-10-16,7,other_fhv,0,
93,Queens,2024-10-16,8,yellow,1,70.0
93,Queens,2024-10-16,8,green,0,
93,Queens,2024-10-16,8,hvfhv,9,18.34
93,Queens,2024-10-16,8,other_fhv,1,
93,Queens,2024-10-16,9,yellow,0,
93,Queens,2024-10-16,9,green,0,
93,Queens,2024-10-16,9,hvfhv,8,26.12
93,Queens,2024-10-16,9,other_fhv,1,
93,Queens,2024-10-16,10,yellow,0,
93,Queens,2024-10-16,10,green,0,
93,Queens,2024-10-16,10,hvfhv,8,27.14
93,Queens,2024-10-16,10,other_fhv,0,
93,Queens,2024-10-16,11,yellow,0,
93,Queens,2024-10-16,11,green,0,
93,Queens,2024-10-16,11,hvfhv,4,21.9
93,Queens,2024-10-16,11,other_fhv,0,
93,Queens,2024-10-16,12,yellow,0,
93,Queens,2024-10-16,12,green,0,
93,Queens,2024-10-16,12,hvfhv,3,19.66
93,Queens,2024-10-16,12,other_fhv,0,
93,Queens,2024-10-16,13,yellow,1,67.4
93,Queens,2024-10-16,13,green,0,
93,Queens,2024-10-16,13,hvfhv,11,20.98
93,Queens,2024-10-16,13,other_fhv,1,
93,Queens,2024-10-16,14,yellow,1,70.0
93,Queens,2024-10-16,14,green,0,
93,Queens,2024-10-16,14,hvfhv,9,21.6
93,Queens,2024-10-16,14,other_fhv,1,
93,Queens,2024-10-16,15,yellow,2,72.5
93,Queens,2024-10-16,15,green,0,
93,Queens,2024-10-16,15,hvfhv,12,21.51
93,Queens,2024-10-16,15,other_fhv,0,
93,Queens,2024-10-16,16,yellow,1,70.0
93,Queens,2024-10-16,16,green,0,
93,Queens,2024-10-16,16,hvfhv,17,19.64
93,Queens,2024-10-16,16,other_fhv,0,
93,Queens,2024-10-16,17,yellow,1,15.6
93,Queens,2024-10-16,17,green,0,
93,Queens,2024-10-16,17,hvfhv,32,26.51
93,Queens,2024-10-16,17,other_fhv,0,
93,Queens,2024-10-16,18,yellow,1,311.7
93,Queens,2024-10-16,18,green,0,
93,Queens,2024-10-16,18,hvfhv,22,30.77
93,Queens,2024-10-16,18,other_fhv,1,
93,Queens,2024-10-16,19,yellow,0,
93,Queens,2024-10-16,19,green,0,
93,Queens,2024-10-16,19,hvfhv,15,18.62
93,Queens,2024-10-16,19,other_fhv,1,
93,Queens,2024-10-16,20,yellow,1,86.0
93,Queens,2024-10-16,20,green,0,
93,Queens,2024-10-16,20,hvfhv,16,28.14
93,Queens,2024-10-16,20,other_fhv,0,
93,Queens,2024-10-16,21,yellow,1,84.0
93,Queens,2024-10-16,21,green,10,61.7
93,Queens,2024-10-16,21,hvfhv,35,46.66
93,Queens,2024-10-16,21,other_fhv,0,
93,Queens,2024-10-16,22,yellow,7,46.84
93,Queens,2024-10-16,22,green,21,54.63
93,Queens,2024-10-16,22,hvfhv,251,69.04
93,Queens,2024-10-16,22,other_fhv,0,
93,Queens,2024-10-16,23,yellow,41,42.96
93,Queens,2024-10-16,23,green,22,72.94
93,Queens,2024-10-16,23,hvfhv,532,96.19
93,Queens,2024-10-16,23,other_fhv,6,
94,Bronx,2024-10-16,0,yellow,0,
94,Bronx,2024-10-16,0,green,0,
94,Bronx,2024-10-16,0,hvfhv,33,15.05
94,Bronx,2024-10-16,0,other_fhv,0,
94,Bronx,2024-10-16,1,yellow,0,
94,Bronx,2024-10-16,1,green,0,
94,Bronx,2024-10-16,1,hvfhv,30,13.2
94,Bronx,2024-10-16,1,other_fhv,0,
94,Bronx,2024-10-16,2,yellow,0,
94,Bronx,2024-10-16,2,green,0,
94,Bronx,2024-10-16,2,hvfhv,15,25.05
94,Bronx,2024-10-16,2,other_fhv,0,
94,Bronx,2024-10-16,3,yellow,0,
94,Bronx,2024-10-16,3,green,0,
94,Bronx,2024-10-16,3,hvfhv,12,11.87
94,Bronx,2024-10-16,3,other_fhv,0,
94,Bronx,2024-10-16,4,yellow,0,
94,Bronx,2024-10-16,4,green,0,
94,Bronx,2024-10-16,4,hvfhv,10,19.89
94,Bronx,2024-10-16,4,other_fhv,0,
94,Bronx,2024-10-16,5,yellow,1,24.5
94,Bronx,2024-10-16,5,green,0,
94,Bronx,2024-10-16,5,hvfhv,13,22.94
94,Bronx,2024-10-16,5,other_fhv,1,
94,Bronx,2024-10-16,6,yellow,0,
94,Bronx,2024-10-16,6,green,0,
94,Bronx,2024-10-16,6,hvfhv,45,24.08
94,Bronx,2024-10-16,6,other_fhv,0,
94,Bronx,2024-10-16,7,yellow,0,
94,Bronx,2024-10-16,7,green,0,
94,Bronx,2024-10-16,7,hvfhv,82,22.54
94,Bronx,2024-10-16,7,other_fhv,0,
94,Bronx,2024-10-16,8,yellow,1,20.5
94,Bronx,2024-10-16,8,green,0,
94,Bronx,2024-10-16,8,hvfhv,105,16.47
94,Bronx,2024-10-16,8,other_fhv,0,
94,Bronx,2024-10-16,9,yellow,0,
94,Bronx,2024-10-16,9,green,0,
94,Bronx,2024-10-16,9,hvfhv,63,18.25
94,Bronx,2024-10-16,9,other_fhv,3,
94,Bronx,2024-10-16,10,yellow,0,
94,Bronx,2024-10-16,10,green,0,
94,Bronx,2024-10-16,10,hvfhv,63,15.03
94,Bronx,2024-10-16,10,other_fhv,0,
94,Bronx,2024-10-16,11,yellow,0,
94,Bronx,2024-10-16,11,green,0,
94,Bronx,2024-10-16,11,hvfhv,45,17.52
94,Bronx,2024-10-16,11,other_fhv,0,
94,Bronx,2024-10-16,12,yellow,0,
94,Bronx,2024-10-16,12,green,0,
94,Bronx,2024-10-16,12,hvfhv,48,16.19
94,Bronx,2024-10-16,12,other_fhv,0,
94,Bronx,2024-10-16,13,yellow,0,
94,Bronx,2024-10-16,13,green,0,
94,Bronx,2024-10-16,13,hvfhv,48,18.96
94,Bronx,2024-10-16,13,other_fhv,1,
94,Bronx,2024-10-16,14,yellow,1,29.5
94,Bronx,2024-10-16,14,green,0,
94,Bronx,2024-10-16,14,hvfhv,53,17.69
94,Bronx,2024-10-16,14,other_fhv,0,
94,Bronx,2024-10-16,15,yellow,0,
94,Bronx,2024-10-16,15,green,0,
94,Bronx,2024-10-16,15,hvfhv,60,20.2
94,Bronx,2024-10-16,15,other_fhv,0,
94,Bronx,2024-10-16,16,yellow,1,36.5
94,Bronx,2024-10-16,16,green,0,
94,Bronx,2024-10-16,16,hvfhv,71,19.64
94,Bronx,2024-10-16,16,other_fhv,0,
94,Bronx,2024-10-16,17,yellow,0,
94,Bronx,2024-10-16,17,green,0,
94,Bronx,2024-10-16,17,hvfhv,78,18.35
94,Bronx,2024-10-16,17,other_fhv,0,
94,Bronx,2024-10-16,18,yellow,0,
94,Bronx,2024-10-16,18,green,0,
94,Bronx,2024-10-16,18,hvfhv,61,17.75
94,Bronx,2024-10-16,18,other_fhv,0,
94,Bronx,2024-10-16,19,yellow,0,
94,Bronx,2024-10-16,19,green,0,
94,Bronx,2024-10-16,19,hvfhv,57,16.53
94,Bronx,2024-10-16,19,other_fhv,0,
94,Bronx,2024-10-16,20,yellow,0,
94,Bronx,2024-10-16,20,green,0,
94,Bronx,2024-10-16,20,hvfhv,62,15.58
94,Bronx,2024-10-16,20,other_fhv,0,
94,Bronx,2024-10-16,21,yellow,0,
94,Bronx,2024-10-16,21,green,0,
94,Bronx,2024-10-16,21,hvfhv,48,19.22
94,Bronx,2024-10-16,21,other_fhv,0,
94,Bronx,2024-10-16,22,yellow,0,
94,Bronx,2024-10-16,22,green,0,
94,Bronx,2024-10-16,22,hvfhv,37,14.61
94,Bronx,2024-10-16,22,other_fhv,0,
94,Bronx,2024-10-16,23,yellow,2,0.0
94,Bronx,2024-10-16,23,green,0,
94,Bronx,2024-10-16,23,hvfhv,45,15.43
94,Bronx,2024-10-16,23,other_fhv,0,
95,Queens,2024-10-16,0,yellow,2,19.77
95,Queens,2024-10-16,0,green,2,12.1
95,Queens,2024-10-16,0,hvfhv,64,15.73
95,Queens,2024-10-16,0,other_fhv,0,
95,Queens,2024-10-16,1,yellow,0,
95,Queens,2024-10-16,1,green,1,5.8
95,Queens,2024-10-16,1,hvfhv,43,16.75
95,Queens,2024-10-16,1,other_fhv,0,
95,Queens,2024-10-16,2,yellow,0,
95,Queens,2024-10-16,2,green,1,10.7
95,Queens,2024-10-16,2,hvfhv,38,17.37
95,Queens,2024-10-16,2,other_fhv,1,
95,Queens,2024-10-16,3,yellow,0,
95,Queens,2024-10-16,3,green,2,29.25
95,Queens,2024-10-16,3,hvfhv,23,22.78
95,Queens,2024-10-16,3,other_fhv,0,
95,Queens,2024-10-16,4,yellow,0,
95,Queens,2024-10-16,4,green,0,
95,Queens,2024-10-16,4,hvfhv,67,23.05
95,Queens,2024-10-16,4,other_fhv,1,
95,Queens,2024-10-16,5,yellow,0,
95,Queens,2024-10-16,5,green,0,
95,Queens,2024-10-16,5,hvfhv,66,27.21
95,Queens,2024-10-16,5,other_fhv,3,
95,Queens,2024-10-16,6,yellow,0,
95,Queens,2024-10-16,6,green,1,10.7
95,Queens,2024-10-16,6,hvfhv,160,27.96
95,Queens,2024-10-16,6,other_fhv,5,
95,Queens,2024-10-16,7,yellow,3,8.13
95,Queens,2024-10-16,7,green,3,12.33
95,Queens,2024-10-16,7,hvfhv,276,24.24
95,Queens,2024-10-16,7,other_fhv,3,
95,Queens,2024-10-16,8,yellow,1,32.5
95,Queens,2024-10-16,8,green,2,12.1
95,Queens,2024-10-16,8,hvfhv,343,21.56
95,Queens,2024-10-16,8,other_fhv,6,
95,Queens,2024-10-16,9,yellow,5,46.66
95,Queens,2024-10-16,9,green,6,24.93
95,Queens,2024-10-16,9,hvfhv,258,22.99
95,Queens,2024-10-16,9,other_fhv,5,
95,Queens,2024-10-16,10,yellow,0,
95,Queens,2024-10-16,10,green,4,16.12
95,Queens,2024-10-16,10,hvfhv,230,18.67
95,Queens,2024-10-16,10,other_fhv,4,
95,Queens,2024-10-16,11,yellow,4,51.52
95,Queens,2024-10-16,11,green,4,25.92
95,Queens,2024-10-16,11,hvfhv,203,21.46
95,Queens,2024-10-16,11,other_fhv,6,
95,Queens,2024-10-16,12,yellow,0,
95,Queens,2024-10-16,12,green,2,11.4
95,Queens,2024-10-16,12,hvfhv,208,19.01
95,Queens,2024-10-16,12,other_fhv,12,
95,Queens,2024-10-16,13,yellow,0,
95,Queens,2024-10-16,13,green,8,25.5
95,Queens,2024-10-16,13,hvfhv,216,21.62
95,Queens,2024-10-16,13,other_fhv,4,
95,Queens,2024-10-16,14,yellow,1,25.58
95,Queens,2024-10-16,14,green,4,10.7
95,Queens,2024-10-16,14,hvfhv,242,21.1
95,Queens,2024-10-16,14,other_fhv,9,
95,Queens,2024-10-16,15,yellow,3,8.63
95,Queens,2024-10-16,15,green,4,14.42
95,Queens,2024-10-16,15,hvfhv,240,22.85
95,Queens,2024-10-16,15,other_fhv,6,
95,Queens,2024-10-16,16,yellow,4,5.56
95,Queens,2024-10-16,16,green,15,11.54
95,Queens,2024-10-16,16,hvfhv,266,21.55
95,Queens,2024-10-16,16,other_fhv,3,
95,Queens,2024-10-16,17,yellow,2,17.2
95,Queens,2024-10-16,17,green,13,13.18
95,Queens,2024-10-16,17,hvfhv,261,20.49
95,Queens,2024-10-16,17,other_fhv,3,
95,Queens,2024-10-16,18,yellow,1,11.23
95,Queens,2024-10-16,18,green,9,13.91
95,Queens,2024-10-16,18,hvfhv,282,20.61
95,Queens,2024-10-16,18,other_fhv,1,
95,Queens,2024-10-16,19,yellow,1,13.83
95,Queens,2024-10-16,19,green,4,12.1
95,Queens,2024-10-16,19,hvfhv,286,19.26
95,Queens,2024-10-16,19,other_fhv,1,
95,Queens,2024-10-16,20,yellow,1,27.32
95,Queens,2024-10-16,20,green,6,12.57
95,Queens,2024-10-16,20,hvfhv,205,18.29
95,Queens,2024-10-16,20,other_fhv,3,
95,Queens,2024-10-16,21,yellow,0,
95,Queens,2024-10-16,21,green,5,9.24
95,Queens,2024-10-16,21,hvfhv,150,17.48
95,Queens,2024-10-16,21,other_fhv,0,
95,Queens,2024-10-16,22,yellow,0,
95,Queens,2024-10-16,22,green,7,12.5
95,Queens,2024-10-16,22,hvfhv,144,16.95
95,Queens,2024-10-16,22,other_fhv,1,
95,Queens,2024-10-16,23,yellow,1,61.9
95,Queens,2024-10-16,23,green,3,9.07
95,Queens,2024-10-16,23,hvfhv,108,21.07
95,Queens,2024-10-16,23,other_fhv,1,
96,Queens,2024-10-16,0,yellow,0,
96,Queens,2024-10-16,0,green,0,
96,Queens,2024-10-16,0,hvfhv,1,28.54
96,Queens,2024-10-16,0,other_fhv,0,
96,Queens,2024-10-16,1,yellow,0,
96,Queens,2024-10-16,1,green,0,
96,Queens,2024-10-16,1,hvfhv,1,24.24
96,Queens,2024-10-16,1,other_fhv,0,
96,Queens,2024-10-16,2,yellow,0,
96,Queens,2024-10-16,2,green,0,
96,Queens,2024-10-16,2,hvfhv,0,
96,Queens,2024-10-16,2,other_fhv,0,
96,Queens,2024-10-16,3,yellow,0,
96,Queens,2024-10-16,3,green,0,
96,Queens,2024-10-16,3,hvfhv,0,
96,Queens,2024-10-16,3,other_fhv,0,
96,Queens,2024-10-16,4,yellow,0,
96,Queens,2024-10-16,4,green,0,
96,Queens,2024-10-16,4,hvfhv,2,13.7
96,Queens,2024-10-16,4,other_fhv,0,
96,Queens,2024-10-16,5,yellow,0,
96,Queens,2024-10-16,5,green,1,39.4
96,Queens,2024-10-16,5,hvfhv,1,8.06
96,Queens,2024-10-16,5,other_fhv,0,
96,Queens,2024-10-16,6,yellow,0,
96,Queens,2024-10-16,6,green,0,
96,Queens,2024-10-16,6,hvfhv,5,15.28
96,Queens,2024-10-16,6,other_fhv,0,
96,Queens,2024-10-16,7,yellow,0,
96,Queens,2024-10-16,7,green,0,
96,Queens,2024-10-16,7,hvfhv,9,27.19
96,Queens,2024-10-16,7,other_fhv,0,
96,Queens,2024-10-16,8,yellow,0,
96,Queens,2024-10-16,8,green,0,
96,Queens,2024-10-16,8,hvfhv,8,27.57
96,Queens,2024-10-16,8,other_fhv,0,
96,Queens,2024-10-16,9,yellow,0,
96,Queens,2024-10-16,9,green,0,
96,Queens,2024-10-16,9,hvfhv,7,22.86
96,Queens,2024-10-16,9,other_fhv,0,
96,Queens,2024-10-16,10,yellow,0,
96,Queens,2024-10-16,10,green,0,
96,Queens,2024-10-16,10,hvfhv,3,39.25
96,Queens,2024-10-16,10,other_fhv,0,
96,Queens,2024-10-16,11,yellow,0,
96,Queens,2024-10-16,11,green,0,
96,Queens,2024-10-16,11,hvfhv,1,42.38
96,Queens,2024-10-16,11,other_fhv,0,
96,Queens,2024-10-16,12,yellow,0,
96,Queens,2024-10-16,12,green,0,
96,Queens,2024-10-16,12,hvfhv,9,23.01
96,Queens,2024-10-16,12,other_fhv,0,
96,Queens,2024-10-16,13,yellow,1,42.5
96,Queens,2024-10-16,13,green,0,
96,Queens,2024-10-16,13,hvfhv,6,20.61
96,Queens,2024-10-16,13,other_fhv,0,
96,Queens,2024-10-16,14,yellow,0,
96,Queens,2024-10-16,14,green,0,
96,Queens,2024-10-16,14,hvfhv,4,22.02
96,Queens,2024-10-16,14,other_fhv,0,
96,Queens,2024-10-16,15,yellow,0,
96,Queens,2024-10-16,15,green,0,
96,Queens,2024-10-16,15,hvfhv,2,18.18
96,Queens,2024-10-16,15,other_fhv,0,
96,Queens,2024-10-16,16,yellow,0,
96,Queens,2024-10-16,16,green,0,
96,Queens,2024-10-16,16,hvfhv,4,30.86
96,Queens,2024-10-16,16,other_fhv,0,
96,Queens,2024-10-16,17,yellow,0,
96,Queens,2024-10-16,17,green,0,
96,Queens,2024-10-16,17,hvfhv,7,19.34
96,Queens,2024-10-16,17,other_fhv,0,
96,Queens,2024-10-16,18,yellow,0,
96,Queens,2024-10-16,18,green,0,
96,Queens,2024-10-16,18,hvfhv,5,12.33
96,Queens,2024-10-16,18,other_fhv,0,
96,Queens,2024-10-16,19,yellow,0,
96,Queens,2024-10-16,19,green,0,
96,Queens,2024-10-16,19,hvfhv,4,31.02
96,Queens,2024-10-16,19,other_fhv,0,
96,Queens,2024-10-16,20,yellow,0,
96,Queens,2024-10-16,20,green,0,
96,Queens,2024-10-16,20,hvfhv,6,12.34
96,Queens,2024-10-16,20,other_fhv,0,
96,Queens,2024-10-16,21,yellow,0,
96,Queens,2024-10-16,21,green,0,
96,Queens,2024-10-16,21,hvfhv,6,17.69
96,Queens,2024-10-16,21,other_fhv,0,
96,Queens,2024-10-16,22,yellow,0,
96,Queens,2024-10-16,22,green,0,
96,Queens,2024-10-16,22,hvfhv,2,30.72
96,Queens,2024-10-16,22,other_fhv,0,
96,Queens,2024-10-16,23,yellow,0,
96,Queens,2024-10-16,23,green,0,
96,Queens,2024-10-16,23,hvfhv,3,10.97
96,Queens,2024-10-16,23,other_fhv,0,
97,Brooklyn,2024-10-16,0,yellow,2,15.25
97,Brooklyn,2024-10-16,0,green,0,
97,Brooklyn,2024-10-16,0,hvfhv,122,20.11
97,Brooklyn,2024-10-16,0,other_fhv,0,
97,Brooklyn,2024-10-16,1,yellow,1,3.0
97,Brooklyn,2024-10-16,1,green,0,
97,Brooklyn,2024-10-16,1,hvfhv,33,20.65
97,Brooklyn,2024-10-16,1,other_fhv,1,
97,Brooklyn,2024-10-16,2,yellow,0,
97,Brooklyn,2024-10-16,2,green,2,0.0
97,Brooklyn,2024-10-16,2,hvfhv,19,15.0
97,Brooklyn,2024-10-16,2,other_fhv,1,
97,Brooklyn,2024-10-16,3,yellow,0,
97,Brooklyn,2024-10-16,3,green,0,
97,Brooklyn,2024-10-16,3,hvfhv,17,28.51
97,Brooklyn,2024-10-16,3,other_fhv,0,
97,Brooklyn,2024-10-16,4,yellow,0,
97,Brooklyn,2024-10-16,4,green,0,
97,Brooklyn,2024-10-16,4,hvfhv,27,35.57
97,Brooklyn,2024-10-16,4,other_fhv,0,
97,Brooklyn,2024-10-16,5,yellow,1,28.5
97,Brooklyn,2024-10-16,5,green,0,
97,Brooklyn,2024-10-16,5,hvfhv,55,41.35
97,Brooklyn,2024-10-16,5,other_fhv,1,
97,Brooklyn,2024-10-16,6,yellow,2,10.7
97,Brooklyn,2024-10-16,6,green,0,
97,Brooklyn,2024-10-16,6,hvfhv,76,38.72
97,Brooklyn,2024-10-16,6,other_fhv,0,
97,Brooklyn,2024-10-16,7,yellow,5,21.66
97,Brooklyn,2024-10-16,7,green,0,
97,Brooklyn,2024-10-16,7,hvfhv,119,36.14
97,Brooklyn,2024-10-16,7,other_fhv,0,
97,Brooklyn,2024-10-16,8,yellow,9,30.62
97,Brooklyn,2024-10-16,8,green,0,
97,Brooklyn,2024-10-16,8,hvfhv,204,30.35
97,Brooklyn,2024-10-16,8,other_fhv,6,
97,Brooklyn,2024-10-16,9,yellow,6,29.36
97,Brooklyn,2024-10-16,9,green,0,
97,Brooklyn,2024-10-16,9,hvfhv,211,27.01
97,Brooklyn,2024-10-16,9,other_fhv,3,
97,Brooklyn,2024-10-16,10,yellow,0,
97,Brooklyn,2024-10-16,10,green,2,8.25
97,Brooklyn,2024-10-16,10,hvfhv,160,25.03
97,Brooklyn,2024-10-16,10,other_fhv,4,
97,Brooklyn,2024-10-16,11,yellow,2,20.7
97,Brooklyn,2024-10-16,11,green,5,12.24
97,Brooklyn,2024-10-16,11,hvfhv,132,23.26
97,Brooklyn,2024-10-16,11,other_fhv,3,
97,Brooklyn,2024-10-16,12,yellow,1,27.84
97,Brooklyn,2024-10-16,12,green,3,14.43
97,Brooklyn,2024-10-16,12,hvfhv,144,24.93
97,Brooklyn,2024-10-16,12,other_fhv,5,
97,Brooklyn,2024-10-16,13,yellow,3,32.6
97,Brooklyn,2024-10-16,13,green,0,
97,Brooklyn,2024-10-16,13,hvfhv,149,25.08
97,Brooklyn,2024-10-16,13,other_fhv,1,
97,Brooklyn,2024-10-16,14,yellow,3,19.57
97,Brooklyn,2024-10-16,14,green,1,16.3
97,Brooklyn,2024-10-16,14,hvfhv,171,25.94
97,Brooklyn,2024-10-16,14,other_fhv,1,
97,Brooklyn,2024-10-16,15,yellow,3,34.8
97,Brooklyn,2024-10-16,15,green,8,17.7
97,Brooklyn,2024-10-16,15,hvfhv,170,29.17
97,Brooklyn,2024-10-16,15,other_fhv,3,
97,Brooklyn,2024-10-16,16,yellow,3,28.67
97,Brooklyn,2024-10-16,16,green,4,25.05
97,Brooklyn,2024-10-16,16,hvfhv,176,24.94
97,Brooklyn,2024-10-16,16,other_fhv,2,
97,Brooklyn,2024-10-16,17,yellow,8,33.04
97,Brooklyn,2024-10-16,17,green,13,18.51
97,Brooklyn,2024-10-16,17,hvfhv,237,25.47
97,Brooklyn,2024-10-16,17,other_fhv,2,
97,Brooklyn,2024-10-16,18,yellow,3,32.57
97,Brooklyn,2024-10-16,18,green,10,15.12
97,Brooklyn,2024-10-16,18,hvfhv,236,23.05
97,Brooklyn,2024-10-16,18,other_fhv,6,
97,Brooklyn,2024-10-16,19,yellow,3,8.13
97,Brooklyn,2024-10-16,19,green,7,14.5
97,Brooklyn,2024-10-16,19,hvfhv,284,21.32
97,Brooklyn,2024-10-16,19,other_fhv,3,
97,Brooklyn,2024-10-16,20,yellow,4,7.09
97,Brooklyn,2024-10-16,20,green,7,12.8
97,Brooklyn,2024-10-16,20,hvfhv,276,19.95
97,Brooklyn,2024-10-16,20,other_fhv,4,
97,Brooklyn,2024-10-16,21,yellow,1,22.6
97,Brooklyn,2024-10-16,21,green,2,10.7
97,Brooklyn,2024-10-16,21,hvfhv,301,19.67
97,Brooklyn,2024-10-16,21,other_fhv,5,
97,Brooklyn,2024-10-16,22,yellow,11,25.15
97,Brooklyn,2024-10-16,22,green,4,16.12
97,Brooklyn,2024-10-16,22,hvfhv,354,22.37
97,Brooklyn,2024-10-16,22,other_fhv,7,
97,Brooklyn,2024-10-16,23,yellow,9,27.42
97,Brooklyn,2024-10-16,23,green,3,28.43
97,Brooklyn,2024-10-16,23,hvfhv,299,22.35
97,Brooklyn,2024-10-16,23,other_fhv,3,
98,Queens,2024-10-16,0,yellow,0,
98,Queens,2024-10-16,0,green,0,
98,Queens,2024-10-16,0,hvfhv,16,22.65
98,Queens,2024-10-16,0,other_fhv,0,
98,Queens,2024-10-16,1,yellow,0,
98,Queens,2024-10-16,1,green,0,
98,Queens,2024-10-16,1,hvfhv,5,22.54
98,Queens,2024-10-16,1,other_fhv,0,
98,Queens,2024-10-16,2,yellow,0,
98,Queens,2024-10-16,2,green,0,
98,Queens,2024-10-16,2,hvfhv,2,30.67
98,Queens,2024-10-16,2,other_fhv,0,
98,Queens,2024-10-16,3,yellow,0,
98,Queens,2024-10-16,3,green,0,
98,Queens,2024-10-16,3,hvfhv,6,15.85
98,Queens,2024-10-16,3,other_fhv,0,
98,Queens,2024-10-16,4,yellow,0,
98,Queens,2024-10-16,4,green,0,
98,Queens,2024-10-16,4,hvfhv,9,28.77
98,Queens,2024-10-16,4,other_fhv,0,
98,Queens,2024-10-16,5,yellow,0,
98,Queens,2024-10-16,5,green,0,
98,Queens,2024-10-16,5,hvfhv,8,31.18
98,Queens,2024-10-16,5,other_fhv,0,
98,Queens,2024-10-16,6,yellow,0,
98,Queens,2024-10-16,6,green,0,
98,Queens,2024-10-16,6,hvfhv,14,26.76
98,Queens,2024-10-16,6,other_fhv,1,
98,Queens,2024-10-16,7,yellow,0,
98,Queens,2024-10-16,7,green,0,
98,Queens,2024-10-16,7,hvfhv,32,25.73
98,Queens,2024-10-16,7,other_fhv,1,
98,Queens,2024-10-16,8,yellow,1,18.4
98,Queens,2024-10-16,8,green,0,
98,Queens,2024-10-16,8,hvfhv,56,19.31
98,Queens,2024-10-16,8,other_fhv,0,
98,Queens,2024-10-16,9,yellow,0,
98,Queens,2024-10-16,9,green,0,
98,Queens,2024-10-16,9,hvfhv,35,23.03
98,Queens,2024-10-16,9,other_fhv,1,
98,Queens,2024-10-16,10,yellow,0,
98,Queens,2024-10-16,10,green,0,
98,Queens,2024-10-16,10,hvfhv,30,18.35
98,Queens,2024-10-16,10,other_fhv,1,
98,Queens,2024-10-16,11,yellow,1,33.27
98,Queens,2024-10-16,11,green,0,
98,Queens,2024-10-16,11,hvfhv,24,17.86
98,Queens,2024-10-16,11,other_fhv,0,
98,Queens,2024-10-16,12,yellow,0,
98,Queens,2024-10-16,12,green,0,
98,Queens,2024-10-16,12,hvfhv,26,22.89
98,Queens,2024-10-16,12,other_fhv,2,
98,Queens,2024-10-16,13,yellow,0,
98,Queens,2024-10-16,13,green,0,
98,Queens,2024-10-16,13,hvfhv,27,19.0
98,Queens,2024-10-16,13,other_fhv,0,
98,Queens,2024-10-16,14,yellow,0,
98,Queens,2024-10-16,14,green,0,
98,Queens,2024-10-16,14,hvfhv,50,22.0
98,Queens,2024-10-16,14,other_fhv,0,
98,Queens,2024-10-16,15,yellow,0,
98,Queens,2024-10-16,15,green,0,
98,Queens,2024-10-16,15,hvfhv,30,27.73
98,Queens,2024-10-16,15,other_fhv,1,
98,Queens,2024-10-16,16,yellow,0,
98,Queens,2024-10-16,16,green,0,
98,Queens,2024-10-16,16,hvfhv,39,27.16
98,Queens,2024-10-16,16,other_fhv,0,
98,Queens,2024-10-16,17,yellow,0,
98,Queens,2024-10-16,17,green,0,
98,Queens,2024-10-16,17,hvfhv,31,26.4
98,Queens,2024-10-16,17,other_fhv,0,
98,Queens,2024-10-16,18,yellow,0,
98,Queens,2024-10-16,18,green,0,
98,Queens,2024-10-16,18,hvfhv,35,22.59
98,Queens,2024-10-16,18,other_fhv,0,
98,Queens,2024-10-16,19,yellow,0,
98,Queens,2024-10-16,19,green,0,
98,Queens,2024-10-16,19,hvfhv,31,21.64
98,Queens,2024-10-16,19,other_fhv,0,
98,Queens,2024-10-16,20,yellow,0,
98,Queens,2024-10-16,20,green,0,
98,Queens,2024-10-16,20,hvfhv,23,18.34
98,Queens,2024-10-16,20,other_fhv,0,
98,Queens,2024-10-16,21,yellow,0,
98,Queens,2024-10-16,21,green,0,
98,Queens,2024-10-16,21,hvfhv,21,21.54
98,Queens,2024-10-16,21,other_fhv,0,
98,Queens,2024-10-16,22,yellow,0,
98,Queens,2024-10-16,22,green,0,
98,Queens,2024-10-16,22,hvfhv,28,26.12
98,Queens,2024-10-16,22,other_fhv,1,
98,Queens,2024-10-16,23,yellow,0,
98,Queens,2024-10-16,23,green,0,
98,Queens,2024-10-16,23,hvfhv,20,21.14
98,Queens,2024-10-16,23,other_fhv,0,
99,Staten Island,2024-10-16,0,yellow,0,
99,Staten Island,2024-10-16,0,green,0,
99,Staten Island,2024-10-16,0,hvfhv,1,8.92
99,Staten Island,2024-10-16,0,other_fhv,0,
99,Staten Island,2024-10-16,1,yellow,0,
99,Staten Island,2024-10-16,1,green,0,
99,Staten Island,2024-10-16,1,hvfhv,2,20.99
99,Staten Island,2024-10-16,1,other_fhv,0,
99,Staten Island,2024-10-16,2,yellow,0,
99,Staten Island,2024-10-16,2,green,0,
99,Staten Island,2024-10-16,2,hvfhv,0,
99,Staten Island,2024-10-16,2,other_fhv,0,
99,Staten Island,2024-10-16,3,yellow,0,
99,Staten Island,2024-10-16,3,green,0,
99,Staten Island,2024-10-16,3,hvfhv,0,
99,Staten Island,2024-10-16,3,other_fhv,0,
99,Staten Island,2024-10-16,4,yellow,0,
99,Staten Island,2024-10-16,4,green,0,
99,Staten Island,2024-10-16,4,hvfhv,1,44.18
99,Staten Island,2024-10-16,4,other_fhv,0,
99,Staten Island,2024-10-16,5,yellow,0,
99,Staten Island,2024-10-16,5,green,0,
99,Staten Island,2024-10-16,5,hvfhv,0,
99,Staten Island,2024-10-16,5,other_fhv,0,
99,Staten Island,2024-10-16,6,yellow,0,
99,Staten Island,2024-10-16,6,green,0,
99,Staten Island,2024-10-16,6,hvfhv,0,
99,Staten Island,2024-10-16,6,other_fhv,0,
99,Staten Island,2024-10-16,7,yellow,0,
99,Staten Island,2024-10-16,7,green,0,
99,Staten Island,2024-10-16,7,hvfhv,0,
99,Staten Island,2024-10-16,7,other_fhv,0,
99,Staten Island,2024-10-16,8,yellow,0,
99,Staten Island,2024-10-16,8,green,0,
99,Staten Island,2024-10-16,8,hvfhv,0,
99,Staten Island,2024-10-16,8,other_fhv,0,
99,Staten Island,2024-10-16,9,yellow,0,
99,Staten Island,2024-10-16,9,green,0,
99,Staten Island,2024-10-16,9,hvfhv,0,
99,Staten Island,2024-10-16,9,other_fhv,0,
99,Staten Island,2024-10-16,10,yellow,0,
99,Staten Island,2024-10-16,10,green,0,
99,Staten Island,2024-10-16,10,hvfhv,0,
99,Staten Island,2024-10-16,10,other_fhv,0,
99,Staten Island,2024-10-16,11,yellow,0,
99,Staten Island,2024-10-16,11,green,0,
99,Staten Island,2024-10-16,11,hvfhv,1,133.64
99,Staten Island,2024-10-16,11,other_fhv,0,
99,Staten Island,2024-10-16,12,yellow,0,
99,Staten Island,2024-10-16,12,green,0,
99,Staten Island,2024-10-16,12,hvfhv,0,
99,Staten Island,2024-10-16,12,other_fhv,0,
99,Staten Island,2024-10-16,13,yellow,0,
99,Staten Island,2024-10-16,13,green,0,
99,Staten Island,2024-10-16,13,hvfhv,3,40.38
99,Staten Island,2024-10-16,13,other_fhv,0,
99,Staten Island,2024-10-16,14,yellow,0,
99,Staten Island,2024-10-16,14,green,0,
99,Staten Island,2024-10-16,14,hvfhv,2,16.93
99,Staten Island,2024-10-16,14,other_fhv,0,
99,Staten Island,2024-10-16,15,yellow,0,
99,Staten Island,2024-10-16,15,green,0,
99,Staten Island,2024-10-16,15,hvfhv,0,
99,Staten Island,2024-10-16,15,other_fhv,0,
99,Staten Island,2024-10-16,16,yellow,0,
99,Staten Island,2024-10-16,16,green,0,
99,Staten Island,2024-10-16,16,hvfhv,0,
99,Staten Island,2024-10-16,16,other_fhv,0,
99,Staten Island,2024-10-16,17,yellow,0,
99,Staten Island,2024-10-16,17,green,0,
99,Staten Island,2024-10-16,17,hvfhv,0,
99,Staten Island,2024-10-16,17,other_fhv,0,
99,Staten Island,2024-10-16,18,yellow,0,
99,Staten Island,2024-10-16,18,green,0,
99,Staten Island,2024-10-16,18,hvfhv,0,
99,Staten Island,2024-10-16,18,other_fhv,0,
99,Staten Island,2024-10-16,19,yellow,0,
99,Staten Island,2024-10-16,19,green,0,
99,Staten Island,2024-10-16,19,hvfhv,1,20.26
99,Staten Island,2024-10-16,19,other_fhv,0,
99,Staten Island,2024-10-16,20,yellow,0,
99,Staten Island,2024-10-16,20,green,0,
99,Staten Island,2024-10-16,20,hvfhv,0,
99,Staten Island,2024-10-16,20,other_fhv,0,
99,Staten Island,2024-10-16,21,yellow,0,
99,Staten Island,2024-10-16,21,green,0,
99,Staten Island,2024-10-16,21,hvfhv,0,
99,Staten Island,2024-10-16,21,other_fhv,0,
99,Staten Island,2024-10-16,22,yellow,0,
99,Staten Island,2024-10-16,22,green,0,
99,Staten Island,2024-10-16,22,hvfhv,1,12.46
99,Staten Island,2024-10-16,22,other_fhv,0,
99,Staten Island,2024-10-16,23,yellow,0,
99,Staten Island,2024-10-16,23,green,0,
99,Staten Island,2024-10-16,23,hvfhv,0,
99,Staten Island,2024-10-16,23,other_fhv,0,
100,Manhattan,2024-10-16,0,yellow,48,14.33
100,Manhattan,2024-10-16,0,green,0,
100,Manhattan,2024-10-16,0,hvfhv,150,34.36
100,Manhattan,2024-10-16,0,other_fhv,1,
100,Manhattan,2024-10-16,1,yellow,27,12.7
100,Manhattan,2024-10-16,1,green,0,
100,Manhattan,2024-10-16,1,hvfhv,106,28.83
100,Manhattan,2024-10-16,1,other_fhv,1,
100,Manhattan,2024-10-16,2,yellow,12,11.02
100,Manhattan,2024-10-16,2,green,0,
100,Manhattan,2024-10-16,2,hvfhv,58,33.86
100,Manhattan,2024-10-16,2,other_fhv,1,
100,Manhattan,2024-10-16,3,yellow,10,22.93
100,Manhattan,2024-10-16,3,green,0,
100,Manhattan,2024-10-16,3,hvfhv,53,30.64
100,Manhattan,2024-10-16,3,other_fhv,0,
100,Manhattan,2024-10-16,4,yellow,8,20.29
100,Manhattan,2024-10-16,4,green,0,
100,Manhattan,2024-10-16,4,hvfhv,50,33.56
100,Manhattan,2024-10-16,4,other_fhv,0,
100,Manhattan,2024-10-16,5,yellow,47,12.36
100,Manhattan,2024-10-16,5,green,0,
100,Manhattan,2024-10-16,5,hvfhv,44,45.82
100,Manhattan,2024-10-16,5,other_fhv,0,
100,Manhattan,2024-10-16,6,yellow,92,10.61
100,Manhattan,2024-10-16,6,green,0,
100,Manhattan,2024-10-16,6,hvfhv,71,40.7
100,Manhattan,2024-10-16,6,other_fhv,0,
100,Manhattan,2024-10-16,7,yellow,101,13.66
100,Manhattan,2024-10-16,7,green,0,
100,Manhattan,2024-10-16,7,hvfhv,108,34.61
100,Manhattan,2024-10-16,7,other_fhv,2,
100,Manhattan,2024-10-16,8,yellow,63,17.61
100,Manhattan,2024-10-16,8,green,0,
100,Manhattan,2024-10-16,8,hvfhv,146,38.65
100,Manhattan,2024-10-16,8,other_fhv,2,
100,Manhattan,2024-10-16,9,yellow,93,15.4
100,Manhattan,2024-10-16,9,green,0,
100,Manhattan,2024-10-16,9,hvfhv,167,36.11
100,Manhattan,2024-10-16,9,other_fhv,1,
100,Manhattan,2024-10-16,10,yellow,77,19.6
100,Manhattan,2024-10-16,10,green,0,
100,Manhattan,2024-10-16,10,hvfhv,150,38.98
100,Manhattan,2024-10-16,10,other_fhv,2,
100,Manhattan,2024-10-16,11,yellow,86,18.15
100,Manhattan,2024-10-16,11,green,0,
100,Manhattan,2024-10-16,11,hvfhv,185,37.46
100,Manhattan,2024-10-16,11,other_fhv,3,
100,Manhattan,2024-10-16,12,yellow,99,21.53
100,Manhattan,2024-10-16,12,green,0,
100,Manhattan,2024-10-16,12,hvfhv,153,40.66
100,Manhattan,2024-10-16,12,other_fhv,1,
100,Manhattan,2024-10-16,13,yellow,91,19.04
100,Manhattan,2024-10-16,13,green,0,
100,Manhattan,2024-10-16,13,hvfhv,181,44.4
100,Manhattan,2024-10-16,13,other_fhv,3,
100,Manhattan,2024-10-16,14,yellow,79,21.54
100,Manhattan,2024-10-16,14,green,0,
100,Manhattan,2024-10-16,14,hvfhv,202,47.18
100,Manhattan,2024-10-16,14,other_fhv,3,
100,Manhattan,2024-10-16,15,yellow,107,19.8
100,Manhattan,2024-10-16,15,green,0,
100,Manhattan,2024-10-16,15,hvfhv,198,52.26
100,Manhattan,2024-10-16,15,other_fhv,1,
100,Manhattan,2024-10-16,16,yellow,116,22.17
100,Manhattan,2024-10-16,16,green,0,
100,Manhattan,2024-10-16,16,hvfhv,237,48.16
100,Manhattan,2024-10-16,16,other_fhv,3,
100,Manhattan,2024-10-16,17,yellow,120,18.34
100,Manhattan,2024-10-16,17,green,0,
100,Manhattan,2024-10-16,17,hvfhv,280,40.84
100,Manhattan,2024-10-16,17,other_fhv,3,
100,Manhattan,2024-10-16,18,yellow,164,18.48
100,Manhattan,2024-10-16,18,green,0,
100,Manhattan,2024-10-16,18,hvfhv,268,44.56
100,Manhattan,2024-10-16,18,other_fhv,4,
100,Manhattan,2024-10-16,19,yellow,143,16.52
100,Manhattan,2024-10-16,19,green,0,
100,Manhattan,2024-10-16,19,hvfhv,241,43.36
100,Manhattan,2024-10-16,19,other_fhv,2,
100,Manhattan,2024-10-16,20,yellow,133,16.71
100,Manhattan,2024-10-16,20,green,0,
100,Manhattan,2024-10-16,20,hvfhv,278,46.93
100,Manhattan,2024-10-16,20,other_fhv,2,
100,Manhattan,2024-10-16,21,yellow,140,18.87
100,Manhattan,2024-10-16,21,green,0,
100,Manhattan,2024-10-16,21,hvfhv,267,44.02
100,Manhattan,2024-10-16,21,other_fhv,1,
100,Manhattan,2024-10-16,22,yellow,149,16.67
100,Manhattan,2024-10-16,22,green,0,
100,Manhattan,2024-10-16,22,hvfhv,341,50.24
100,Manhattan,2024-10-16,22,other_fhv,2,
100,Manhattan,2024-10-16,23,yellow,139,16.37
100,Manhattan,2024-10-16,23,green,0,
100,Manhattan,2024-10-16,23,hvfhv,244,42.76
100,Manhattan,2024-10-16,23,other_fhv,2,
101,Queens,2024-10-16,0,yellow,0,
101,Queens,2024-10-16,0,green,0,
101,Queens,2024-10-16,0,hvfhv,14,27.66
101,Queens,2024-10-16,0,other_fhv,0,
101,Queens,2024-10-16,1,yellow,1,6.47
101,Queens,2024-10-16,1,green,0,
101,Queens,2024-10-16,1,hvfhv,5,32.22
101,Queens,2024-10-16,1,other_fhv,0,
101,Queens,2024-10-16,2,yellow,0,
101,Queens,2024-10-16,2,green,0,
101,Queens,2024-10-16,2,hvfhv,3,28.32
101,Queens,2024-10-16,2,other_fhv,0,
101,Queens,2024-10-16,3,yellow,0,
101,Queens,2024-10-16,3,green,0,
101,Queens,2024-10-16,3,hvfhv,7,24.46
101,Queens,2024-10-16,3,other_fhv,0,
101,Queens,2024-10-16,4,yellow,0,
101,Queens,2024-10-16,4,green,0,
101,Queens,2024-10-16,4,hvfhv,9,28.32
101,Queens,2024-10-16,4,other_fhv,0,
101,Queens,2024-10-16,5,yellow,0,
101,Queens,2024-10-16,5,green,0,
101,Queens,2024-10-16,5,hvfhv,9,28.77
101,Queens,2024-10-16,5,other_fhv,0,
101,Queens,2024-10-16,6,yellow,0,
101,Queens,2024-10-16,6,green,0,
101,Queens,2024-10-16,6,hvfhv,20,26.61
101,Queens,2024-10-16,6,other_fhv,1,
101,Queens,2024-10-16,7,yellow,1,50.5
101,Queens,2024-10-16,7,green,0,
101,Queens,2024-10-16,7,hvfhv,35,25.69
101,Queens,2024-10-16,7,other_fhv,0,
101,Queens,2024-10-16,8,yellow,0,
101,Queens,2024-10-16,8,green,0,
101,Queens,2024-10-16,8,hvfhv,55,21.87
101,Queens,2024-10-16,8,other_fhv,1,
101,Queens,2024-10-16,9,yellow,0,
101,Queens,2024-10-16,9,green,0,
101,Queens,2024-10-16,9,hvfhv,23,26.17
101,Queens,2024-10-16,9,other_fhv,1,
101,Queens,2024-10-16,10,yellow,0,
101,Queens,2024-10-16,10,green,0,
101,Queens,2024-10-16,10,hvfhv,35,28.21
101,Queens,2024-10-16,10,other_fhv,1,
101,Queens,2024-10-16,11,yellow,0,
101,Queens,2024-10-16,11,green,0,
101,Queens,2024-10-16,11,hvfhv,25,25.86
101,Queens,2024-10-16,11,other_fhv,1,
101,Queens,2024-10-16,12,yellow,0,
101,Queens,2024-10-16,12,green,0,
101,Queens,2024-10-16,12,hvfhv,27,24.52
101,Queens,2024-10-16,12,other_fhv,2,
101,Queens,2024-10-16,13,yellow,0,
101,Queens,2024-10-16,13,green,0,
101,Queens,2024-10-16,13,hvfhv,36,24.93
101,Queens,2024-10-16,13,other_fhv,1,
101,Queens,2024-10-16,14,yellow,0,
101,Queens,2024-10-16,14,green,0,
101,Queens,2024-10-16,14,hvfhv,34,22.9
101,Queens,2024-10-16,14,other_fhv,3,
101,Queens,2024-10-16,15,yellow,0,
101,Queens,2024-10-16,15,green,0,
101,Queens,2024-10-16,15,hvfhv,44,23.98
101,Queens,2024-10-16,15,other_fhv,1,
101,Queens,2024-10-16,16,yellow,0,
101,Queens,2024-10-16,16,green,0,
101,Queens,2024-10-16,16,hvfhv,49,27.3
101,Queens,2024-10-16,16,other_fhv,0,
101,Queens,2024-10-16,17,yellow,0,
101,Queens,2024-10-16,17,green,0,
101,Queens,2024-10-16,17,hvfhv,38,27.65
101,Queens,2024-10-16,17,other_fhv,1,
101,Queens,2024-10-16,18,yellow,0,
101,Queens,2024-10-16,18,green,0,
101,Queens,2024-10-16,18,hvfhv,40,25.24
101,Queens,2024-10-16,18,other_fhv,2,
101,Queens,2024-10-16,19,yellow,0,
101,Queens,2024-10-16,19,green,0,
101,Queens,2024-10-16,19,hvfhv,36,26.41
101,Queens,2024-10-16,19,other_fhv,0,
101,Queens,2024-10-16,20,yellow,1,7.97
101,Queens,2024-10-16,20,green,0,
101,Queens,2024-10-16,20,hvfhv,19,24.13
101,Queens,2024-10-16,20,other_fhv,0,
101,Queens,2024-10-16,21,yellow,0,
101,Queens,2024-10-16,21,green,0,
101,Queens,2024-10-16,21,hvfhv,25,44.0
101,Queens,2024-10-16,21,other_fhv,0,
101,Queens,2024-10-16,22,yellow,1,11.35
101,Queens,2024-10-16,22,green,0,
101,Queens,2024-10-16,22,hvfhv,14,21.62
101,Queens,2024-10-16,22,other_fhv,0,
101,Queens,2024-10-16,23,yellow,0,
101,Queens,2024-10-16,23,green,0,
101,Queens,2024-10-16,23,hvfhv,7,17.29
101,Queens,2024-10-16,23,other_fhv,0,
102,Queens,2024-10-16,0,yellow,0,
102,Queens,2024-10-16,0,green,0,
102,Queens,2024-10-16,0,hvfhv,19,16.65
102,Queens,2024-10-16,0,other_fhv,0,
102,Queens,2024-10-16,1,yellow,1,5.1
102,Queens,2024-10-16,1,green,0,
102,Queens,2024-10-16,1,hvfhv,17,16.7
102,Queens,2024-10-16,1,other_fhv,0,
102,Queens,2024-10-16,2,yellow,1,12.55
102,Queens,2024-10-16,2,green,0,
102,Queens,2024-10-16,2,hvfhv,9,16.91
102,Queens,2024-10-16,2,other_fhv,0,
102,Queens,2024-10-16,3,yellow,0,
102,Queens,2024-10-16,3,green,0,
102,Queens,2024-10-16,3,hvfhv,7,24.04
102,Queens,2024-10-16,3,other_fhv,0,
102,Queens,2024-10-16,4,yellow,0,
102,Queens,2024-10-16,4,green,0,
102,Queens,2024-10-16,4,hvfhv,21,30.73
102,Queens,2024-10-16,4,other_fhv,0,
102,Queens,2024-10-16,5,yellow,0,
102,Queens,2024-10-16,5,green,0,
102,Queens,2024-10-16,5,hvfhv,46,26.55
102,Queens,2024-10-16,5,other_fhv,1,
102,Queens,2024-10-16,6,yellow,0,
102,Queens,2024-10-16,6,green,0,
102,Queens,2024-10-16,6,hvfhv,80,24.34
102,Queens,2024-10-16,6,other_fhv,1,
102,Queens,2024-10-16,7,yellow,0,
102,Queens,2024-10-16,7,green,0,
102,Queens,2024-10-16,7,hvfhv,98,24.98
102,Queens,2024-10-16,7,other_fhv,2,
102,Queens,2024-10-16,8,yellow,1,43.5
102,Queens,2024-10-16,8,green,0,
102,Queens,2024-10-16,8,hvfhv,136,20.46
102,Queens,2024-10-16,8,other_fhv,1,
102,Queens,2024-10-16,9,yellow,0,
102,Queens,2024-10-16,9,green,0,
102,Queens,2024-10-16,9,hvfhv,92,20.4
102,Queens,2024-10-16,9,other_fhv,3,
102,Queens,2024-10-16,10,yellow,1,23.5
102,Queens,2024-10-16,10,green,0,
102,Queens,2024-10-16,10,hvfhv,71,19.19
102,Queens,2024-10-16,10,other_fhv,0,
102,Queens,2024-10-16,11,yellow,1,17.5
102,Queens,2024-10-16,11,green,0,
102,Queens,2024-10-16,11,hvfhv,56,21.47
102,Queens,2024-10-16,11,other_fhv,1,
102,Queens,2024-10-16,12,yellow,0,
102,Queens,2024-10-16,12,green,0,
102,Queens,2024-10-16,12,hvfhv,61,24.77
102,Queens,2024-10-16,12,other_fhv,0,
102,Queens,2024-10-16,13,yellow,0,
102,Queens,2024-10-16,13,green,0,
102,Queens,2024-10-16,13,hvfhv,68,22.35
102,Queens,2024-10-16,13,other_fhv,2,
102,Queens,2024-10-16,14,yellow,0,
102,Queens,2024-10-16,14,green,0,
102,Queens,2024-10-16,14,hvfhv,57,20.76
102,Queens,2024-10-16,14,other_fhv,0,
102,Queens,2024-10-16,15,yellow,2,33.83
102,Queens,2024-10-16,15,green,0,
102,Queens,2024-10-16,15,hvfhv,83,21.23
102,Queens,2024-10-16,15,other_fhv,0,
102,Queens,2024-10-16,16,yellow,0,
102,Queens,2024-10-16,16,green,0,
102,Queens,2024-10-16,16,hvfhv,72,20.66
102,Queens,2024-10-16,16,other_fhv,0,
102,Queens,2024-10-16,17,yellow,0,
102,Queens,2024-10-16,17,green,0,
102,Queens,2024-10-16,17,hvfhv,84,17.81
102,Queens,2024-10-16,17,other_fhv,0,
102,Queens,2024-10-16,18,yellow,0,
102,Queens,2024-10-16,18,green,0,
102,Queens,2024-10-16,18,hvfhv,91,20.48
102,Queens,2024-10-16,18,other_fhv,1,
102,Queens,2024-10-16,19,yellow,0,
102,Queens,2024-10-16,19,green,0,
102,Queens,2024-10-16,19,hvfhv,78,18.13
102,Queens,2024-10-16,19,other_fhv,0,
102,Queens,2024-10-16,20,yellow,0,
102,Queens,2024-10-16,20,green,0,
102,Queens,2024-10-16,20,hvfhv,51,17.48
102,Queens,2024-10-16,20,other_fhv,0,
102,Queens,2024-10-16,21,yellow,0,
102,Queens,2024-10-16,21,green,0,
102,Queens,2024-10-16,21,hvfhv,49,15.91
102,Queens,2024-10-16,21,other_fhv,0,
102,Queens,2024-10-16,22,yellow,0,
102,Queens,2024-10-16,22,green,0,
102,Queens,2024-10-16,22,hvfhv,57,18.58
102,Queens,2024-10-16,22,other_fhv,0,
102,Queens,2024-10-16,23,yellow,0,
102,Queens,2024-10-16,23,green,0,
102,Queens,2024-10-16,23,hvfhv,38,18.59
102,Queens,2024-10-16,23,other_fhv,0,
103,Manhattan,2024-10-16,0,yellow,0,
103,Manhattan,2024-10-16,0,green,0,
103,Manhattan,2024-10-16,0,hvfhv,0,
103,Manhattan,2024-10-16,0,other_fhv,0,
103,Manhattan,2024-10-16,1,yellow,0,
103,Manhattan,2024-10-16,1,green,0,
103,Manhattan,2024-10-16,1,hvfhv,0,
103,Manhattan,2024-10-16,1,other_fhv,0,
103,Manhattan,2024-10-16,2,yellow,0,
103,Manhattan,2024-10-16,2,green,0,
103,Manhattan,2024-10-16,2,hvfhv,0,
103,Manhattan,2024-10-16,2,other_fhv,0,
103,Manhattan,2024-10-16,3,yellow,0,
103,Manhattan,2024-10-16,3,green,0,
103,Manhattan,2024-10-16,3,hvfhv,0,
103,Manhattan,2024-10-16,3,other_fhv,0,
103,Manhattan,2024-10-16,4,yellow,0,
103,Manhattan,2024-10-16,4,green,0,
103,Manhattan,2024-10-16,4,hvfhv,0,
103,Manhattan,2024-10-16,4,other_fhv,0,
103,Manhattan,2024-10-16,5,yellow,0,
103,Manhattan,2024-10-16,5,green,0,
103,Manhattan,2024-10-16,5,hvfhv,0,
103,Manhattan,2024-10-16,5,other_fhv,0,
103,Manhattan,2024-10-16,6,yellow,0,
103,Manhattan,2024-10-16,6,green,0,
103,Manhattan,2024-10-16,6,hvfhv,0,
103,Manhattan,2024-10-16,6,other_fhv,0,
103,Manhattan,2024-10-16,7,yellow,0,
103,Manhattan,2024-10-16,7,green,0,
103,Manhattan,2024-10-16,7,hvfhv,0,
103,Manhattan,2024-10-16,7,other_fhv,0,
103,Manhattan,2024-10-16,8,yellow,0,
103,Manhattan,2024-10-16,8,green,0,
103,Manhattan,2024-10-16,8,hvfhv,0,
103,Manhattan,2024-10-16,8,other_fhv,0,
103,Manhattan,2024-10-16,9,yellow,0,
103,Manhattan,2024-10-16,9,green,0,
103,Manhattan,2024-10-16,9,hvfhv,0,
103,Manhattan,2024-10-16,9,other_fhv,0,
103,Manhattan,2024-10-16,10,yellow,0,
103,Manhattan,2024-10-16,10,green,0,
103,Manhattan,2024-10-16,10,hvfhv,0,
103,Manhattan,2024-10-16,10,other_fhv,0,
103,Manhattan,2024-10-16,11,yellow,0,
103,Manhattan,2024-10-16,11,green,0,
103,Manhattan,2024-10-16,11,hvfhv,0,
103,Manhattan,2024-10-16,11,other_fhv,0,
103,Manhattan,2024-10-16,12,yellow,0,
103,Manhattan,2024-10-16,12,green,0,
103,Manhattan,2024-10-16,12,hvfhv,0,
103,Manhattan,2024-10-16,12,other_fhv,0,
103,Manhattan,2024-10-16,13,yellow,0,
103,Manhattan,2024-10-16,13,green,0,
103,Manhattan,2024-10-16,13,hvfhv,0,
103,Manhattan,2024-10-16,13,other_fhv,0,
103,Manhattan,2024-10-16,14,yellow,0,
103,Manhattan,2024-10-16,14,green,0,
103,Manhattan,2024-10-16,14,hvfhv,0,
103,Manhattan,2024-10-16,14,other_fhv,0,
103,Manhattan,2024-10-16,15,yellow,0,
103,Manhattan,2024-10-16,15,green,0,
103,Manhattan,2024-10-16,15,hvfhv,0,
103,Manhattan,2024-10-16,15,other_fhv,0,
103,Manhattan,2024-10-16,16,yellow,0,
103,Manhattan,2024-10-16,16,green,0,
103,Manhattan,2024-10-16,16,hvfhv,0,
103,Manhattan,2024-10-16,16,other_fhv,0,
103,Manhattan,2024-10-16,17,yellow,0,
103,Manhattan,2024-10-16,17,green,0,
103,Manhattan,2024-10-16,17,hvfhv,0,
103,Manhattan,2024-10-16,17,other_fhv,0,
103,Manhattan,2024-10-16,18,yellow,0,
103,Manhattan,2024-10-16,18,green,0,
103,Manhattan,2024-10-16,18,hvfhv,0,
103,Manhattan,2024-10-16,18,other_fhv,0,
103,Manhattan,2024-10-16,19,yellow,0,
103,Manhattan,2024-10-16,19,green,0,
103,Manhattan,2024-10-16,19,hvfhv,0,
103,Manhattan,2024-10-16,19,other_fhv,0,
103,Manhattan,2024-10-16,20,yellow,0,
103,Manhattan,2024-10-16,20,green,0,
103,Manhattan,2024-10-16,20,hvfhv,0,
103,Manhattan,2024-10-16,20,other_fhv,0,
103,Manhattan,2024-10-16,21,yellow,0,
103,Manhattan,2024-10-16,21,green,0,
103,Manhattan,2024-10-16,21,hvfhv,0,
103,Manhattan,2024-10-16,21,other_fhv,0,
103,Manhattan,2024-10-16,22,yellow,0,
103,Manhattan,2024-10-16,22,green,0,
103,Manhattan,2024-10-16,22,hvfhv,0,
103,Manhattan,2024-10-16,22,other_fhv,0,
103,Manhattan,2024-10-16,23,yellow,0,
103,Manhattan,2024-10-16,23,green,0,
103,Manhattan,2024-10-16,23,hvfhv,0,
103,Manhattan,2024-10-16,23,other_fhv,0,
104,Manhattan,2024-10-16,0,yellow,0,
104,Manhattan,2024-10-16,0,green,0,
104,Manhattan,2024-10-16,0,hvfhv,0,
104,Manhattan,2024-10-16,0,other_fhv,0,
104,Manhattan,2024-10-16,1,yellow,0,
104,Manhattan,2024-10-16,1,green,0,
104,Manhattan,2024-10-16,1,hvfhv,0,
104,Manhattan,2024-10-16,1,other_fhv,0,
104,Manhattan,2024-10-16,2,yellow,0,
104,Manhattan,2024-10-16,2,green,0,
104,Manhattan,2024-10-16,2,hvfhv,0,
104,Manhattan,2024-10-16,2,other_fhv,0,
104,Manhattan,2024-10-16,3,yellow,0,
104,Manhattan,2024-10-16,3,green,0,
104,Manhattan,2024-10-16,3,hvfhv,0,
104,Manhattan,2024-10-16,3,other_fhv,0,
104,Manhattan,2024-10-16,4,yellow,0,
104,Manhattan,2024-10-16,4,green,0,
104,Manhattan,2024-10-16,4,hvfhv,0,
104,Manhattan,2024-10-16,4,other_fhv,0,
104,Manhattan,2024-10-16,5,yellow,0,
104,Manhattan,2024-10-16,5,green,0,
104,Manhattan,2024-10-16,5,hvfhv,0,
104,Manhattan,2024-10-16,5,other_fhv,0,
104,Manhattan,2024-10-16,6,yellow,0,
104,Manhattan,2024-10-16,6,green,0,
104,Manhattan,2024-10-16,6,hvfhv,0,
104,Manhattan,2024-10-16,6,other_fhv,0,
104,Manhattan,2024-10-16,7,yellow,0,
104,Manhattan,2024-10-16,7,green,0,
104,Manhattan,2024-10-16,7,hvfhv,0,
104,Manhattan,2024-10-16,7,other_fhv,0,
104,Manhattan,2024-10-16,8,yellow,0,
104,Manhattan,2024-10-16,8,green,0,
104,Manhattan,2024-10-16,8,hvfhv,0,
104,Manhattan,2024-10-16,8,other_fhv,0,
104,Manhattan,2024-10-16,9,yellow,0,
104,Manhattan,2024-10-16,9,green,0,
104,Manhattan,2024-10-16,9,hvfhv,0,
104,Manhattan,2024-10-16,9,other_fhv,0,
104,Manhattan,2024-10-16,10,yellow,0,
104,Manhattan,2024-10-16,10,green,0,
104,Manhattan,2024-10-16,10,hvfhv,0,
104,Manhattan,2024-10-16,10,other_fhv,0,
104,Manhattan,2024-10-16,11,yellow,0,
104,Manhattan,2024-10-16,11,green,0,
104,Manhattan,2024-10-16,11,hvfhv,0,
104,Manhattan,2024-10-16,11,other_fhv,0,
104,Manhattan,2024-10-16,12,yellow,0,
104,Manhattan,2024-10-16,12,green,0,
104,Manhattan,2024-10-16,12,hvfhv,0,
104,Manhattan,2024-10-16,12,other_fhv,0,
104,Manhattan,2024-10-16,13,yellow,0,
104,Manhattan,2024-10-16,13,green,0,
104,Manhattan,2024-10-16,13,hvfhv,0,
104,Manhattan,2024-10-16,13,other_fhv,0,
104,Manhattan,2024-10-16,14,yellow,0,
104,Manhattan,2024-10-16,14,green,0,
104,Manhattan,2024-10-16,14,hvfhv,0,
104,Manhattan,2024-10-16,14,other_fhv,0,
104,Manhattan,2024-10-16,15,yellow,0,
104,Manhattan,2024-10-16,15,green,0,
104,Manhattan,2024-10-16,15,hvfhv,0,
104,Manhattan,2024-10-16,15,other_fhv,0,
104,Manhattan,2024-10-16,16,yellow,0,
104,Manhattan,2024-10-16,16,green,0,
104,Manhattan,2024-10-16,16,hvfhv,0,
104,Manhattan,2024-10-16,16,other_fhv,0,
104,Manhattan,2024-10-16,17,yellow,0,
104,Manhattan,2024-10-16,17,green,0,
104,Manhattan,2024-10-16,17,hvfhv,0,
104,Manhattan,2024-10-16,17,other_fhv,0,
104,Manhattan,2024-10-16,18,yellow,0,
104,Manhattan,2024-10-16,18,green,0,
104,Manhattan,2024-10-16,18,hvfhv,0,
104,Manhattan,2024-10-16,18,other_fhv,0,
104,Manhattan,2024-10-16,19,yellow,0,
104,Manhattan,2024-10-16,19,green,0,
104,Manhattan,2024-10-16,19,hvfhv,0,
104,Manhattan,2024-10-16,19,other_fhv,0,
104,Manhattan,2024-10-16,20,yellow,0,
104,Manhattan,2024-10-16,20,green,0,
104,Manhattan,2024-10-16,20,hvfhv,0,
104,Manhattan,2024-10-16,20,other_fhv,0,
104,Manhattan,2024-10-16,21,yellow,0,
104,Manhattan,2024-10-16,21,green,0,
104,Manhattan,2024-10-16,21,hvfhv,0,
104,Manhattan,2024-10-16,21,other_fhv,0,
104,Manhattan,2024-10-16,22,yellow,0,
104,Manhattan,2024-10-16,22,green,0,
104,Manhattan,2024-10-16,22,hvfhv,0,
104,Manhattan,2024-10-16,22,other_fhv,0,
104,Manhattan,2024-10-16,23,yellow,0,
104,Manhattan,2024-10-16,23,green,0,
104,Manhattan,2024-10-16,23,hvfhv,0,
104,Manhattan,2024-10-16,23,other_fhv,0,
105,Manhattan,2024-10-16,0,yellow,0,
105,Manhattan,2024-10-16,0,green,0,
105,Manhattan,2024-10-16,0,hvfhv,0,
105,Manhattan,2024-10-16,0,other_fhv,0,
105,Manhattan,2024-10-16,1,yellow,0,
105,Manhattan,2024-10-16,1,green,0,
105,Manhattan,2024-10-16,1,hvfhv,0,
105,Manhattan,2024-10-16,1,other_fhv,0,
105,Manhattan,2024-10-16,2,yellow,0,
105,Manhattan,2024-10-16,2,green,0,
105,Manhattan,2024-10-16,2,hvfhv,0,
105,Manhattan,2024-10-16,2,other_fhv,0,
105,Manhattan,2024-10-16,3,yellow,0,
105,Manhattan,2024-10-16,3,green,0,
105,Manhattan,2024-10-16,3,hvfhv,0,
105,Manhattan,2024-10-16,3,other_fhv,0,
105,Manhattan,2024-10-16,4,yellow,0,
105,Manhattan,2024-10-16,4,green,0,
105,Manhattan,2024-10-16,4,hvfhv,0,
105,Manhattan,2024-10-16,4,other_fhv,0,
105,Manhattan,2024-10-16,5,yellow,0,
105,Manhattan,2024-10-16,5,green,0,
105,Manhattan,2024-10-16,5,hvfhv,0,
105,Manhattan,2024-10-16,5,other_fhv,0,
105,Manhattan,2024-10-16,6,yellow,0,
105,Manhattan,2024-10-16,6,green,0,
105,Manhattan,2024-10-16,6,hvfhv,0,
105,Manhattan,2024-10-16,6,other_fhv,0,
105,Manhattan,2024-10-16,7,yellow,0,
105,Manhattan,2024-10-16,7,green,0,
105,Manhattan,2024-10-16,7,hvfhv,0,
105,Manhattan,2024-10-16,7,other_fhv,0,
105,Manhattan,2024-10-16,8,yellow,0,
105,Manhattan,2024-10-16,8,green,0,
105,Manhattan,2024-10-16,8,hvfhv,0,
105,Manhattan,2024-10-16,8,other_fhv,0,
105,Manhattan,2024-10-16,9,yellow,0,
105,Manhattan,2024-10-16,9,green,0,
105,Manhattan,2024-10-16,9,hvfhv,0,
105,Manhattan,2024-10-16,9,other_fhv,0,
105,Manhattan,2024-10-16,10,yellow,0,
105,Manhattan,2024-10-16,10,green,0,
105,Manhattan,2024-10-16,10,hvfhv,0,
105,Manhattan,2024-10-16,10,other_fhv,0,
105,Manhattan,2024-10-16,11,yellow,0,
105,Manhattan,2024-10-16,11,green,0,
105,Manhattan,2024-10-16,11,hvfhv,0,
105,Manhattan,2024-10-16,11,other_fhv,0,
105,Manhattan,2024-10-16,12,yellow,0,
105,Manhattan,2024-10-16,12,green,0,
105,Manhattan,2024-10-16,12,hvfhv,0,
105,Manhattan,2024-10-16,12,other_fhv,0,
105,Manhattan,2024-10-16,13,yellow,0,
105,Manhattan,2024-10-16,13,green,0,
105,Manhattan,2024-10-16,13,hvfhv,0,
105,Manhattan,2024-10-16,13,other_fhv,0,
105,Manhattan,2024-10-16,14,yellow,0,
105,Manhattan,2024-10-16,14,green,0,
105,Manhattan,2024-10-16,14,hvfhv,0,
105,Manhattan,2024-10-16,14,other_fhv,0,
105,Manhattan,2024-10-16,15,yellow,0,
105,Manhattan,2024-10-16,15,green,0,
105,Manhattan,2024-10-16,15,hvfhv,0,
105,Manhattan,2024-10-16,15,other_fhv,0,
105,Manhattan,2024-10-16,16,yellow,0,
105,Manhattan,2024-10-16,16,green,0,
105,Manhattan,2024-10-16,16,hvfhv,0,
105,Manhattan,2024-10-16,16,other_fhv,0,
105,Manhattan,2024-10-16,17,yellow,0,
105,Manhattan,2024-10-16,17,green,0,
105,Manhattan,2024-10-16,17,hvfhv,0,
105,Manhattan,2024-10-16,17,other_fhv,0,
105,Manhattan,2024-10-16,18,yellow,0,
105,Manhattan,2024-10-16,18,green,0,
105,Manhattan,2024-10-16,18,hvfhv,0,
105,Manhattan,2024-10-16,18,other_fhv,0,
105,Manhattan,2024-10-16,19,yellow,0,
105,Manhattan,2024-10-16,19,green,0,
105,Manhattan,2024-10-16,19,hvfhv,0,
105,Manhattan,2024-10-16,19,other_fhv,0,
105,Manhattan,2024-10-16,20,yellow,0,
105,Manhattan,2024-10-16,20,green,0,
105,Manhattan,2024-10-16,20,hvfhv,0,
105,Manhattan,2024-10-16,20,other_fhv,0,
105,Manhattan,2024-10-16,21,yellow,0,
105,Manhattan,2024-10-16,21,green,0,
105,Manhattan,2024-10-16,21,hvfhv,0,
105,Manhattan,2024-10-16,21,other_fhv,0,
105,Manhattan,2024-10-16,22,yellow,0,
105,Manhattan,2024-10-16,22,green,0,
105,Manhattan,2024-10-16,22,hvfhv,0,
105,Manhattan,2024-10-16,22,other_fhv,0,
105,Manhattan,2024-10-16,23,yellow,0,
105,Manhattan,2024-10-16,23,green,0,
105,Manhattan,2024-10-16,23,hvfhv,0,
105,Manhattan,2024-10-16,23,other_fhv,0,
106,Brooklyn,2024-10-16,0,yellow,0,
106,Brooklyn,2024-10-16,0,green,0,
106,Brooklyn,2024-10-16,0,hvfhv,25,17.39
106,Brooklyn,2024-10-16,0,other_fhv,0,
106,Brooklyn,2024-10-16,1,yellow,0,
106,Brooklyn,2024-10-16,1,green,0,
106,Brooklyn,2024-10-16,1,hvfhv,21,20.43
106,Brooklyn,2024-10-16,1,other_fhv,0,
106,Brooklyn,2024-10-16,2,yellow,0,
106,Brooklyn,2024-10-16,2,green,0,
106,Brooklyn,2024-10-16,2,hvfhv,14,19.01
106,Brooklyn,2024-10-16,2,other_fhv,0,
106,Brooklyn,2024-10-16,3,yellow,0,
106,Brooklyn,2024-10-16,3,green,0,
106,Brooklyn,2024-10-16,3,hvfhv,7,25.01
106,Brooklyn,2024-10-16,3,other_fhv,0,
106,Brooklyn,2024-10-16,4,yellow,0,
106,Brooklyn,2024-10-16,4,green,0,
106,Brooklyn,2024-10-16,4,hvfhv,5,33.99
106,Brooklyn,2024-10-16,4,other_fhv,0,
106,Brooklyn,2024-10-16,5,yellow,0,
106,Brooklyn,2024-10-16,5,green,0,
106,Brooklyn,2024-10-16,5,hvfhv,14,31.97
106,Brooklyn,2024-10-16,5,other_fhv,0,
106,Brooklyn,2024-10-16,6,yellow,0,
106,Brooklyn,2024-10-16,6,green,0,
106,Brooklyn,2024-10-16,6,hvfhv,34,36.07
106,Brooklyn,2024-10-16,6,other_fhv,0,
106,Brooklyn,2024-10-16,7,yellow,6,22.86
106,Brooklyn,2024-10-16,7,green,0,
106,Brooklyn,2024-10-16,7,hvfhv,39,33.63
106,Brooklyn,2024-10-16,7,other_fhv,0,
106,Brooklyn,2024-10-16,8,yellow,2,19.55
106,Brooklyn,2024-10-16,8,green,0,
106,Brooklyn,2024-10-16,8,hvfhv,54,30.74
106,Brooklyn,2024-10-16,8,other_fhv,0,
106,Brooklyn,2024-10-16,9,yellow,2,37.5
106,Brooklyn,2024-10-16,9,green,0,
106,Brooklyn,2024-10-16,9,hvfhv,48,25.53
106,Brooklyn,2024-10-16,9,other_fhv,0,
106,Brooklyn,2024-10-16,10,yellow,0,
106,Brooklyn,2024-10-16,10,green,0,
106,Brooklyn,2024-10-16,10,hvfhv,40,27.57
106,Brooklyn,2024-10-16,10,other_fhv,1,
106,Brooklyn,2024-10-16,11,yellow,0,
106,Brooklyn,2024-10-16,11,green,0,
106,Brooklyn,2024-10-16,11,hvfhv,56,24.47
106,Brooklyn,2024-10-16,11,other_fhv,1,
106,Brooklyn,2024-10-16,12,yellow,0,
106,Brooklyn,2024-10-16,12,green,0,
106,Brooklyn,2024-10-16,12,hvfhv,46,27.67
106,Brooklyn,2024-10-16,12,other_fhv,0,
106,Brooklyn,2024-10-16,13,yellow,0,
106,Brooklyn,2024-10-16,13,green,0,
106,Brooklyn,2024-10-16,13,hvfhv,53,28.17
106,Brooklyn,2024-10-16,13,other_fhv,0,
106,Brooklyn,2024-10-16,14,yellow,0,
106,Brooklyn,2024-10-16,14,green,0,
106,Brooklyn,2024-10-16,14,hvfhv,60,27.17
106,Brooklyn,2024-10-16,14,other_fhv,1,
106,Brooklyn,2024-10-16,15,yellow,0,
106,Brooklyn,2024-10-16,15,green,0,
106,Brooklyn,2024-10-16,15,hvfhv,44,26.01
106,Brooklyn,2024-10-16,15,other_fhv,2,
106,Brooklyn,2024-10-16,16,yellow,0,
106,Brooklyn,2024-10-16,16,green,0,
106,Brooklyn,2024-10-16,16,hvfhv,71,24.5
106,Brooklyn,2024-10-16,16,other_fhv,1,
106,Brooklyn,2024-10-16,17,yellow,0,
106,Brooklyn,2024-10-16,17,green,0,
106,Brooklyn,2024-10-16,17,hvfhv,73,21.68
106,Brooklyn,2024-10-16,17,other_fhv,2,
106,Brooklyn,2024-10-16,18,yellow,1,26.51
106,Brooklyn,2024-10-16,18,green,0,
106,Brooklyn,2024-10-16,18,hvfhv,99,21.68
106,Brooklyn,2024-10-16,18,other_fhv,1,
106,Brooklyn,2024-10-16,19,yellow,0,
106,Brooklyn,2024-10-16,19,green,0,
106,Brooklyn,2024-10-16,19,hvfhv,102,20.65
106,Brooklyn,2024-10-16,19,other_fhv,1,
106,Brooklyn,2024-10-16,20,yellow,0,
106,Brooklyn,2024-10-16,20,green,0,
106,Brooklyn,2024-10-16,20,hvfhv,89,23.35
106,Brooklyn,2024-10-16,20,other_fhv,0,
106,Brooklyn,2024-10-16,21,yellow,0,
106,Brooklyn,2024-10-16,21,green,0,
106,Brooklyn,2024-10-16,21,hvfhv,83,19.43
106,Brooklyn,2024-10-16,21,other_fhv,4,
106,Brooklyn,2024-10-16,22,yellow,0,
106,Brooklyn,2024-10-16,22,green,0,
106,Brooklyn,2024-10-16,22,hvfhv,75,18.4
106,Brooklyn,2024-10-16,22,other_fhv,1,
106,Brooklyn,2024-10-16,23,yellow,1,14.9
106,Brooklyn,2024-10-16,23,green,0,
106,Brooklyn,2024-10-16,23,hvfhv,64,19.24
106,Brooklyn,2024-10-16,23,other_fhv,1,
107,Manhattan,2024-10-16,0,yellow,33,15.83
107,Manhattan,2024-10-16,0,green,0,
107,Manhattan,2024-10-16,0,hvfhv,117,23.28
107,Manhattan,2024-10-16,0,other_fhv,0,
107,Manhattan,2024-10-16,1,yellow,16,13.18
107,Manhattan,2024-10-16,1,green,0,
107,Manhattan,2024-10-16,1,hvfhv,70,23.06
107,Manhattan,2024-10-16,1,other_fhv,2,
107,Manhattan,2024-10-16,2,yellow,3,11.63
107,Manhattan,2024-10-16,2,green,0,
107,Manhattan,2024-10-16,2,hvfhv,44,20.74
107,Manhattan,2024-10-16,2,other_fhv,0,
107,Manhattan,2024-10-16,3,yellow,5,10.42
107,Manhattan,2024-10-16,3,green,0,
107,Manhattan,2024-10-16,3,hvfhv,39,31.2
107,Manhattan,2024-10-16,3,other_fhv,1,
107,Manhattan,2024-10-16,4,yellow,9,29.11
107,Manhattan,2024-10-16,4,green,0,
107,Manhattan,2024-10-16,4,hvfhv,57,36.38
107,Manhattan,2024-10-16,4,other_fhv,2,
107,Manhattan,2024-10-16,5,yellow,13,11.86
107,Manhattan,2024-10-16,5,green,0,
107,Manhattan,2024-10-16,5,hvfhv,64,38.71
107,Manhattan,2024-10-16,5,other_fhv,1,
107,Manhattan,2024-10-16,6,yellow,38,12.44
107,Manhattan,2024-10-16,6,green,0,
107,Manhattan,2024-10-16,6,hvfhv,130,27.14
107,Manhattan,2024-10-16,6,other_fhv,3,
107,Manhattan,2024-10-16,7,yellow,108,13.53
107,Manhattan,2024-10-16,7,green,0,
107,Manhattan,2024-10-16,7,hvfhv,190,34.23
107,Manhattan,2024-10-16,7,other_fhv,5,
107,Manhattan,2024-10-16,8,yellow,162,13.97
107,Manhattan,2024-10-16,8,green,0,
107,Manhattan,2024-10-16,8,hvfhv,250,34.01
107,Manhattan,2024-10-16,8,other_fhv,4,
107,Manhattan,2024-10-16,9,yellow,158,14.55
107,Manhattan,2024-10-16,9,green,0,
107,Manhattan,2024-10-16,9,hvfhv,268,28.5
107,Manhattan,2024-10-16,9,other_fhv,7,
107,Manhattan,2024-10-16,10,yellow,116,16.17
107,Manhattan,2024-10-16,10,green,0,
107,Manhattan,2024-10-16,10,hvfhv,211,27.02
107,Manhattan,2024-10-16,10,other_fhv,5,
107,Manhattan,2024-10-16,11,yellow,121,16.08
107,Manhattan,2024-10-16,11,green,0,
107,Manhattan,2024-10-16,11,hvfhv,224,32.01
107,Manhattan,2024-10-16,11,other_fhv,5,
107,Manhattan,2024-10-16,12,yellow,117,17.23
107,Manhattan,2024-10-16,12,green,0,
107,Manhattan,2024-10-16,12,hvfhv,181,32.42
107,Manhattan,2024-10-16,12,other_fhv,7,
107,Manhattan,2024-10-16,13,yellow,120,16.41
107,Manhattan,2024-10-16,13,green,0,
107,Manhattan,2024-10-16,13,hvfhv,201,31.14
107,Manhattan,2024-10-16,13,other_fhv,4,
107,Manhattan,2024-10-16,14,yellow,131,18.4
107,Manhattan,2024-10-16,14,green,0,
107,Manhattan,2024-10-16,14,hvfhv,190,36.33
107,Manhattan,2024-10-16,14,other_fhv,4,
107,Manhattan,2024-10-16,15,yellow,108,17.79
107,Manhattan,2024-10-16,15,green,0,
107,Manhattan,2024-10-16,15,hvfhv,212,35.72
107,Manhattan,2024-10-16,15,other_fhv,2,
107,Manhattan,2024-10-16,16,yellow,108,16.99
107,Manhattan,2024-10-16,16,green,0,
107,Manhattan,2024-10-16,16,hvfhv,215,36.09
107,Manhattan,2024-10-16,16,other_fhv,3,
107,Manhattan,2024-10-16,17,yellow,169,16.16
107,Manhattan,2024-10-16,17,green,0,
107,Manhattan,2024-10-16,17,hvfhv,252,33.3
107,Manhattan,2024-10-16,17,other_fhv,4,
107,Manhattan,2024-10-16,18,yellow,183,15.42
107,Manhattan,2024-10-16,18,green,0,
107,Manhattan,2024-10-16,18,hvfhv,298,29.02
107,Manhattan,2024-10-16,18,other_fhv,2,
107,Manhattan,2024-10-16,19,yellow,157,15.71
107,Manhattan,2024-10-16,19,green,0,
107,Manhattan,2024-10-16,19,hvfhv,351,27.31
107,Manhattan,2024-10-16,19,other_fhv,7,
107,Manhattan,2024-10-16,20,yellow,168,15.2
107,Manhattan,2024-10-16,20,green,0,
107,Manhattan,2024-10-16,20,hvfhv,340,29.93
107,Manhattan,2024-10-16,20,other_fhv,3,
107,Manhattan,2024-10-16,21,yellow,195,15.27
107,Manhattan,2024-10-16,21,green,0,
107,Manhattan,2024-10-16,21,hvfhv,341,35.45
107,Manhattan,2024-10-16,21,other_fhv,5,
107,Manhattan,2024-10-16,22,yellow,202,15.9
107,Manhattan,2024-10-16,22,green,0,
107,Manhattan,2024-10-16,22,hvfhv,328,37.35
107,Manhattan,2024-10-16,22,other_fhv,2,
107,Manhattan,2024-10-16,23,yellow,120,14.08
107,Manhattan,2024-10-16,23,green,0,
107,Manhattan,2024-10-16,23,hvfhv,275,30.34
107,Manhattan,2024-10-16,23,other_fhv,1,
108,Brooklyn,2024-10-16,0,yellow,0,
108,Brooklyn,2024-10-16,0,green,0,
108,Brooklyn,2024-10-16,0,hvfhv,10,19.84
108,Brooklyn,2024-10-16,0,other_fhv,0,
108,Brooklyn,2024-10-16,1,yellow,0,
108,Brooklyn,2024-10-16,1,green,0,
108,Brooklyn,2024-10-16,1,hvfhv,11,17.48
108,Brooklyn,2024-10-16,1,other_fhv,0,
108,Brooklyn,2024-10-16,2,yellow,0,
108,Brooklyn,2024-10-16,2,green,0,
108,Brooklyn,2024-10-16,2,hvfhv,10,28.9
108,Brooklyn,2024-10-16,2,other_fhv,0,
108,Brooklyn,2024-10-16,3,yellow,0,
108,Brooklyn,2024-10-16,3,green,0,
108,Brooklyn,2024-10-16,3,hvfhv,5,23.44
108,Brooklyn,2024-10-16,3,other_fhv,0,
108,Brooklyn,2024-10-16,4,yellow,0,
108,Brooklyn,2024-10-16,4,green,0,
108,Brooklyn,2024-10-16,4,hvfhv,9,25.0
108,Brooklyn,2024-10-16,4,other_fhv,0,
108,Brooklyn,2024-10-16,5,yellow,0,
108,Brooklyn,2024-10-16,5,green,0,
108,Brooklyn,2024-10-16,5,hvfhv,13,30.45
108,Brooklyn,2024-10-16,5,other_fhv,1,
108,Brooklyn,2024-10-16,6,yellow,0,
108,Brooklyn,2024-10-16,6,green,0,
108,Brooklyn,2024-10-16,6,hvfhv,29,27.37
108,Brooklyn,2024-10-16,6,other_fhv,1,
108,Brooklyn,2024-10-16,7,yellow,0,
108,Brooklyn,2024-10-16,7,green,0,
108,Brooklyn,2024-10-16,7,hvfhv,74,19.85
108,Brooklyn,2024-10-16,7,other_fhv,3,
108,Brooklyn,2024-10-16,8,yellow,2,30.0
108,Brooklyn,2024-10-16,8,green,0,
108,Brooklyn,2024-10-16,8,hvfhv,76,19.46
108,Brooklyn,2024-10-16,8,other_fhv,5,
108,Brooklyn,2024-10-16,9,yellow,0,
108,Brooklyn,2024-10-16,9,green,0,
108,Brooklyn,2024-10-16,9,hvfhv,54,17.75
108,Brooklyn,2024-10-16,9,other_fhv,2,
108,Brooklyn,2024-10-16,10,yellow,0,
108,Brooklyn,2024-10-16,10,green,1,20.5
108,Brooklyn,2024-10-16,10,hvfhv,43,20.37
108,Brooklyn,2024-10-16,10,other_fhv,6,
108,Brooklyn,2024-10-16,11,yellow,0,
108,Brooklyn,2024-10-16,11,green,0,
108,Brooklyn,2024-10-16,11,hvfhv,46,19.81
108,Brooklyn,2024-10-16,11,other_fhv,4,
108,Brooklyn,2024-10-16,12,yellow,0,
108,Brooklyn,2024-10-16,12,green,0,
108,Brooklyn,2024-10-16,12,hvfhv,39,19.33
108,Brooklyn,2024-10-16,12,other_fhv,3,
108,Brooklyn,2024-10-16,13,yellow,0,
108,Brooklyn,2024-10-16,13,green,0,
108,Brooklyn,2024-10-16,13,hvfhv,33,24.98
108,Brooklyn,2024-10-16,13,other_fhv,16,
108,Brooklyn,2024-10-16,14,yellow,0,
108,Brooklyn,2024-10-16,14,green,0,
108,Brooklyn,2024-10-16,14,hvfhv,41,18.77
108,Brooklyn,2024-10-16,14,other_fhv,0,
108,Brooklyn,2024-10-16,15,yellow,0,
108,Brooklyn,2024-10-16,15,green,1,19.5
108,Brooklyn,2024-10-16,15,hvfhv,51,23.32
108,Brooklyn,2024-10-16,15,other_fhv,1,
108,Brooklyn,2024-10-16,16,yellow,0,
108,Brooklyn,2024-10-16,16,green,0,
108,Brooklyn,2024-10-16,16,hvfhv,60,17.12
108,Brooklyn,2024-10-16,16,other_fhv,3,
108,Brooklyn,2024-10-16,17,yellow,0,
108,Brooklyn,2024-10-16,17,green,0,
108,Brooklyn,2024-10-16,17,hvfhv,44,19.98
108,Brooklyn,2024-10-16,17,other_fhv,2,
108,Brooklyn,2024-10-16,18,yellow,0,
108,Brooklyn,2024-10-16,18,green,0,
108,Brooklyn,2024-10-16,18,hvfhv,48,18.94
108,Brooklyn,2024-10-16,18,other_fhv,1,
108,Brooklyn,2024-10-16,19,yellow,1,11.31
108,Brooklyn,2024-10-16,19,green,0,
108,Brooklyn,2024-10-16,19,hvfhv,31,21.97
108,Brooklyn,2024-10-16,19,other_fhv,0,
108,Brooklyn,2024-10-16,20,yellow,0,
108,Brooklyn,2024-10-16,20,green,0,
108,Brooklyn,2024-10-16,20,hvfhv,24,17.4
108,Brooklyn,2024-10-16,20,other_fhv,1,
108,Brooklyn,2024-10-16,21,yellow,0,
108,Brooklyn,2024-10-16,21,green,0,
108,Brooklyn,2024-10-16,21,hvfhv,30,19.66
108,Brooklyn,2024-10-16,21,other_fhv,2,
108,Brooklyn,2024-10-16,22,yellow,0,
108,Brooklyn,2024-10-16,22,green,0,
108,Brooklyn,2024-10-16,22,hvfhv,31,19.25
108,Brooklyn,2024-10-16,22,other_fhv,0,
108,Brooklyn,2024-10-16,23,yellow,0,
108,Brooklyn,2024-10-16,23,green,0,
108,Brooklyn,2024-10-16,23,hvfhv,32,16.52
108,Brooklyn,2024-10-16,23,other_fhv,0,
109,Staten Island,2024-10-16,0,yellow,0,
109,Staten Island,2024-10-16,0,green,0,
109,Staten Island,2024-10-16,0,hvfhv,4,20.18
109,Staten Island,2024-10-16,0,other_fhv,0,
109,Staten Island,2024-10-16,1,yellow,0,
109,Staten Island,2024-10-16,1,green,0,
109,Staten Island,2024-10-16,1,hvfhv,1,31.32
109,Staten Island,2024-10-16,1,other_fhv,0,
109,Staten Island,2024-10-16,2,yellow,0,
109,Staten Island,2024-10-16,2,green,0,
109,Staten Island,2024-10-16,2,hvfhv,2,25.02
109,Staten Island,2024-10-16,2,other_fhv,0,
109,Staten Island,2024-10-16,3,yellow,0,
109,Staten Island,2024-10-16,3,green,0,
109,Staten Island,2024-10-16,3,hvfhv,5,42.98
109,Staten Island,2024-10-16,3,other_fhv,0,
109,Staten Island,2024-10-16,4,yellow,0,
109,Staten Island,2024-10-16,4,green,0,
109,Staten Island,2024-10-16,4,hvfhv,8,50.62
109,Staten Island,2024-10-16,4,other_fhv,0,
109,Staten Island,2024-10-16,5,yellow,0,
109,Staten Island,2024-10-16,5,green,0,
109,Staten Island,2024-10-16,5,hvfhv,7,19.41
109,Staten Island,2024-10-16,5,other_fhv,0,
109,Staten Island,2024-10-16,6,yellow,0,
109,Staten Island,2024-10-16,6,green,0,
109,Staten Island,2024-10-16,6,hvfhv,21,26.09
109,Staten Island,2024-10-16,6,other_fhv,2,
109,Staten Island,2024-10-16,7,yellow,1,77.33
109,Staten Island,2024-10-16,7,green,0,
109,Staten Island,2024-10-16,7,hvfhv,35,22.27
109,Staten Island,2024-10-16,7,other_fhv,2,
109,Staten Island,2024-10-16,8,yellow,0,
109,Staten Island,2024-10-16,8,green,0,
109,Staten Island,2024-10-16,8,hvfhv,34,16.86
109,Staten Island,2024-10-16,8,other_fhv,4,
109,Staten Island,2024-10-16,9,yellow,0,
109,Staten Island,2024-10-16,9,green,0,
109,Staten Island,2024-10-16,9,hvfhv,30,26.46
109,Staten Island,2024-10-16,9,other_fhv,4,
109,Staten Island,2024-10-16,10,yellow,0,
109,Staten Island,2024-10-16,10,green,0,
109,Staten Island,2024-10-16,10,hvfhv,26,25.29
109,Staten Island,2024-10-16,10,other_fhv,6,
109,Staten Island,2024-10-16,11,yellow,0,
109,Staten Island,2024-10-16,11,green,0,
109,Staten Island,2024-10-16,11,hvfhv,24,20.21
109,Staten Island,2024-10-16,11,other_fhv,6,
109,Staten Island,2024-10-16,12,yellow,0,
109,Staten Island,2024-10-16,12,green,0,
109,Staten Island,2024-10-16,12,hvfhv,20,28.39
109,Staten Island,2024-10-16,12,other_fhv,7,
109,Staten Island,2024-10-16,13,yellow,0,
109,Staten Island,2024-10-16,13,green,0,
109,Staten Island,2024-10-16,13,hvfhv,27,26.09
109,Staten Island,2024-10-16,13,other_fhv,6,
109,Staten Island,2024-10-16,14,yellow,0,
109,Staten Island,2024-10-16,14,green,0,
109,Staten Island,2024-10-16,14,hvfhv,31,20.72
109,Staten Island,2024-10-16,14,other_fhv,2,
109,Staten Island,2024-10-16,15,yellow,1,96.8
109,Staten Island,2024-10-16,15,green,0,
109,Staten Island,2024-10-16,15,hvfhv,26,46.96
109,Staten Island,2024-10-16,15,other_fhv,1,
109,Staten Island,2024-10-16,16,yellow,0,
109,Staten Island,2024-10-16,16,green,0,
109,Staten Island,2024-10-16,16,hvfhv,19,30.07
109,Staten Island,2024-10-16,16,other_fhv,0,
109,Staten Island,2024-10-16,17,yellow,0,
109,Staten Island,2024-10-16,17,green,0,
109,Staten Island,2024-10-16,17,hvfhv,25,22.48
109,Staten Island,2024-10-16,17,other_fhv,0,
109,Staten Island,2024-10-16,18,yellow,0,
109,Staten Island,2024-10-16,18,green,0,
109,Staten Island,2024-10-16,18,hvfhv,21,25.16
109,Staten Island,2024-10-16,18,other_fhv,0,
109,Staten Island,2024-10-16,19,yellow,0,
109,Staten Island,2024-10-16,19,green,0,
109,Staten Island,2024-10-16,19,hvfhv,15,16.41
109,Staten Island,2024-10-16,19,other_fhv,0,
109,Staten Island,2024-10-16,20,yellow,0,
109,Staten Island,2024-10-16,20,green,0,
109,Staten Island,2024-10-16,20,hvfhv,15,17.63
109,Staten Island,2024-10-16,20,other_fhv,0,
109,Staten Island,2024-10-16,21,yellow,0,
109,Staten Island,2024-10-16,21,green,0,
109,Staten Island,2024-10-16,21,hvfhv,11,19.0
109,Staten Island,2024-10-16,21,other_fhv,2,
109,Staten Island,2024-10-16,22,yellow,0,
109,Staten Island,2024-10-16,22,green,0,
109,Staten Island,2024-10-16,22,hvfhv,12,13.9
109,Staten Island,2024-10-16,22,other_fhv,0,
109,Staten Island,2024-10-16,23,yellow,0,
109,Staten Island,2024-10-16,23,green,0,
109,Staten Island,2024-10-16,23,hvfhv,7,17.97
109,Staten Island,2024-10-16,23,other_fhv,0,
110,Staten Island,2024-10-16,0,yellow,0,
110,Staten Island,2024-10-16,0,green,0,
110,Staten Island,2024-10-16,0,hvfhv,0,
110,Staten Island,2024-10-16,0,other_fhv,0,
110,Staten Island,2024-10-16,1,yellow,0,
110,Staten Island,2024-10-16,1,green,0,
110,Staten Island,2024-10-16,1,hvfhv,0,
110,Staten Island,2024-10-16,1,other_fhv,0,
110,Staten Island,2024-10-16,2,yellow,0,
110,Staten Island,2024-10-16,2,green,0,
110,Staten Island,2024-10-16,2,hvfhv,0,
110,Staten Island,2024-10-16,2,other_fhv,0,
110,Staten Island,2024-10-16,3,yellow,0,
110,Staten Island,2024-10-16,3,green,0,
110,Staten Island,2024-10-16,3,hvfhv,0,
110,Staten Island,2024-10-16,3,other_fhv,0,
110,Staten Island,2024-10-16,4,yellow,0,
110,Staten Island,2024-10-16,4,green,0,
110,Staten Island,2024-10-16,4,hvfhv,0,
110,Staten Island,2024-10-16,4,other_fhv,0,
110,Staten Island,2024-10-16,5,yellow,0,
110,Staten Island,2024-10-16,5,green,0,
110,Staten Island,2024-10-16,5,hvfhv,0,
110,Staten Island,2024-10-16,5,other_fhv,0,
110,Staten Island,2024-10-16,6,yellow,0,
110,Staten Island,2024-10-16,6,green,0,
110,Staten Island,2024-10-16,6,hvfhv,0,
110,Staten Island,2024-10-16,6,other_fhv,0,
110,Staten Island,2024-10-16,7,yellow,0,
110,Staten Island,2024-10-16,7,green,0,
110,Staten Island,2024-10-16,7,hvfhv,0,
110,Staten Island,2024-10-16,7,other_fhv,0,
110,Staten Island,2024-10-16,8,yellow,0,
110,Staten Island,2024-10-16,8,green,0,
110,Staten Island,2024-10-16,8,hvfhv,0,
110,Staten Island,2024-10-16,8,other_fhv,0,
110,Staten Island,2024-10-16,9,yellow,0,
110,Staten Island,2024-10-16,9,green,0,
110,Staten Island,2024-10-16,9,hvfhv,0,
110,Staten Island,2024-10-16,9,other_fhv,0,
110,Staten Island,2024-10-16,10,yellow,0,
110,Staten Island,2024-10-16,10,green,0,
110,Staten Island,2024-10-16,10,hvfhv,0,
110,Staten Island,2024-10-16,10,other_fhv,0,
110,Staten Island,2024-10-16,11,yellow,0,
110,Staten Island,2024-10-16,11,green,0,
110,Staten Island,2024-10-16,11,hvfhv,1,16.13
110,Staten Island,2024-10-16,11,other_fhv,0,
110,Staten Island,2024-10-16,12,yellow,0,
110,Staten Island,2024-10-16,12,green,0,
110,Staten Island,2024-10-16,12,hvfhv,0,
110,Staten Island,2024-10-16,12,other_fhv,0,
110,Staten Island,2024-10-16,13,yellow,0,
110,Staten Island,2024-10-16,13,green,0,
110,Staten Island,2024-10-16,13,hvfhv,0,
110,Staten Island,2024-10-16,13,other_fhv,0,
110,Staten Island,2024-10-16,14,yellow,0,
110,Staten Island,2024-10-16,14,green,0,
110,Staten Island,2024-10-16,14,hvfhv,0,
110,Staten Island,2024-10-16,14,other_fhv,0,
110,Staten Island,2024-10-16,15,yellow,0,
110,Staten Island,2024-10-16,15,green,0,
110,Staten Island,2024-10-16,15,hvfhv,0,
110,Staten Island,2024-10-16,15,other_fhv,0,
110,Staten Island,2024-10-16,16,yellow,0,
110,Staten Island,2024-10-16,16,green,0,
110,Staten Island,2024-10-16,16,hvfhv,0,
110,Staten Island,2024-10-16,16,other_fhv,0,
110,Staten Island,2024-10-16,17,yellow,0,
110,Staten Island,2024-10-16,17,green,0,
110,Staten Island,2024-10-16,17,hvfhv,0,
110,Staten Island,2024-10-16,17,other_fhv,0,
110,Staten Island,2024-10-16,18,yellow,0,
110,Staten Island,2024-10-16,18,green,0,
110,Staten Island,2024-10-16,18,hvfhv,1,7.98
110,Staten Island,2024-10-16,18,other_fhv,0,
110,Staten Island,2024-10-16,19,yellow,0,
110,Staten Island,2024-10-16,19,green,0,
110,Staten Island,2024-10-16,19,hvfhv,0,
110,Staten Island,2024-10-16,19,other_fhv,0,
110,Staten Island,2024-10-16,20,yellow,0,
110,Staten Island,2024-10-16,20,green,0,
110,Staten Island,2024-10-16,20,hvfhv,0,
110,Staten Island,2024-10-16,20,other_fhv,0,
110,Staten Island,2024-10-16,21,yellow,0,
110,Staten Island,2024-10-16,21,green,0,
110,Staten Island,2024-10-16,21,hvfhv,0,
110,Staten Island,2024-10-16,21,other_fhv,0,
110,Staten Island,2024-10-16,22,yellow,0,
110,Staten Island,2024-10-16,22,green,0,
110,Staten Island,2024-10-16,22,hvfhv,0,
110,Staten Island,2024-10-16,22,other_fhv,0,
110,Staten Island,2024-10-16,23,yellow,0,
110,Staten Island,2024-10-16,23,green,0,
110,Staten Island,2024-10-16,23,hvfhv,0,
110,Staten Island,2024-10-16,23,other_fhv,0,
111,Brooklyn,2024-10-16,0,yellow,0,
111,Brooklyn,2024-10-16,0,green,0,
111,Brooklyn,2024-10-16,0,hvfhv,0,
111,Brooklyn,2024-10-16,0,other_fhv,0,
111,Brooklyn,2024-10-16,1,yellow,0,
111,Brooklyn,2024-10-16,1,green,0,
111,Brooklyn,2024-10-16,1,hvfhv,0,
111,Brooklyn,2024-10-16,1,other_fhv,0,
111,Brooklyn,2024-10-16,2,yellow,0,
111,Brooklyn,2024-10-16,2,green,0,
111,Brooklyn,2024-10-16,2,hvfhv,0,
111,Brooklyn,2024-10-16,2,other_fhv,0,
111,Brooklyn,2024-10-16,3,yellow,0,
111,Brooklyn,2024-10-16,3,green,0,
111,Brooklyn,2024-10-16,3,hvfhv,0,
111,Brooklyn,2024-10-16,3,other_fhv,0,
111,Brooklyn,2024-10-16,4,yellow,0,
111,Brooklyn,2024-10-16,4,green,0,
111,Brooklyn,2024-10-16,4,hvfhv,0,
111,Brooklyn,2024-10-16,4,other_fhv,0,
111,Brooklyn,2024-10-16,5,yellow,0,
111,Brooklyn,2024-10-16,5,green,0,
111,Brooklyn,2024-10-16,5,hvfhv,0,
111,Brooklyn,2024-10-16,5,other_fhv,0,
111,Brooklyn,2024-10-16,6,yellow,0,
111,Brooklyn,2024-10-16,6,green,0,
111,Brooklyn,2024-10-16,6,hvfhv,0,
111,Brooklyn,2024-10-16,6,other_fhv,0,
111,Brooklyn,2024-10-16,7,yellow,0,
111,Brooklyn,2024-10-16,7,green,0,
111,Brooklyn,2024-10-16,7,hvfhv,0,
111,Brooklyn,2024-10-16,7,other_fhv,0,
111,Brooklyn,2024-10-16,8,yellow,0,
111,Brooklyn,2024-10-16,8,green,0,
111,Brooklyn,2024-10-16,8,hvfhv,2,10.5
111,Brooklyn,2024-10-16,8,other_fhv,0,
111,Brooklyn,2024-10-16,9,yellow,0,
111,Brooklyn,2024-10-16,9,green,0,
111,Brooklyn,2024-10-16,9,hvfhv,0,
111,Brooklyn,2024-10-16,9,other_fhv,0,
111,Brooklyn,2024-10-16,10,yellow,0,
111,Brooklyn,2024-10-16,10,green,0,
111,Brooklyn,2024-10-16,10,hvfhv,2,11.72
111,Brooklyn,2024-10-16,10,other_fhv,0,
111,Brooklyn,2024-10-16,11,yellow,0,
111,Brooklyn,2024-10-16,11,green,0,
111,Brooklyn,2024-10-16,11,hvfhv,1,7.65
111,Brooklyn,2024-10-16,11,other_fhv,0,
111,Brooklyn,2024-10-16,12,yellow,0,
111,Brooklyn,2024-10-16,12,green,0,
111,Brooklyn,2024-10-16,12,hvfhv,1,8.94
111,Brooklyn,2024-10-16,12,other_fhv,0,
111,Brooklyn,2024-10-16,13,yellow,0,
111,Brooklyn,2024-10-16,13,green,0,
111,Brooklyn,2024-10-16,13,hvfhv,0,
111,Brooklyn,2024-10-16,13,other_fhv,0,
111,Brooklyn,2024-10-16,14,yellow,0,
111,Brooklyn,2024-10-16,14,green,0,
111,Brooklyn,2024-10-16,14,hvfhv,2,14.06
111,Brooklyn,2024-10-16,14,other_fhv,0,
111,Brooklyn,2024-10-16,15,yellow,0,
111,Brooklyn,2024-10-16,15,green,0,
111,Brooklyn,2024-10-16,15,hvfhv,0,
111,Brooklyn,2024-10-16,15,other_fhv,0,
111,Brooklyn,2024-10-16,16,yellow,0,
111,Brooklyn,2024-10-16,16,green,0,
111,Brooklyn,2024-10-16,16,hvfhv,2,18.18
111,Brooklyn,2024-10-16,16,other_fhv,0,
111,Brooklyn,2024-10-16,17,yellow,0,
111,Brooklyn,2024-10-16,17,green,0,
111,Brooklyn,2024-10-16,17,hvfhv,2,22.88
111,Brooklyn,2024-10-16,17,other_fhv,0,
111,Brooklyn,2024-10-16,18,yellow,0,
111,Brooklyn,2024-10-16,18,green,0,
111,Brooklyn,2024-10-16,18,hvfhv,0,
111,Brooklyn,2024-10-16,18,other_fhv,0,
111,Brooklyn,2024-10-16,19,yellow,0,
111,Brooklyn,2024-10-16,19,green,0,
111,Brooklyn,2024-10-16,19,hvfhv,3,20.12
111,Brooklyn,2024-10-16,19,other_fhv,0,
111,Brooklyn,2024-10-16,20,yellow,0,
111,Brooklyn,2024-10-16,20,green,0,
111,Brooklyn,2024-10-16,20,hvfhv,1,39.91
111,Brooklyn,2024-10-16,20,other_fhv,0,
111,Brooklyn,2024-10-16,21,yellow,0,
111,Brooklyn,2024-10-16,21,green,0,
111,Brooklyn,2024-10-16,21,hvfhv,1,8.89
111,Brooklyn,2024-10-16,21,other_fhv,0,
111,Brooklyn,2024-10-16,22,yellow,0,
111,Brooklyn,2024-10-16,22,green,0,
111,Brooklyn,2024-10-16,22,hvfhv,2,35.12
111,Brooklyn,2024-10-16,22,other_fhv,0,
111,Brooklyn,2024-10-16,23,yellow,0,
111,Brooklyn,2024-10-16,23,green,0,
111,Brooklyn,2024-10-16,23,hvfhv,1,18.36
111,Brooklyn,2024-10-16,23,other_fhv,0,
112,Brooklyn,2024-10-16,0,yellow,2,21.2
112,Brooklyn,2024-10-16,0,green,0,
112,Brooklyn,2024-10-16,0,hvfhv,119,21.39
112,Brooklyn,2024-10-16,0,other_fhv,3,
112,Brooklyn,2024-10-16,1,yellow,1,7.94
112,Brooklyn,2024-10-16,1,green,0,
112,Brooklyn,2024-10-16,1,hvfhv,66,20.51
112,Brooklyn,2024-10-16,1,other_fhv,0,
112,Brooklyn,2024-10-16,2,yellow,0,
112,Brooklyn,2024-10-16,2,green,0,
112,Brooklyn,2024-10-16,2,hvfhv,36,21.22
112,Brooklyn,2024-10-16,2,other_fhv,0,
112,Brooklyn,2024-10-16,3,yellow,0,
112,Brooklyn,2024-10-16,3,green,0,
112,Brooklyn,2024-10-16,3,hvfhv,31,26.07
112,Brooklyn,2024-10-16,3,other_fhv,1,
112,Brooklyn,2024-10-16,4,yellow,0,
112,Brooklyn,2024-10-16,4,green,0,
112,Brooklyn,2024-10-16,4,hvfhv,49,37.29
112,Brooklyn,2024-10-16,4,other_fhv,1,
112,Brooklyn,2024-10-16,5,yellow,1,1.64
112,Brooklyn,2024-10-16,5,green,0,
112,Brooklyn,2024-10-16,5,hvfhv,105,31.64
112,Brooklyn,2024-10-16,5,other_fhv,1,
112,Brooklyn,2024-10-16,6,yellow,3,11.54
112,Brooklyn,2024-10-16,6,green,0,
112,Brooklyn,2024-10-16,6,hvfhv,172,27.35
112,Brooklyn,2024-10-16,6,other_fhv,5,
112,Brooklyn,2024-10-16,7,yellow,5,27.11
112,Brooklyn,2024-10-16,7,green,0,
112,Brooklyn,2024-10-16,7,hvfhv,283,29.93
112,Brooklyn,2024-10-16,7,other_fhv,6,
112,Brooklyn,2024-10-16,8,yellow,6,25.64
112,Brooklyn,2024-10-16,8,green,0,
112,Brooklyn,2024-10-16,8,hvfhv,409,26.61
112,Brooklyn,2024-10-16,8,other_fhv,3,
112,Brooklyn,2024-10-16,9,yellow,3,13.41
112,Brooklyn,2024-10-16,9,green,0,
112,Brooklyn,2024-10-16,9,hvfhv,338,24.14
112,Brooklyn,2024-10-16,9,other_fhv,4,
112,Brooklyn,2024-10-16,10,yellow,1,35.5
112,Brooklyn,2024-10-16,10,green,0,
112,Brooklyn,2024-10-16,10,hvfhv,258,25.61
112,Brooklyn,2024-10-16,10,other_fhv,5,
112,Brooklyn,2024-10-16,11,yellow,0,
112,Brooklyn,2024-10-16,11,green,0,
112,Brooklyn,2024-10-16,11,hvfhv,208,26.24
112,Brooklyn,2024-10-16,11,other_fhv,3,
112,Brooklyn,2024-10-16,12,yellow,2,46.88
112,Brooklyn,2024-10-16,12,green,0,
112,Brooklyn,2024-10-16,12,hvfhv,179,30.09
112,Brooklyn,2024-10-16,12,other_fhv,0,
112,Brooklyn,2024-10-16,13,yellow,0,
112,Brooklyn,2024-10-16,13,green,0,
112,Brooklyn,2024-10-16,13,hvfhv,173,27.35
112,Brooklyn,2024-10-16,13,other_fhv,1,
112,Brooklyn,2024-10-16,14,yellow,1,28.01
112,Brooklyn,2024-10-16,14,green,0,
112,Brooklyn,2024-10-16,14,hvfhv,207,28.46
112,Brooklyn,2024-10-16,14,other_fhv,1,
112,Brooklyn,2024-10-16,15,yellow,1,38.37
112,Brooklyn,2024-10-16,15,green,1,26.1
112,Brooklyn,2024-10-16,15,hvfhv,215,32.49
112,Brooklyn,2024-10-16,15,other_fhv,2,
112,Brooklyn,2024-10-16,16,yellow,1,5.8
112,Brooklyn,2024-10-16,16,green,0,
112,Brooklyn,2024-10-16,16,hvfhv,204,27.92
112,Brooklyn,2024-10-16,16,other_fhv,4,
112,Brooklyn,2024-10-16,17,yellow,0,
112,Brooklyn,2024-10-16,17,green,0,
112,Brooklyn,2024-10-16,17,hvfhv,275,24.63
112,Brooklyn,2024-10-16,17,other_fhv,9,
112,Brooklyn,2024-10-16,18,yellow,1,5.1
112,Brooklyn,2024-10-16,18,green,0,
112,Brooklyn,2024-10-16,18,hvfhv,349,24.74
112,Brooklyn,2024-10-16,18,other_fhv,4,
112,Brooklyn,2024-10-16,19,yellow,1,31.0
112,Brooklyn,2024-10-16,19,green,0,
112,Brooklyn,2024-10-16,19,hvfhv,353,21.98
112,Brooklyn,2024-10-16,19,other_fhv,9,
112,Brooklyn,2024-10-16,20,yellow,2,10.34
112,Brooklyn,2024-10-16,20,green,0,
112,Brooklyn,2024-10-16,20,hvfhv,306,22.92
112,Brooklyn,2024-10-16,20,other_fhv,5,
112,Brooklyn,2024-10-16,21,yellow,1,19.28
112,Brooklyn,2024-10-16,21,green,0,
112,Brooklyn,2024-10-16,21,hvfhv,301,22.36
112,Brooklyn,2024-10-16,21,other_fhv,5,
112,Brooklyn,2024-10-16,22,yellow,2,16.49
112,Brooklyn,2024-10-16,22,green,0,
112,Brooklyn,2024-10-16,22,hvfhv,343,21.8
112,Brooklyn,2024-10-16,22,other_fhv,7,
112,Brooklyn,2024-10-16,23,yellow,0,
112,Brooklyn,2024-10-16,23,green,0,
112,Brooklyn,2024-10-16,23,hvfhv,239,19.86
112,Brooklyn,2024-10-16,23,other_fhv,2,
113,Manhattan,2024-10-16,0,yellow,36,14.0
113,Manhattan,2024-10-16,0,green,0,
113,Manhattan,2024-10-16,0,hvfhv,95,25.0
113,Manhattan,2024-10-16,0,other_fhv,1,
113,Manhattan,2024-10-16,1,yellow,9,22.11
113,Manhattan,2024-10-16,1,green,0,
113,Manhattan,2024-10-16,1,hvfhv,33,23.42
113,Manhattan,2024-10-16,1,other_fhv,0,
113,Manhattan,2024-10-16,2,yellow,2,41.15
113,Manhattan,2024-10-16,2,green,0,
113,Manhattan,2024-10-16,2,hvfhv,31,25.97
113,Manhattan,2024-10-16,2,other_fhv,1,
113,Manhattan,2024-10-16,3,yellow,7,11.78
113,Manhattan,2024-10-16,3,green,0,
113,Manhattan,2024-10-16,3,hvfhv,23,29.52
113,Manhattan,2024-10-16,3,other_fhv,1,
113,Manhattan,2024-10-16,4,yellow,0,
113,Manhattan,2024-10-16,4,green,0,
113,Manhattan,2024-10-16,4,hvfhv,31,49.11
113,Manhattan,2024-10-16,4,other_fhv,0,
113,Manhattan,2024-10-16,5,yellow,1,8.6
113,Manhattan,2024-10-16,5,green,0,
113,Manhattan,2024-10-16,5,hvfhv,51,41.92
113,Manhattan,2024-10-16,5,other_fhv,0,
113,Manhattan,2024-10-16,6,yellow,32,13.59
113,Manhattan,2024-10-16,6,green,0,
113,Manhattan,2024-10-16,6,hvfhv,102,39.36
113,Manhattan,2024-10-16,6,other_fhv,1,
113,Manhattan,2024-10-16,7,yellow,57,16.31
113,Manhattan,2024-10-16,7,green,0,
113,Manhattan,2024-10-16,7,hvfhv,106,38.14
113,Manhattan,2024-10-16,7,other_fhv,4,
113,Manhattan,2024-10-16,8,yellow,95,14.69
113,Manhattan,2024-10-16,8,green,0,
113,Manhattan,2024-10-16,8,hvfhv,187,37.39
113,Manhattan,2024-10-16,8,other_fhv,4,
113,Manhattan,2024-10-16,9,yellow,90,14.85
113,Manhattan,2024-10-16,9,green,0,
113,Manhattan,2024-10-16,9,hvfhv,206,31.02
113,Manhattan,2024-10-16,9,other_fhv,2,
113,Manhattan,2024-10-16,10,yellow,73,19.14
113,Manhattan,2024-10-16,10,green,0,
113,Manhattan,2024-10-16,10,hvfhv,165,30.62
113,Manhattan,2024-10-16,10,other_fhv,2,
113,Manhattan,2024-10-16,11,yellow,83,18.17
113,Manhattan,2024-10-16,11,green,0,
113,Manhattan,2024-10-16,11,hvfhv,141,26.5
113,Manhattan,2024-10-16,11,other_fhv,0,
113,Manhattan,2024-10-16,12,yellow,90,15.44
113,Manhattan,2024-10-16,12,green,0,
113,Manhattan,2024-10-16,12,hvfhv,175,31.29
113,Manhattan,2024-10-16,12,other_fhv,6,
113,Manhattan,2024-10-16,13,yellow,77,17.17
113,Manhattan,2024-10-16,13,green,0,
113,Manhattan,2024-10-16,13,hvfhv,164,33.51
113,Manhattan,2024-10-16,13,other_fhv,5,
113,Manhattan,2024-10-16,14,yellow,85,16.65
113,Manhattan,2024-10-16,14,green,0,
113,Manhattan,2024-10-16,14,hvfhv,163,36.84
113,Manhattan,2024-10-16,14,other_fhv,2,
113,Manhattan,2024-10-16,15,yellow,102,17.73
113,Manhattan,2024-10-16,15,green,0,
113,Manhattan,2024-10-16,15,hvfhv,222,35.77
113,Manhattan,2024-10-16,15,other_fhv,1,
113,Manhattan,2024-10-16,16,yellow,83,17.29
113,Manhattan,2024-10-16,16,green,0,
113,Manhattan,2024-10-16,16,hvfhv,198,36.03
113,Manhattan,2024-10-16,16,other_fhv,1,
113,Manhattan,2024-10-16,17,yellow,111,17.77
113,Manhattan,2024-10-16,17,green,0,
113,Manhattan,2024-10-16,17,hvfhv,236,31.45
113,Manhattan,2024-10-16,17,other_fhv,1,
113,Manhattan,2024-10-16,18,yellow,127,15.28
113,Manhattan,2024-10-16,18,green,0,
113,Manhattan,2024-10-16,18,hvfhv,315,28.55
113,Manhattan,2024-10-16,18,other_fhv,0,
113,Manhattan,2024-10-16,19,yellow,126,14.84
113,Manhattan,2024-10-16,19,green,0,
113,Manhattan,2024-10-16,19,hvfhv,262,27.91
113,Manhattan,2024-10-16,19,other_fhv,4,
113,Manhattan,2024-10-16,20,yellow,131,15.15
113,Manhattan,2024-10-16,20,green,0,
113,Manhattan,2024-10-16,20,hvfhv,298,32.2
113,Manhattan,2024-10-16,20,other_fhv,2,
113,Manhattan,2024-10-16,21,yellow,186,16.55
113,Manhattan,2024-10-16,21,green,0,
113,Manhattan,2024-10-16,21,hvfhv,330,33.97
113,Manhattan,2024-10-16,21,other_fhv,5,
113,Manhattan,2024-10-16,22,yellow,146,15.57
113,Manhattan,2024-10-16,22,green,0,
113,Manhattan,2024-10-16,22,hvfhv,252,39.35
113,Manhattan,2024-10-16,22,other_fhv,1,
113,Manhattan,2024-10-16,23,yellow,103,13.87
113,Manhattan,2024-10-16,23,green,0,
113,Manhattan,2024-10-16,23,hvfhv,188,32.07
113,Manhattan,2024-10-16,23,other_fhv,3,
114,Manhattan,2024-10-16,0,yellow,74,13.05
114,Manhattan,2024-10-16,0,green,0,
114,Manhattan,2024-10-16,0,hvfhv,242,25.67
114,Manhattan,2024-10-16,0,other_fhv,2,
114,Manhattan,2024-10-16,1,yellow,36,13.38
114,Manhattan,2024-10-16,1,green,0,
114,Manhattan,2024-10-16,1,hvfhv,120,22.53
114,Manhattan,2024-10-16,1,other_fhv,1,
114,Manhattan,2024-10-16,2,yellow,14,16.82
114,Manhattan,2024-10-16,2,green,0,
114,Manhattan,2024-10-16,2,hvfhv,62,22.27
114,Manhattan,2024-10-16,2,other_fhv,1,
114,Manhattan,2024-10-16,3,yellow,9,15.6
114,Manhattan,2024-10-16,3,green,0,
114,Manhattan,2024-10-16,3,hvfhv,44,24.42
114,Manhattan,2024-10-16,3,other_fhv,0,
114,Manhattan,2024-10-16,4,yellow,2,27.9
114,Manhattan,2024-10-16,4,green,0,
114,Manhattan,2024-10-16,4,hvfhv,33,32.45
114,Manhattan,2024-10-16,4,other_fhv,1,
114,Manhattan,2024-10-16,5,yellow,1,10.7
114,Manhattan,2024-10-16,5,green,0,
114,Manhattan,2024-10-16,5,hvfhv,29,48.06
114,Manhattan,2024-10-16,5,other_fhv,1,
114,Manhattan,2024-10-16,6,yellow,8,16.34
114,Manhattan,2024-10-16,6,green,0,
114,Manhattan,2024-10-16,6,hvfhv,51,33.89
114,Manhattan,2024-10-16,6,other_fhv,0,
114,Manhattan,2024-10-16,7,yellow,29,14.18
114,Manhattan,2024-10-16,7,green,0,
114,Manhattan,2024-10-16,7,hvfhv,60,41.75
114,Manhattan,2024-10-16,7,other_fhv,1,
114,Manhattan,2024-10-16,8,yellow,29,14.99
114,Manhattan,2024-10-16,8,green,0,
114,Manhattan,2024-10-16,8,hvfhv,90,31.39
114,Manhattan,2024-10-16,8,other_fhv,1,
114,Manhattan,2024-10-16,9,yellow,42,19.01
114,Manhattan,2024-10-16,9,green,0,
114,Manhattan,2024-10-16,9,hvfhv,131,30.81
114,Manhattan,2024-10-16,9,other_fhv,2,
114,Manhattan,2024-10-16,10,yellow,27,18.61
114,Manhattan,2024-10-16,10,green,0,
114,Manhattan,2024-10-16,10,hvfhv,97,27.67
114,Manhattan,2024-10-16,10,other_fhv,1,
114,Manhattan,2024-10-16,11,yellow,31,21.85
114,Manhattan,2024-10-16,11,green,0,
114,Manhattan,2024-10-16,11,hvfhv,92,28.45
114,Manhattan,2024-10-16,11,other_fhv,1,
114,Manhattan,2024-10-16,12,yellow,25,17.08
114,Manhattan,2024-10-16,12,green,0,
114,Manhattan,2024-10-16,12,hvfhv,108,29.64
114,Manhattan,2024-10-16,12,other_fhv,3,
114,Manhattan,2024-10-16,13,yellow,69,18.01
114,Manhattan,2024-10-16,13,green,0,
114,Manhattan,2024-10-16,13,hvfhv,131,33.16
114,Manhattan,2024-10-16,13,other_fhv,0,
114,Manhattan,2024-10-16,14,yellow,49,18.29
114,Manhattan,2024-10-16,14,green,0,
114,Manhattan,2024-10-16,14,hvfhv,128,32.54
114,Manhattan,2024-10-16,14,other_fhv,0,
114,Manhattan,2024-10-16,15,yellow,62,16.16
114,Manhattan,2024-10-16,15,green,0,
114,Manhattan,2024-10-16,15,hvfhv,154,34.91
114,Manhattan,2024-10-16,15,other_fhv,0,
114,Manhattan,2024-10-16,16,yellow,56,20.68
114,Manhattan,2024-10-16,16,green,0,
114,Manhattan,2024-10-16,16,hvfhv,149,33.98
114,Manhattan,2024-10-16,16,other_fhv,3,
114,Manhattan,2024-10-16,17,yellow,56,16.44
114,Manhattan,2024-10-16,17,green,0,
114,Manhattan,2024-10-16,17,hvfhv,166,31.06
114,Manhattan,2024-10-16,17,other_fhv,0,
114,Manhattan,2024-10-16,18,yellow,91,15.74
114,Manhattan,2024-10-16,18,green,0,
114,Manhattan,2024-10-16,18,hvfhv,218,28.82
114,Manhattan,2024-10-16,18,other_fhv,1,
114,Manhattan,2024-10-16,19,yellow,87,15.97
114,Manhattan,2024-10-16,19,green,0,
114,Manhattan,2024-10-16,19,hvfhv,270,29.81
114,Manhattan,2024-10-16,19,other_fhv,1,
114,Manhattan,2024-10-16,20,yellow,121,17.53
114,Manhattan,2024-10-16,20,green,0,
114,Manhattan,2024-10-16,20,hvfhv,355,29.74
114,Manhattan,2024-10-16,20,other_fhv,4,
114,Manhattan,2024-10-16,21,yellow,172,16.52
114,Manhattan,2024-10-16,21,green,0,
114,Manhattan,2024-10-16,21,hvfhv,382,35.14
114,Manhattan,2024-10-16,21,other_fhv,5,
114,Manhattan,2024-10-16,22,yellow,203,15.26
114,Manhattan,2024-10-16,22,green,0,
114,Manhattan,2024-10-16,22,hvfhv,433,35.35
114,Manhattan,2024-10-16,22,other_fhv,4,
114,Manhattan,2024-10-16,23,yellow,171,14.74
114,Manhattan,2024-10-16,23,green,0,
114,Manhattan,2024-10-16,23,hvfhv,354,31.47
114,Manhattan,2024-10-16,23,other_fhv,6,
115,Staten Island,2024-10-16,0,yellow,0,
115,Staten Island,2024-10-16,0,green,0,
115,Staten Island,2024-10-16,0,hvfhv,7,15.61
115,Staten Island,2024-10-16,0,other_fhv,0,
115,Staten Island,2024-10-16,1,yellow,0,
115,Staten Island,2024-10-16,1,green,0,
115,Staten Island,2024-10-16,1,hvfhv,4,19.03
115,Staten Island,2024-10-16,1,other_fhv,0,
115,Staten Island,2024-10-16,2,yellow,0,
115,Staten Island,2024-10-16,2,green,0,
115,Staten Island,2024-10-16,2,hvfhv,3,12.71
115,Staten Island,2024-10-16,2,other_fhv,0,
115,Staten Island,2024-10-16,3,yellow,0,
115,Staten Island,2024-10-16,3,green,0,
115,Staten Island,2024-10-16,3,hvfhv,1,18.5
115,Staten Island,2024-10-16,3,other_fhv,1,
115,Staten Island,2024-10-16,4,yellow,0,
115,Staten Island,2024-10-16,4,green,0,
115,Staten Island,2024-10-16,4,hvfhv,10,29.53
115,Staten Island,2024-10-16,4,other_fhv,0,
115,Staten Island,2024-10-16,5,yellow,0,
115,Staten Island,2024-10-16,5,green,0,
115,Staten Island,2024-10-16,5,hvfhv,13,19.84
115,Staten Island,2024-10-16,5,other_fhv,0,
115,Staten Island,2024-10-16,6,yellow,0,
115,Staten Island,2024-10-16,6,green,0,
115,Staten Island,2024-10-16,6,hvfhv,41,24.3
115,Staten Island,2024-10-16,6,other_fhv,0,
115,Staten Island,2024-10-16,7,yellow,0,
115,Staten Island,2024-10-16,7,green,0,
115,Staten Island,2024-10-16,7,hvfhv,42,19.81
115,Staten Island,2024-10-16,7,other_fhv,4,
115,Staten Island,2024-10-16,8,yellow,0,
115,Staten Island,2024-10-16,8,green,0,
115,Staten Island,2024-10-16,8,hvfhv,57,16.31
115,Staten Island,2024-10-16,8,other_fhv,4,
115,Staten Island,2024-10-16,9,yellow,0,
115,Staten Island,2024-10-16,9,green,0,
115,Staten Island,2024-10-16,9,hvfhv,31,18.06
115,Staten Island,2024-10-16,9,other_fhv,2,
115,Staten Island,2024-10-16,10,yellow,0,
115,Staten Island,2024-10-16,10,green,0,
115,Staten Island,2024-10-16,10,hvfhv,25,20.24
115,Staten Island,2024-10-16,10,other_fhv,1,
115,Staten Island,2024-10-16,11,yellow,0,
115,Staten Island,2024-10-16,11,green,0,
115,Staten Island,2024-10-16,11,hvfhv,27,12.4
115,Staten Island,2024-10-16,11,other_fhv,1,
115,Staten Island,2024-10-16,12,yellow,0,
115,Staten Island,2024-10-16,12,green,0,
115,Staten Island,2024-10-16,12,hvfhv,15,14.99
115,Staten Island,2024-10-16,12,other_fhv,3,
115,Staten Island,2024-10-16,13,yellow,0,
115,Staten Island,2024-10-16,13,green,0,
115,Staten Island,2024-10-16,13,hvfhv,43,17.82
115,Staten Island,2024-10-16,13,other_fhv,4,
115,Staten Island,2024-10-16,14,yellow,0,
115,Staten Island,2024-10-16,14,green,0,
115,Staten Island,2024-10-16,14,hvfhv,30,22.5
115,Staten Island,2024-10-16,14,other_fhv,5,
115,Staten Island,2024-10-16,15,yellow,0,
115,Staten Island,2024-10-16,15,green,0,
115,Staten Island,2024-10-16,15,hvfhv,32,16.15
115,Staten Island,2024-10-16,15,other_fhv,1,
115,Staten Island,2024-10-16,16,yellow,0,
115,Staten Island,2024-10-16,16,green,0,
115,Staten Island,2024-10-16,16,hvfhv,19,19.98
115,Staten Island,2024-10-16,16,other_fhv,3,
115,Staten Island,2024-10-16,17,yellow,0,
115,Staten Island,2024-10-16,17,green,0,
115,Staten Island,2024-10-16,17,hvfhv,24,18.14
115,Staten Island,2024-10-16,17,other_fhv,1,
115,Staten Island,2024-10-16,18,yellow,0,
115,Staten Island,2024-10-16,18,green,0,
115,Staten Island,2024-10-16,18,hvfhv,21,14.96
115,Staten Island,2024-10-16,18,other_fhv,2,
115,Staten Island,2024-10-16,19,yellow,0,
115,Staten Island,2024-10-16,19,green,0,
115,Staten Island,2024-10-16,19,hvfhv,16,17.3
115,Staten Island,2024-10-16,19,other_fhv,0,
115,Staten Island,2024-10-16,20,yellow,0,
115,Staten Island,2024-10-16,20,green,0,
115,Staten Island,2024-10-16,20,hvfhv,12,13.83
115,Staten Island,2024-10-16,20,other_fhv,0,
115,Staten Island,2024-10-16,21,yellow,0,
115,Staten Island,2024-10-16,21,green,0,
115,Staten Island,2024-10-16,21,hvfhv,16,20.48
115,Staten Island,2024-10-16,21,other_fhv,0,
115,Staten Island,2024-10-16,22,yellow,0,
115,Staten Island,2024-10-16,22,green,0,
115,Staten Island,2024-10-16,22,hvfhv,10,18.09
115,Staten Island,2024-10-16,22,other_fhv,0,
115,Staten Island,2024-10-16,23,yellow,0,
115,Staten Island,2024-10-16,23,green,0,
115,Staten Island,2024-10-16,23,hvfhv,25,14.49
115,Staten Island,2024-10-16,23,other_fhv,1,
116,Manhattan,2024-10-16,0,yellow,1,8.6
116,Manhattan,2024-10-16,0,green,0,
116,Manhattan,2024-10-16,0,hvfhv,90,17.7
116,Manhattan,2024-10-16,0,other_fhv,1,
116,Manhattan,2024-10-16,1,yellow,1,65.0
116,Manhattan,2024-10-16,1,green,0,
116,Manhattan,2024-10-16,1,hvfhv,44,16.84
116,Manhattan,2024-10-16,1,other_fhv,0,
116,Manhattan,2024-10-16,2,yellow,0,
116,Manhattan,2024-10-16,2,green,1,15.6
116,Manhattan,2024-10-16,2,hvfhv,31,21.27
116,Manhattan,2024-10-16,2,other_fhv,0,
116,Manhattan,2024-10-16,3,yellow,0,
116,Manhattan,2024-10-16,3,green,0,
116,Manhattan,2024-10-16,3,hvfhv,30,19.87
116,Manhattan,2024-10-16,3,other_fhv,0,
116,Manhattan,2024-10-16,4,yellow,1,19.5
116,Manhattan,2024-10-16,4,green,0,
116,Manhattan,2024-10-16,4,hvfhv,46,25.21
116,Manhattan,2024-10-16,4,other_fhv,1,
116,Manhattan,2024-10-16,5,yellow,5,24.71
116,Manhattan,2024-10-16,5,green,0,
116,Manhattan,2024-10-16,5,hvfhv,69,29.47
116,Manhattan,2024-10-16,5,other_fhv,1,
116,Manhattan,2024-10-16,6,yellow,15,24.37
116,Manhattan,2024-10-16,6,green,0,
116,Manhattan,2024-10-16,6,hvfhv,108,28.88
116,Manhattan,2024-10-16,6,other_fhv,1,
116,Manhattan,2024-10-16,7,yellow,22,33.35
116,Manhattan,2024-10-16,7,green,2,7.55
116,Manhattan,2024-10-16,7,hvfhv,174,27.64
116,Manhattan,2024-10-16,7,other_fhv,0,
116,Manhattan,2024-10-16,8,yellow,15,17.95
116,Manhattan,2024-10-16,8,green,5,26.94
116,Manhattan,2024-10-16,8,hvfhv,233,20.95
116,Manhattan,2024-10-16,8,other_fhv,1,
116,Manhattan,2024-10-16,9,yellow,10,25.67
116,Manhattan,2024-10-16,9,green,1,7.9
116,Manhattan,2024-10-16,9,hvfhv,181,23.36
116,Manhattan,2024-10-16,9,other_fhv,2,
116,Manhattan,2024-10-16,10,yellow,7,19.79
116,Manhattan,2024-10-16,10,green,0,
116,Manhattan,2024-10-16,10,hvfhv,139,22.6
116,Manhattan,2024-10-16,10,other_fhv,1,
116,Manhattan,2024-10-16,11,yellow,6,22.76
116,Manhattan,2024-10-16,11,green,1,7.9
116,Manhattan,2024-10-16,11,hvfhv,115,22.48
116,Manhattan,2024-10-16,11,other_fhv,1,
116,Manhattan,2024-10-16,12,yellow,2,1.47
116,Manhattan,2024-10-16,12,green,0,
116,Manhattan,2024-10-16,12,hvfhv,94,20.89
116,Manhattan,2024-10-16,12,other_fhv,1,
116,Manhattan,2024-10-16,13,yellow,5,39.08
116,Manhattan,2024-10-16,13,green,1,12.1
116,Manhattan,2024-10-16,13,hvfhv,124,21.17
116,Manhattan,2024-10-16,13,other_fhv,1,
116,Manhattan,2024-10-16,14,yellow,2,33.4
116,Manhattan,2024-10-16,14,green,2,23.3
116,Manhattan,2024-10-16,14,hvfhv,123,21.96
116,Manhattan,2024-10-16,14,other_fhv,1,
116,Manhattan,2024-10-16,15,yellow,5,17.5
116,Manhattan,2024-10-16,15,green,0,
116,Manhattan,2024-10-16,15,hvfhv,129,26.45
116,Manhattan,2024-10-16,15,other_fhv,0,
116,Manhattan,2024-10-16,16,yellow,6,12.55
116,Manhattan,2024-10-16,16,green,1,5.1
116,Manhattan,2024-10-16,16,hvfhv,113,22.55
116,Manhattan,2024-10-16,16,other_fhv,2,
116,Manhattan,2024-10-16,17,yellow,5,26.62
116,Manhattan,2024-10-16,17,green,0,
116,Manhattan,2024-10-16,17,hvfhv,123,24.41
116,Manhattan,2024-10-16,17,other_fhv,2,
116,Manhattan,2024-10-16,18,yellow,10,23.15
116,Manhattan,2024-10-16,18,green,2,36.5
116,Manhattan,2024-10-16,18,hvfhv,134,24.58
116,Manhattan,2024-10-16,18,other_fhv,1,
116,Manhattan,2024-10-16,19,yellow,4,21.15
116,Manhattan,2024-10-16,19,green,0,
116,Manhattan,2024-10-16,19,hvfhv,153,22.24
116,Manhattan,2024-10-16,19,other_fhv,0,
116,Manhattan,2024-10-16,20,yellow,2,8.89
116,Manhattan,2024-10-16,20,green,1,12.1
116,Manhattan,2024-10-16,20,hvfhv,145,17.65
116,Manhattan,2024-10-16,20,other_fhv,1,
116,Manhattan,2024-10-16,21,yellow,2,66.75
116,Manhattan,2024-10-16,21,green,0,
116,Manhattan,2024-10-16,21,hvfhv,127,18.51
116,Manhattan,2024-10-16,21,other_fhv,1,
116,Manhattan,2024-10-16,22,yellow,4,18.27
116,Manhattan,2024-10-16,22,green,2,27.24
116,Manhattan,2024-10-16,22,hvfhv,163,17.37
116,Manhattan,2024-10-16,22,other_fhv,2,
116,Manhattan,2024-10-16,23,yellow,3,19.65
116,Manhattan,2024-10-16,23,green,0,
116,Manhattan,2024-10-16,23,hvfhv,150,18.36
116,Manhattan,2024-10-16,23,other_fhv,0,
117,Queens,2024-10-16,0,yellow,0,
117,Queens,2024-10-16,0,green,0,
117,Queens,2024-10-16,0,hvfhv,10,22.58
117,Queens,2024-10-16,0,other_fhv,0,
117,Queens,2024-10-16,1,yellow,0,
117,Queens,2024-10-16,1,green,0,
117,Queens,2024-10-16,1,hvfhv,15,20.67
117,Queens,2024-10-16,1,other_fhv,0,
117,Queens,2024-10-16,2,yellow,0,
117,Queens,2024-10-16,2,green,0,
117,Queens,2024-10-16,2,hvfhv,14,31.98
117,Queens,2024-10-16,2,other_fhv,0,
117,Queens,2024-10-16,3,yellow,1,49.5
117,Queens,2024-10-16,3,green,0,
117,Queens,2024-10-16,3,hvfhv,7,25.61
117,Queens,2024-10-16,3,other_fhv,0,
117,Queens,2024-10-16,4,yellow,0,
117,Queens,2024-10-16,4,green,0,
117,Queens,2024-10-16,4,hvfhv,12,31.55
117,Queens,2024-10-16,4,other_fhv,1,
117,Queens,2024-10-16,5,yellow,1,66.5
117,Queens,2024-10-16,5,green,0,
117,Queens,2024-10-16,5,hvfhv,20,37.91
117,Queens,2024-10-16,5,other_fhv,2,
117,Queens,2024-10-16,6,yellow,0,
117,Queens,2024-10-16,6,green,0,
117,Queens,2024-10-16,6,hvfhv,30,26.36
117,Queens,2024-10-16,6,other_fhv,1,
117,Queens,2024-10-16,7,yellow,3,40.03
117,Queens,2024-10-16,7,green,0,
117,Queens,2024-10-16,7,hvfhv,70,29.03
117,Queens,2024-10-16,7,other_fhv,1,
117,Queens,2024-10-16,8,yellow,2,24.47
117,Queens,2024-10-16,8,green,0,
117,Queens,2024-10-16,8,hvfhv,90,29.48
117,Queens,2024-10-16,8,other_fhv,2,
117,Queens,2024-10-16,9,yellow,1,69.5
117,Queens,2024-10-16,9,green,0,
117,Queens,2024-10-16,9,hvfhv,60,27.34
117,Queens,2024-10-16,9,other_fhv,3,
117,Queens,2024-10-16,10,yellow,1,65.5
117,Queens,2024-10-16,10,green,0,
117,Queens,2024-10-16,10,hvfhv,33,21.43
117,Queens,2024-10-16,10,other_fhv,0,
117,Queens,2024-10-16,11,yellow,0,
117,Queens,2024-10-16,11,green,0,
117,Queens,2024-10-16,11,hvfhv,40,34.94
117,Queens,2024-10-16,11,other_fhv,1,
117,Queens,2024-10-16,12,yellow,0,
117,Queens,2024-10-16,12,green,0,
117,Queens,2024-10-16,12,hvfhv,47,24.73
117,Queens,2024-10-16,12,other_fhv,2,
117,Queens,2024-10-16,13,yellow,0,
117,Queens,2024-10-16,13,green,0,
117,Queens,2024-10-16,13,hvfhv,40,25.84
117,Queens,2024-10-16,13,other_fhv,0,
117,Queens,2024-10-16,14,yellow,1,38.5
117,Queens,2024-10-16,14,green,0,
117,Queens,2024-10-16,14,hvfhv,44,18.29
117,Queens,2024-10-16,14,other_fhv,0,
117,Queens,2024-10-16,15,yellow,0,
117,Queens,2024-10-16,15,green,0,
117,Queens,2024-10-16,15,hvfhv,41,23.23
117,Queens,2024-10-16,15,other_fhv,0,
117,Queens,2024-10-16,16,yellow,0,
117,Queens,2024-10-16,16,green,0,
117,Queens,2024-10-16,16,hvfhv,43,21.05
117,Queens,2024-10-16,16,other_fhv,0,
117,Queens,2024-10-16,17,yellow,0,
117,Queens,2024-10-16,17,green,0,
117,Queens,2024-10-16,17,hvfhv,35,18.79
117,Queens,2024-10-16,17,other_fhv,0,
117,Queens,2024-10-16,18,yellow,0,
117,Queens,2024-10-16,18,green,0,
117,Queens,2024-10-16,18,hvfhv,43,20.95
117,Queens,2024-10-16,18,other_fhv,0,
117,Queens,2024-10-16,19,yellow,0,
117,Queens,2024-10-16,19,green,0,
117,Queens,2024-10-16,19,hvfhv,36,19.6
117,Queens,2024-10-16,19,other_fhv,0,
117,Queens,2024-10-16,20,yellow,0,
117,Queens,2024-10-16,20,green,0,
117,Queens,2024-10-16,20,hvfhv,25,22.66
117,Queens,2024-10-16,20,other_fhv,0,
117,Queens,2024-10-16,21,yellow,0,
117,Queens,2024-10-16,21,green,0,
117,Queens,2024-10-16,21,hvfhv,36,22.14
117,Queens,2024-10-16,21,other_fhv,0,
117,Queens,2024-10-16,22,yellow,0,
117,Queens,2024-10-16,22,green,0,
117,Queens,2024-10-16,22,hvfhv,37,27.48
117,Queens,2024-10-16,22,other_fhv,0,
117,Queens,2024-10-16,23,yellow,0,
117,Queens,2024-10-16,23,green,0,
117,Queens,2024-10-16,23,hvfhv,27,17.3
117,Queens,2024-10-16,23,other_fhv,0,
118,Staten Island,2024-10-16,0,yellow,0,
118,Staten Island,2024-10-16,0,green,0,
118,Staten Island,2024-10-16,0,hvfhv,12,42.7
118,Staten Island,2024-10-16,0,other_fhv,0,
118,Staten Island,2024-10-16,1,yellow,0,
118,Staten Island,2024-10-16,1,green,0,
118,Staten Island,2024-10-16,1,hvfhv,3,18.61
118,Staten Island,2024-10-16,1,other_fhv,0,
118,Staten Island,2024-10-16,2,yellow,0,
118,Staten Island,2024-10-16,2,green,0,
118,Staten Island,2024-10-16,2,hvfhv,3,16.75
118,Staten Island,2024-10-16,2,other_fhv,0,
118,Staten Island,2024-10-16,3,yellow,0,
118,Staten Island,2024-10-16,3,green,0,
118,Staten Island,2024-10-16,3,hvfhv,2,46.98
118,Staten Island,2024-10-16,3,other_fhv,0,
118,Staten Island,2024-10-16,4,yellow,0,
118,Staten Island,2024-10-16,4,green,0,
118,Staten Island,2024-10-16,4,hvfhv,2,38.75
118,Staten Island,2024-10-16,4,other_fhv,0,
118,Staten Island,2024-10-16,5,yellow,0,
118,Staten Island,2024-10-16,5,green,0,
118,Staten Island,2024-10-16,5,hvfhv,7,61.85
118,Staten Island,2024-10-16,5,other_fhv,1,
118,Staten Island,2024-10-16,6,yellow,0,
118,Staten Island,2024-10-16,6,green,0,
118,Staten Island,2024-10-16,6,hvfhv,18,26.22
118,Staten Island,2024-10-16,6,other_fhv,1,
118,Staten Island,2024-10-16,7,yellow,0,
118,Staten Island,2024-10-16,7,green,0,
118,Staten Island,2024-10-16,7,hvfhv,31,27.98
118,Staten Island,2024-10-16,7,other_fhv,1,
118,Staten Island,2024-10-16,8,yellow,0,
118,Staten Island,2024-10-16,8,green,0,
118,Staten Island,2024-10-16,8,hvfhv,24,27.31
118,Staten Island,2024-10-16,8,other_fhv,6,
118,Staten Island,2024-10-16,9,yellow,0,
118,Staten Island,2024-10-16,9,green,0,
118,Staten Island,2024-10-16,9,hvfhv,34,20.38
118,Staten Island,2024-10-16,9,other_fhv,1,
118,Staten Island,2024-10-16,10,yellow,0,
118,Staten Island,2024-10-16,10,green,0,
118,Staten Island,2024-10-16,10,hvfhv,41,30.34
118,Staten Island,2024-10-16,10,other_fhv,0,
118,Staten Island,2024-10-16,11,yellow,0,
118,Staten Island,2024-10-16,11,green,0,
118,Staten Island,2024-10-16,11,hvfhv,24,29.47
118,Staten Island,2024-10-16,11,other_fhv,1,
118,Staten Island,2024-10-16,12,yellow,0,
118,Staten Island,2024-10-16,12,green,0,
118,Staten Island,2024-10-16,12,hvfhv,31,21.17
118,Staten Island,2024-10-16,12,other_fhv,1,
118,Staten Island,2024-10-16,13,yellow,0,
118,Staten Island,2024-10-16,13,green,0,
118,Staten Island,2024-10-16,13,hvfhv,21,27.65
118,Staten Island,2024-10-16,13,other_fhv,4,
118,Staten Island,2024-10-16,14,yellow,0,
118,Staten Island,2024-10-16,14,green,0,
118,Staten Island,2024-10-16,14,hvfhv,45,23.96
118,Staten Island,2024-10-16,14,other_fhv,1,
118,Staten Island,2024-10-16,15,yellow,0,
118,Staten Island,2024-10-16,15,green,0,
118,Staten Island,2024-10-16,15,hvfhv,38,19.12
118,Staten Island,2024-10-16,15,other_fhv,1,
118,Staten Island,2024-10-16,16,yellow,0,
118,Staten Island,2024-10-16,16,green,0,
118,Staten Island,2024-10-16,16,hvfhv,41,22.53
118,Staten Island,2024-10-16,16,other_fhv,0,
118,Staten Island,2024-10-16,17,yellow,0,
118,Staten Island,2024-10-16,17,green,0,
118,Staten Island,2024-10-16,17,hvfhv,43,25.42
118,Staten Island,2024-10-16,17,other_fhv,2,
118,Staten Island,2024-10-16,18,yellow,0,
118,Staten Island,2024-10-16,18,green,0,
118,Staten Island,2024-10-16,18,hvfhv,43,22.69
118,Staten Island,2024-10-16,18,other_fhv,0,
118,Staten Island,2024-10-16,19,yellow,0,
118,Staten Island,2024-10-16,19,green,0,
118,Staten Island,2024-10-16,19,hvfhv,55,20.49
118,Staten Island,2024-10-16,19,other_fhv,0,
118,Staten Island,2024-10-16,20,yellow,0,
118,Staten Island,2024-10-16,20,green,0,
118,Staten Island,2024-10-16,20,hvfhv,36,22.08
118,Staten Island,2024-10-16,20,other_fhv,2,
118,Staten Island,2024-10-16,21,yellow,0,
118,Staten Island,2024-10-16,21,green,0,
118,Staten Island,2024-10-16,21,hvfhv,19,20.0
118,Staten Island,2024-10-16,21,other_fhv,0,
118,Staten Island,2024-10-16,22,yellow,0,
118,Staten Island,2024-10-16,22,green,0,
118,Staten Island,2024-10-16,22,hvfhv,16,24.83
118,Staten Island,2024-10-16,22,other_fhv,1,
118,Staten Island,2024-10-16,23,yellow,0,
118,Staten Island,2024-10-16,23,green,0,
118,Staten Island,2024-10-16,23,hvfhv,18,13.26
118,Staten Island,2024-10-16,23,other_fhv,2,
119,Bronx,2024-10-16,0,yellow,0,
119,Bronx,2024-10-16,0,green,0,
119,Bronx,2024-10-16,0,hvfhv,92,23.65
119,Bronx,2024-10-16,0,other_fhv,2,
119,Bronx,2024-10-16,1,yellow,0,
119,Bronx,2024-10-16,1,green,1,30.0
119,Bronx,2024-10-16,1,hvfhv,28,18.31
119,Bronx,2024-10-16,1,other_fhv,0,
119,Bronx,2024-10-16,2,yellow,0,
119,Bronx,2024-10-16,2,green,0,
119,Bronx,2024-10-16,2,hvfhv,23,16.84
119,Bronx,2024-10-16,2,other_fhv,0,
119,Bronx,2024-10-16,3,yellow,2,0.0
119,Bronx,2024-10-16,3,green,0,
119,Bronx,2024-10-16,3,hvfhv,11,18.34
119,Bronx,2024-10-16,3,other_fhv,0,
119,Bronx,2024-10-16,4,yellow,0,
119,Bronx,2024-10-16,4,green,0,
119,Bronx,2024-10-16,4,hvfhv,33,22.53
119,Bronx,2024-10-16,4,other_fhv,0,
119,Bronx,2024-10-16,5,yellow,1,33.5
119,Bronx,2024-10-16,5,green,0,
119,Bronx,2024-10-16,5,hvfhv,55,22.88
119,Bronx,2024-10-16,5,other_fhv,0,
119,Bronx,2024-10-16,6,yellow,0,
119,Bronx,2024-10-16,6,green,0,
119,Bronx,2024-10-16,6,hvfhv,88,20.13
119,Bronx,2024-10-16,6,other_fhv,1,
119,Bronx,2024-10-16,7,yellow,1,39.71
119,Bronx,2024-10-16,7,green,0,
119,Bronx,2024-10-16,7,hvfhv,179,20.91
119,Bronx,2024-10-16,7,other_fhv,0,
119,Bronx,2024-10-16,8,yellow,0,
119,Bronx,2024-10-16,8,green,0,
119,Bronx,2024-10-16,8,hvfhv,178,20.14
119,Bronx,2024-10-16,8,other_fhv,0,
119,Bronx,2024-10-16,9,yellow,1,15.11
119,Bronx,2024-10-16,9,green,0,
119,Bronx,2024-10-16,9,hvfhv,119,16.87
119,Bronx,2024-10-16,9,other_fhv,1,
119,Bronx,2024-10-16,10,yellow,0,
119,Bronx,2024-10-16,10,green,0,
119,Bronx,2024-10-16,10,hvfhv,88,17.65
119,Bronx,2024-10-16,10,other_fhv,0,
119,Bronx,2024-10-16,11,yellow,0,
119,Bronx,2024-10-16,11,green,0,
119,Bronx,2024-10-16,11,hvfhv,81,20.16
119,Bronx,2024-10-16,11,other_fhv,1,
119,Bronx,2024-10-16,12,yellow,1,33.5
119,Bronx,2024-10-16,12,green,1,16.3
119,Bronx,2024-10-16,12,hvfhv,69,19.0
119,Bronx,2024-10-16,12,other_fhv,0,
119,Bronx,2024-10-16,13,yellow,0,
119,Bronx,2024-10-16,13,green,0,
119,Bronx,2024-10-16,13,hvfhv,62,18.3
119,Bronx,2024-10-16,13,other_fhv,0,
119,Bronx,2024-10-16,14,yellow,0,
119,Bronx,2024-10-16,14,green,0,
119,Bronx,2024-10-16,14,hvfhv,90,24.24
119,Bronx,2024-10-16,14,other_fhv,0,
119,Bronx,2024-10-16,15,yellow,0,
119,Bronx,2024-10-16,15,green,0,
119,Bronx,2024-10-16,15,hvfhv,91,18.02
119,Bronx,2024-10-16,15,other_fhv,1,
119,Bronx,2024-10-16,16,yellow,0,
119,Bronx,2024-10-16,16,green,0,
119,Bronx,2024-10-16,16,hvfhv,85,18.33
119,Bronx,2024-10-16,16,other_fhv,0,
119,Bronx,2024-10-16,17,yellow,0,
119,Bronx,2024-10-16,17,green,0,
119,Bronx,2024-10-16,17,hvfhv,88,18.47
119,Bronx,2024-10-16,17,other_fhv,1,
119,Bronx,2024-10-16,18,yellow,0,
119,Bronx,2024-10-16,18,green,0,
119,Bronx,2024-10-16,18,hvfhv,78,18.04
119,Bronx,2024-10-16,18,other_fhv,0,
119,Bronx,2024-10-16,19,yellow,0,
119,Bronx,2024-10-16,19,green,0,
119,Bronx,2024-10-16,19,hvfhv,83,15.94
119,Bronx,2024-10-16,19,other_fhv,0,
119,Bronx,2024-10-16,20,yellow,1,22.6
119,Bronx,2024-10-16,20,green,0,
119,Bronx,2024-10-16,20,hvfhv,78,15.31
119,Bronx,2024-10-16,20,other_fhv,1,
119,Bronx,2024-10-16,21,yellow,0,
119,Bronx,2024-10-16,21,green,0,
119,Bronx,2024-10-16,21,hvfhv,67,16.31
119,Bronx,2024-10-16,21,other_fhv,0,
119,Bronx,2024-10-16,22,yellow,0,
119,Bronx,2024-10-16,22,green,0,
119,Bronx,2024-10-16,22,hvfhv,66,16.19
119,Bronx,2024-10-16,22,other_fhv,0,
119,Bronx,2024-10-16,23,yellow,1,14.0
119,Bronx,2024-10-16,23,green,0,
119,Bronx,2024-10-16,23,hvfhv,69,14.98
119,Bronx,2024-10-16,23,other_fhv,0,
120,Manhattan,2024-10-16,0,yellow,0,
120,Manhattan,2024-10-16,0,green,0,
120,Manhattan,2024-10-16,0,hvfhv,2,22.12
120,Manhattan,2024-10-16,0,other_fhv,0,
120,Manhattan,2024-10-16,1,yellow,0,
120,Manhattan,2024-10-16,1,green,0,
120,Manhattan,2024-10-16,1,hvfhv,1,15.12
120,Manhattan,2024-10-16,1,other_fhv,0,
120,Manhattan,2024-10-16,2,yellow,0,
120,Manhattan,2024-10-16,2,green,0,
120,Manhattan,2024-10-16,2,hvfhv,1,15.32
120,Manhattan,2024-10-16,2,other_fhv,0,
120,Manhattan,2024-10-16,3,yellow,0,
120,Manhattan,2024-10-16,3,green,0,
120,Manhattan,2024-10-16,3,hvfhv,1,17.84
120,Manhattan,2024-10-16,3,other_fhv,0,
120,Manhattan,2024-10-16,4,yellow,0,
120,Manhattan,2024-10-16,4,green,0,
120,Manhattan,2024-10-16,4,hvfhv,1,14.3
120,Manhattan,2024-10-16,4,other_fhv,0,
120,Manhattan,2024-10-16,5,yellow,0,
120,Manhattan,2024-10-16,5,green,0,
120,Manhattan,2024-10-16,5,hvfhv,2,23.78
120,Manhattan,2024-10-16,5,other_fhv,0,
120,Manhattan,2024-10-16,6,yellow,0,
120,Manhattan,2024-10-16,6,green,0,
120,Manhattan,2024-10-16,6,hvfhv,2,8.8
120,Manhattan,2024-10-16,6,other_fhv,0,
120,Manhattan,2024-10-16,7,yellow,0,
120,Manhattan,2024-10-16,7,green,0,
120,Manhattan,2024-10-16,7,hvfhv,3,55.8
120,Manhattan,2024-10-16,7,other_fhv,0,
120,Manhattan,2024-10-16,8,yellow,0,
120,Manhattan,2024-10-16,8,green,0,
120,Manhattan,2024-10-16,8,hvfhv,7,18.69
120,Manhattan,2024-10-16,8,other_fhv,0,
120,Manhattan,2024-10-16,9,yellow,0,
120,Manhattan,2024-10-16,9,green,0,
120,Manhattan,2024-10-16,9,hvfhv,3,49.1
120,Manhattan,2024-10-16,9,other_fhv,0,
120,Manhattan,2024-10-16,10,yellow,0,
120,Manhattan,2024-10-16,10,green,0,
120,Manhattan,2024-10-16,10,hvfhv,4,35.44
120,Manhattan,2024-10-16,10,other_fhv,0,
120,Manhattan,2024-10-16,11,yellow,0,
120,Manhattan,2024-10-16,11,green,0,
120,Manhattan,2024-10-16,11,hvfhv,4,16.39
120,Manhattan,2024-10-16,11,other_fhv,0,
120,Manhattan,2024-10-16,12,yellow,0,
120,Manhattan,2024-10-16,12,green,0,
120,Manhattan,2024-10-16,12,hvfhv,9,19.7
120,Manhattan,2024-10-16,12,other_fhv,0,
120,Manhattan,2024-10-16,13,yellow,0,
120,Manhattan,2024-10-16,13,green,0,
120,Manhattan,2024-10-16,13,hvfhv,4,30.28
120,Manhattan,2024-10-16,13,other_fhv,0,
120,Manhattan,2024-10-16,14,yellow,2,15.86
120,Manhattan,2024-10-16,14,green,0,
120,Manhattan,2024-10-16,14,hvfhv,8,25.99
120,Manhattan,2024-10-16,14,other_fhv,0,
120,Manhattan,2024-10-16,15,yellow,0,
120,Manhattan,2024-10-16,15,green,0,
120,Manhattan,2024-10-16,15,hvfhv,4,27.01
120,Manhattan,2024-10-16,15,other_fhv,0,
120,Manhattan,2024-10-16,16,yellow,0,
120,Manhattan,2024-10-16,16,green,0,
120,Manhattan,2024-10-16,16,hvfhv,2,20.58
120,Manhattan,2024-10-16,16,other_fhv,0,
120,Manhattan,2024-10-16,17,yellow,0,
120,Manhattan,2024-10-16,17,green,0,
120,Manhattan,2024-10-16,17,hvfhv,0,
120,Manhattan,2024-10-16,17,other_fhv,0,
120,Manhattan,2024-10-16,18,yellow,0,
120,Manhattan,2024-10-16,18,green,0,
120,Manhattan,2024-10-16,18,hvfhv,3,12.64
120,Manhattan,2024-10-16,18,other_fhv,1,
120,Manhattan,2024-10-16,19,yellow,0,
120,Manhattan,2024-10-16,19,green,0,
120,Manhattan,2024-10-16,19,hvfhv,5,15.89
120,Manhattan,2024-10-16,19,other_fhv,0,
120,Manhattan,2024-10-16,20,yellow,0,
120,Manhattan,2024-10-16,20,green,0,
120,Manhattan,2024-10-16,20,hvfhv,2,16.9
120,Manhattan,2024-10-16,20,other_fhv,0,
120,Manhattan,2024-10-16,21,yellow,0,
120,Manhattan,2024-10-16,21,green,0,
120,Manhattan,2024-10-16,21,hvfhv,0,
120,Manhattan,2024-10-16,21,other_fhv,0,
120,Manhattan,2024-10-16,22,yellow,0,
120,Manhattan,2024-10-16,22,green,0,
120,Manhattan,2024-10-16,22,hvfhv,4,14.28
120,Manhattan,2024-10-16,22,other_fhv,0,
120,Manhattan,2024-10-16,23,yellow,0,
120,Manhattan,2024-10-16,23,green,0,
120,Manhattan,2024-10-16,23,hvfhv,4,18.03
120,Manhattan,2024-10-16,23,other_fhv,0,
121,Queens,2024-10-16,0,yellow,0,
121,Queens,2024-10-16,0,green,0,
121,Queens,2024-10-16,0,hvfhv,35,19.75
121,Queens,2024-10-16,0,other_fhv,0,
121,Queens,2024-10-16,1,yellow,0,
121,Queens,2024-10-16,1,green,0,
121,Queens,2024-10-16,1,hvfhv,15,14.32
121,Queens,2024-10-16,1,other_fhv,0,
121,Queens,2024-10-16,2,yellow,0,
121,Queens,2024-10-16,2,green,0,
121,Queens,2024-10-16,2,hvfhv,14,15.62
121,Queens,2024-10-16,2,other_fhv,0,
121,Queens,2024-10-16,3,yellow,0,
121,Queens,2024-10-16,3,green,0,
121,Queens,2024-10-16,3,hvfhv,10,25.45
121,Queens,2024-10-16,3,other_fhv,0,
121,Queens,2024-10-16,4,yellow,0,
121,Queens,2024-10-16,4,green,0,
121,Queens,2024-10-16,4,hvfhv,23,21.08
121,Queens,2024-10-16,4,other_fhv,0,
121,Queens,2024-10-16,5,yellow,0,
121,Queens,2024-10-16,5,green,0,
121,Queens,2024-10-16,5,hvfhv,24,18.66
121,Queens,2024-10-16,5,other_fhv,0,
121,Queens,2024-10-16,6,yellow,1,16.3
121,Queens,2024-10-16,6,green,0,
121,Queens,2024-10-16,6,hvfhv,72,25.93
121,Queens,2024-10-16,6,other_fhv,0,
121,Queens,2024-10-16,7,yellow,4,33.72
121,Queens,2024-10-16,7,green,0,
121,Queens,2024-10-16,7,hvfhv,110,23.47
121,Queens,2024-10-16,7,other_fhv,2,
121,Queens,2024-10-16,8,yellow,0,
121,Queens,2024-10-16,8,green,0,
121,Queens,2024-10-16,8,hvfhv,109,19.17
121,Queens,2024-10-16,8,other_fhv,0,
121,Queens,2024-10-16,9,yellow,0,
121,Queens,2024-10-16,9,green,0,
121,Queens,2024-10-16,9,hvfhv,83,22.6
121,Queens,2024-10-16,9,other_fhv,0,
121,Queens,2024-10-16,10,yellow,0,
121,Queens,2024-10-16,10,green,0,
121,Queens,2024-10-16,10,hvfhv,68,21.38
121,Queens,2024-10-16,10,other_fhv,2,
121,Queens,2024-10-16,11,yellow,0,
121,Queens,2024-10-16,11,green,0,
121,Queens,2024-10-16,11,hvfhv,76,21.88
121,Queens,2024-10-16,11,other_fhv,1,
121,Queens,2024-10-16,12,yellow,1,33.09
121,Queens,2024-10-16,12,green,0,
121,Queens,2024-10-16,12,hvfhv,65,17.92
121,Queens,2024-10-16,12,other_fhv,2,
121,Queens,2024-10-16,13,yellow,0,
121,Queens,2024-10-16,13,green,0,
121,Queens,2024-10-16,13,hvfhv,74,22.31
121,Queens,2024-10-16,13,other_fhv,4,
121,Queens,2024-10-16,14,yellow,0,
121,Queens,2024-10-16,14,green,0,
121,Queens,2024-10-16,14,hvfhv,100,21.0
121,Queens,2024-10-16,14,other_fhv,4,
121,Queens,2024-10-16,15,yellow,2,33.0
121,Queens,2024-10-16,15,green,1,25.4
121,Queens,2024-10-16,15,hvfhv,79,24.03
121,Queens,2024-10-16,15,other_fhv,1,
121,Queens,2024-10-16,16,yellow,1,46.5
121,Queens,2024-10-16,16,green,0,
121,Queens,2024-10-16,16,hvfhv,104,24.92
121,Queens,2024-10-16,16,other_fhv,2,
121,Queens,2024-10-16,17,yellow,0,
121,Queens,2024-10-16,17,green,0,
121,Queens,2024-10-16,17,hvfhv,106,22.99
121,Queens,2024-10-16,17,other_fhv,0,
121,Queens,2024-10-16,18,yellow,1,14.2
121,Queens,2024-10-16,18,green,1,13.5
121,Queens,2024-10-16,18,hvfhv,86,20.82
121,Queens,2024-10-16,18,other_fhv,2,
121,Queens,2024-10-16,19,yellow,0,
121,Queens,2024-10-16,19,green,0,
121,Queens,2024-10-16,19,hvfhv,71,28.95
121,Queens,2024-10-16,19,other_fhv,1,
121,Queens,2024-10-16,20,yellow,0,
121,Queens,2024-10-16,20,green,0,
121,Queens,2024-10-16,20,hvfhv,49,21.17
121,Queens,2024-10-16,20,other_fhv,1,
121,Queens,2024-10-16,21,yellow,0,
121,Queens,2024-10-16,21,green,0,
121,Queens,2024-10-16,21,hvfhv,44,20.21
121,Queens,2024-10-16,21,other_fhv,0,
121,Queens,2024-10-16,22,yellow,0,
121,Queens,2024-10-16,22,green,0,
121,Queens,2024-10-16,22,hvfhv,46,17.14
121,Queens,2024-10-16,22,other_fhv,2,
121,Queens,2024-10-16,23,yellow,0,
121,Queens,2024-10-16,23,green,0,
121,Queens,2024-10-16,23,hvfhv,41,20.71
121,Queens,2024-10-16,23,other_fhv,0,
122,Queens,2024-10-16,0,yellow,0,
122,Queens,2024-10-16,0,green,0,
122,Queens,2024-10-16,0,hvfhv,14,22.52
122,Queens,2024-10-16,0,other_fhv,0,
122,Queens,2024-10-16,1,yellow,0,
122,Queens,2024-10-16,1,green,0,
122,Queens,2024-10-16,1,hvfhv,8,18.82
122,Queens,2024-10-16,1,other_fhv,0,
122,Queens,2024-10-16,2,yellow,0,
122,Queens,2024-10-16,2,green,0,
122,Queens,2024-10-16,2,hvfhv,8,21.37
122,Queens,2024-10-16,2,other_fhv,0,
122,Queens,2024-10-16,3,yellow,0,
122,Queens,2024-10-16,3,green,0,
122,Queens,2024-10-16,3,hvfhv,10,18.22
122,Queens,2024-10-16,3,other_fhv,0,
122,Queens,2024-10-16,4,yellow,0,
122,Queens,2024-10-16,4,green,0,
122,Queens,2024-10-16,4,hvfhv,13,25.3
122,Queens,2024-10-16,4,other_fhv,0,
122,Queens,2024-10-16,5,yellow,1,18.14
122,Queens,2024-10-16,5,green,0,
122,Queens,2024-10-16,5,hvfhv,19,18.47
122,Queens,2024-10-16,5,other_fhv,0,
122,Queens,2024-10-16,6,yellow,0,
122,Queens,2024-10-16,6,green,0,
122,Queens,2024-10-16,6,hvfhv,28,32.34
122,Queens,2024-10-16,6,other_fhv,1,
122,Queens,2024-10-16,7,yellow,1,63.32
122,Queens,2024-10-16,7,green,0,
122,Queens,2024-10-16,7,hvfhv,66,20.17
122,Queens,2024-10-16,7,other_fhv,0,
122,Queens,2024-10-16,8,yellow,0,
122,Queens,2024-10-16,8,green,0,
122,Queens,2024-10-16,8,hvfhv,77,21.92
122,Queens,2024-10-16,8,other_fhv,0,
122,Queens,2024-10-16,9,yellow,1,37.91
122,Queens,2024-10-16,9,green,0,
122,Queens,2024-10-16,9,hvfhv,45,19.47
122,Queens,2024-10-16,9,other_fhv,2,
122,Queens,2024-10-16,10,yellow,0,
122,Queens,2024-10-16,10,green,0,
122,Queens,2024-10-16,10,hvfhv,37,22.76
122,Queens,2024-10-16,10,other_fhv,1,
122,Queens,2024-10-16,11,yellow,0,
122,Queens,2024-10-16,11,green,0,
122,Queens,2024-10-16,11,hvfhv,31,23.93
122,Queens,2024-10-16,11,other_fhv,2,
122,Queens,2024-10-16,12,yellow,1,47.5
122,Queens,2024-10-16,12,green,0,
122,Queens,2024-10-16,12,hvfhv,43,20.69
122,Queens,2024-10-16,12,other_fhv,0,
122,Queens,2024-10-16,13,yellow,0,
122,Queens,2024-10-16,13,green,0,
122,Queens,2024-10-16,13,hvfhv,37,19.43
122,Queens,2024-10-16,13,other_fhv,1,
122,Queens,2024-10-16,14,yellow,0,
122,Queens,2024-10-16,14,green,0,
122,Queens,2024-10-16,14,hvfhv,48,19.68
122,Queens,2024-10-16,14,other_fhv,0,
122,Queens,2024-10-16,15,yellow,0,
122,Queens,2024-10-16,15,green,0,
122,Queens,2024-10-16,15,hvfhv,32,20.84
122,Queens,2024-10-16,15,other_fhv,0,
122,Queens,2024-10-16,16,yellow,0,
122,Queens,2024-10-16,16,green,0,
122,Queens,2024-10-16,16,hvfhv,42,19.11
122,Queens,2024-10-16,16,other_fhv,0,
122,Queens,2024-10-16,17,yellow,0,
122,Queens,2024-10-16,17,green,0,
122,Queens,2024-10-16,17,hvfhv,39,16.48
122,Queens,2024-10-16,17,other_fhv,0,
122,Queens,2024-10-16,18,yellow,0,
122,Queens,2024-10-16,18,green,0,
122,Queens,2024-10-16,18,hvfhv,35,17.58
122,Queens,2024-10-16,18,other_fhv,0,
122,Queens,2024-10-16,19,yellow,0,
122,Queens,2024-10-16,19,green,0,
122,Queens,2024-10-16,19,hvfhv,27,18.34
122,Queens,2024-10-16,19,other_fhv,0,
122,Queens,2024-10-16,20,yellow,0,
122,Queens,2024-10-16,20,green,0,
122,Queens,2024-10-16,20,hvfhv,20,17.51
122,Queens,2024-10-16,20,other_fhv,0,
122,Queens,2024-10-16,21,yellow,0,
122,Queens,2024-10-16,21,green,1,21.2
122,Queens,2024-10-16,21,hvfhv,15,12.07
122,Queens,2024-10-16,21,other_fhv,0,
122,Queens,2024-10-16,22,yellow,0,
122,Queens,2024-10-16,22,green,0,
122,Queens,2024-10-16,22,hvfhv,37,18.78
122,Queens,2024-10-16,22,other_fhv,0,
122,Queens,2024-10-16,23,yellow,0,
122,Queens,2024-10-16,23,green,0,
122,Queens,2024-10-16,23,hvfhv,9,25.34
122,Queens,2024-10-16,23,other_fhv,1,
123,Brooklyn,2024-10-16,0,yellow,0,
123,Brooklyn,2024-10-16,0,green,0,
123,Brooklyn,2024-10-16,0,hvfhv,38,14.56
123,Brooklyn,2024-10-16,0,other_fhv,2,
123,Brooklyn,2024-10-16,1,yellow,0,
123,Brooklyn,2024-10-16,1,green,0,
123,Brooklyn,2024-10-16,1,hvfhv,21,15.84
123,Brooklyn,2024-10-16,1,other_fhv,0,
123,Brooklyn,2024-10-16,2,yellow,0,
123,Brooklyn,2024-10-16,2,green,0,
123,Brooklyn,2024-10-16,2,hvfhv,8,20.23
123,Brooklyn,2024-10-16,2,other_fhv,0,
123,Brooklyn,2024-10-16,3,yellow,0,
123,Brooklyn,2024-10-16,3,green,0,
123,Brooklyn,2024-10-16,3,hvfhv,12,31.02
123,Brooklyn,2024-10-16,3,other_fhv,2,
123,Brooklyn,2024-10-16,4,yellow,1,7.29
123,Brooklyn,2024-10-16,4,green,0,
123,Brooklyn,2024-10-16,4,hvfhv,23,31.28
123,Brooklyn,2024-10-16,4,other_fhv,0,
123,Brooklyn,2024-10-16,5,yellow,0,
123,Brooklyn,2024-10-16,5,green,0,
123,Brooklyn,2024-10-16,5,hvfhv,31,27.91
123,Brooklyn,2024-10-16,5,other_fhv,0,
123,Brooklyn,2024-10-16,6,yellow,0,
123,Brooklyn,2024-10-16,6,green,0,
123,Brooklyn,2024-10-16,6,hvfhv,44,25.46
123,Brooklyn,2024-10-16,6,other_fhv,4,
123,Brooklyn,2024-10-16,7,yellow,0,
123,Brooklyn,2024-10-16,7,green,0,
123,Brooklyn,2024-10-16,7,hvfhv,103,20.09
123,Brooklyn,2024-10-16,7,other_fhv,4,
123,Brooklyn,2024-10-16,8,yellow,0,
123,Brooklyn,2024-10-16,8,green,0,
123,Brooklyn,2024-10-16,8,hvfhv,111,17.77
123,Brooklyn,2024-10-16,8,other_fhv,7,
123,Brooklyn,2024-10-16,9,yellow,0,
123,Brooklyn,2024-10-16,9,green,0,
123,Brooklyn,2024-10-16,9,hvfhv,125,19.13
123,Brooklyn,2024-10-16,9,other_fhv,14,
123,Brooklyn,2024-10-16,10,yellow,1,55.5
123,Brooklyn,2024-10-16,10,green,0,
123,Brooklyn,2024-10-16,10,hvfhv,125,19.96
123,Brooklyn,2024-10-16,10,other_fhv,10,
123,Brooklyn,2024-10-16,11,yellow,1,37.28
123,Brooklyn,2024-10-16,11,green,0,
123,Brooklyn,2024-10-16,11,hvfhv,105,21.46
123,Brooklyn,2024-10-16,11,other_fhv,14,
123,Brooklyn,2024-10-16,12,yellow,1,20.5
123,Brooklyn,2024-10-16,12,green,0,
123,Brooklyn,2024-10-16,12,hvfhv,101,23.5
123,Brooklyn,2024-10-16,12,other_fhv,12,
123,Brooklyn,2024-10-16,13,yellow,1,26.5
123,Brooklyn,2024-10-16,13,green,0,
123,Brooklyn,2024-10-16,13,hvfhv,101,19.34
123,Brooklyn,2024-10-16,13,other_fhv,15,
123,Brooklyn,2024-10-16,14,yellow,0,
123,Brooklyn,2024-10-16,14,green,0,
123,Brooklyn,2024-10-16,14,hvfhv,130,19.32
123,Brooklyn,2024-10-16,14,other_fhv,14,
123,Brooklyn,2024-10-16,15,yellow,1,36.5
123,Brooklyn,2024-10-16,15,green,0,
123,Brooklyn,2024-10-16,15,hvfhv,116,20.72
123,Brooklyn,2024-10-16,15,other_fhv,12,
123,Brooklyn,2024-10-16,16,yellow,0,
123,Brooklyn,2024-10-16,16,green,0,
123,Brooklyn,2024-10-16,16,hvfhv,105,18.72
123,Brooklyn,2024-10-16,16,other_fhv,9,
123,Brooklyn,2024-10-16,17,yellow,0,
123,Brooklyn,2024-10-16,17,green,0,
123,Brooklyn,2024-10-16,17,hvfhv,217,16.35
123,Brooklyn,2024-10-16,17,other_fhv,4,
123,Brooklyn,2024-10-16,18,yellow,0,
123,Brooklyn,2024-10-16,18,green,0,
123,Brooklyn,2024-10-16,18,hvfhv,117,16.11
123,Brooklyn,2024-10-16,18,other_fhv,4,
123,Brooklyn,2024-10-16,19,yellow,0,
123,Brooklyn,2024-10-16,19,green,0,
123,Brooklyn,2024-10-16,19,hvfhv,71,17.22
123,Brooklyn,2024-10-16,19,other_fhv,4,
123,Brooklyn,2024-10-16,20,yellow,0,
123,Brooklyn,2024-10-16,20,green,0,
123,Brooklyn,2024-10-16,20,hvfhv,49,14.43
123,Brooklyn,2024-10-16,20,other_fhv,5,
123,Brooklyn,2024-10-16,21,yellow,0,
123,Brooklyn,2024-10-16,21,green,0,
123,Brooklyn,2024-10-16,21,hvfhv,40,17.55
123,Brooklyn,2024-10-16,21,other_fhv,2,
123,Brooklyn,2024-10-16,22,yellow,0,
123,Brooklyn,2024-10-16,22,green,0,
123,Brooklyn,2024-10-16,22,hvfhv,47,17.34
123,Brooklyn,2024-10-16,22,other_fhv,1,
123,Brooklyn,2024-10-16,23,yellow,0,
123,Brooklyn,2024-10-16,23,green,0,
123,Brooklyn,2024-10-16,23,hvfhv,40,16.08
123,Brooklyn,2024-10-16,23,other_fhv,4,
124,Queens,2024-10-16,0,yellow,0,
124,Queens,2024-10-16,0,green,0,
124,Queens,2024-10-16,0,hvfhv,20,24.66
124,Queens,2024-10-16,0,other_fhv,0,
124,Queens,2024-10-16,1,yellow,1,31.65
124,Queens,2024-10-16,1,green,0,
124,Queens,2024-10-16,1,hvfhv,9,17.5
124,Queens,2024-10-16,1,other_fhv,0,
124,Queens,2024-10-16,2,yellow,0,
124,Queens,2024-10-16,2,green,0,
124,Queens,2024-10-16,2,hvfhv,3,17.28
124,Queens,2024-10-16,2,other_fhv,0,
124,Queens,2024-10-16,3,yellow,0,
124,Queens,2024-10-16,3,green,0,
124,Queens,2024-10-16,3,hvfhv,7,23.23
124,Queens,2024-10-16,3,other_fhv,0,
124,Queens,2024-10-16,4,yellow,0,
124,Queens,2024-10-16,4,green,0,
124,Queens,2024-10-16,4,hvfhv,21,21.01
124,Queens,2024-10-16,4,other_fhv,0,
124,Queens,2024-10-16,5,yellow,0,
124,Queens,2024-10-16,5,green,0,
124,Queens,2024-10-16,5,hvfhv,22,27.93
124,Queens,2024-10-16,5,other_fhv,2,
124,Queens,2024-10-16,6,yellow,0,
124,Queens,2024-10-16,6,green,0,
124,Queens,2024-10-16,6,hvfhv,48,26.32
124,Queens,2024-10-16,6,other_fhv,1,
124,Queens,2024-10-16,7,yellow,1,41.96
124,Queens,2024-10-16,7,green,0,
124,Queens,2024-10-16,7,hvfhv,62,22.16
124,Queens,2024-10-16,7,other_fhv,1,
124,Queens,2024-10-16,8,yellow,1,10.73
124,Queens,2024-10-16,8,green,0,
124,Queens,2024-10-16,8,hvfhv,79,22.42
124,Queens,2024-10-16,8,other_fhv,0,
124,Queens,2024-10-16,9,yellow,0,
124,Queens,2024-10-16,9,green,0,
124,Queens,2024-10-16,9,hvfhv,50,19.83
124,Queens,2024-10-16,9,other_fhv,1,
124,Queens,2024-10-16,10,yellow,0,
124,Queens,2024-10-16,10,green,0,
124,Queens,2024-10-16,10,hvfhv,53,20.5
124,Queens,2024-10-16,10,other_fhv,0,
124,Queens,2024-10-16,11,yellow,0,
124,Queens,2024-10-16,11,green,0,
124,Queens,2024-10-16,11,hvfhv,45,23.55
124,Queens,2024-10-16,11,other_fhv,0,
124,Queens,2024-10-16,12,yellow,0,
124,Queens,2024-10-16,12,green,0,
124,Queens,2024-10-16,12,hvfhv,29,21.84
124,Queens,2024-10-16,12,other_fhv,0,
124,Queens,2024-10-16,13,yellow,0,
124,Queens,2024-10-16,13,green,0,
124,Queens,2024-10-16,13,hvfhv,32,24.0
124,Queens,2024-10-16,13,other_fhv,1,
124,Queens,2024-10-16,14,yellow,0,
124,Queens,2024-10-16,14,green,0,
124,Queens,2024-10-16,14,hvfhv,57,17.37
124,Queens,2024-10-16,14,other_fhv,1,
124,Queens,2024-10-16,15,yellow,1,7.97
124,Queens,2024-10-16,15,green,0,
124,Queens,2024-10-16,15,hvfhv,55,16.46
124,Queens,2024-10-16,15,other_fhv,0,
124,Queens,2024-10-16,16,yellow,1,18.5
124,Queens,2024-10-16,16,green,0,
124,Queens,2024-10-16,16,hvfhv,44,18.2
124,Queens,2024-10-16,16,other_fhv,0,
124,Queens,2024-10-16,17,yellow,1,88.0
124,Queens,2024-10-16,17,green,0,
124,Queens,2024-10-16,17,hvfhv,55,21.03
124,Queens,2024-10-16,17,other_fhv,0,
124,Queens,2024-10-16,18,yellow,1,87.0
124,Queens,2024-10-16,18,green,0,
124,Queens,2024-10-16,18,hvfhv,52,20.58
124,Queens,2024-10-16,18,other_fhv,1,
124,Queens,2024-10-16,19,yellow,1,85.0
124,Queens,2024-10-16,19,green,0,
124,Queens,2024-10-16,19,hvfhv,38,23.04
124,Queens,2024-10-16,19,other_fhv,0,
124,Queens,2024-10-16,20,yellow,0,
124,Queens,2024-10-16,20,green,0,
124,Queens,2024-10-16,20,hvfhv,40,19.43
124,Queens,2024-10-16,20,other_fhv,0,
124,Queens,2024-10-16,21,yellow,0,
124,Queens,2024-10-16,21,green,0,
124,Queens,2024-10-16,21,hvfhv,24,18.3
124,Queens,2024-10-16,21,other_fhv,0,
124,Queens,2024-10-16,22,yellow,0,
124,Queens,2024-10-16,22,green,0,
124,Queens,2024-10-16,22,hvfhv,34,40.41
124,Queens,2024-10-16,22,other_fhv,1,
124,Queens,2024-10-16,23,yellow,0,
124,Queens,2024-10-16,23,green,0,
124,Queens,2024-10-16,23,hvfhv,28,22.26
124,Queens,2024-10-16,23,other_fhv,0,
125,Manhattan,2024-10-16,0,yellow,10,17.47
125,Manhattan,2024-10-16,0,green,0,
125,Manhattan,2024-10-16,0,hvfhv,45,31.49
125,Manhattan,2024-10-16,0,other_fhv,0,
125,Manhattan,2024-10-16,1,yellow,2,8.98
125,Manhattan,2024-10-16,1,green,0,
125,Manhattan,2024-10-16,1,hvfhv,7,38.34
125,Manhattan,2024-10-16,1,other_fhv,0,
125,Manhattan,2024-10-16,2,yellow,5,10.3
125,Manhattan,2024-10-16,2,green,0,
125,Manhattan,2024-10-16,2,hvfhv,25,25.56
125,Manhattan,2024-10-16,2,other_fhv,0,
125,Manhattan,2024-10-16,3,yellow,0,
125,Manhattan,2024-10-16,3,green,0,
125,Manhattan,2024-10-16,3,hvfhv,35,35.16
125,Manhattan,2024-10-16,3,other_fhv,0,
125,Manhattan,2024-10-16,4,yellow,0,
125,Manhattan,2024-10-16,4,green,0,
125,Manhattan,2024-10-16,4,hvfhv,8,58.47
125,Manhattan,2024-10-16,4,other_fhv,0,
125,Manhattan,2024-10-16,5,yellow,4,19.17
125,Manhattan,2024-10-16,5,green,0,
125,Manhattan,2024-10-16,5,hvfhv,20,44.63
125,Manhattan,2024-10-16,5,other_fhv,0,
125,Manhattan,2024-10-16,6,yellow,10,20.24
125,Manhattan,2024-10-16,6,green,0,
125,Manhattan,2024-10-16,6,hvfhv,44,40.47
125,Manhattan,2024-10-16,6,other_fhv,1,
125,Manhattan,2024-10-16,7,yellow,36,14.1
125,Manhattan,2024-10-16,7,green,0,
125,Manhattan,2024-10-16,7,hvfhv,83,42.72
125,Manhattan,2024-10-16,7,other_fhv,0,
125,Manhattan,2024-10-16,8,yellow,34,16.59
125,Manhattan,2024-10-16,8,green,0,
125,Manhattan,2024-10-16,8,hvfhv,106,34.19
125,Manhattan,2024-10-16,8,other_fhv,2,
125,Manhattan,2024-10-16,9,yellow,32,19.58
125,Manhattan,2024-10-16,9,green,0,
125,Manhattan,2024-10-16,9,hvfhv,119,27.98
125,Manhattan,2024-10-16,9,other_fhv,0,
125,Manhattan,2024-10-16,10,yellow,29,19.87
125,Manhattan,2024-10-16,10,green,0,
125,Manhattan,2024-10-16,10,hvfhv,86,34.06
125,Manhattan,2024-10-16,10,other_fhv,1,
125,Manhattan,2024-10-16,11,yellow,20,20.05
125,Manhattan,2024-10-16,11,green,0,
125,Manhattan,2024-10-16,11,hvfhv,108,34.87
125,Manhattan,2024-10-16,11,other_fhv,0,
125,Manhattan,2024-10-16,12,yellow,36,14.99
125,Manhattan,2024-10-16,12,green,0,
125,Manhattan,2024-10-16,12,hvfhv,104,38.41
125,Manhattan,2024-10-16,12,other_fhv,0,
125,Manhattan,2024-10-16,13,yellow,34,19.72
125,Manhattan,2024-10-16,13,green,0,
125,Manhattan,2024-10-16,13,hvfhv,129,41.97
125,Manhattan,2024-10-16,13,other_fhv,0,
125,Manhattan,2024-10-16,14,yellow,23,25.09
125,Manhattan,2024-10-16,14,green,0,
125,Manhattan,2024-10-16,14,hvfhv,116,36.71
125,Manhattan,2024-10-16,14,other_fhv,1,
125,Manhattan,2024-10-16,15,yellow,31,23.02
125,Manhattan,2024-10-16,15,green,0,
125,Manhattan,2024-10-16,15,hvfhv,119,46.16
125,Manhattan,2024-10-16,15,other_fhv,1,
125,Manhattan,2024-10-16,16,yellow,26,15.85
125,Manhattan,2024-10-16,16,green,0,
125,Manhattan,2024-10-16,16,hvfhv,148,45.8
125,Manhattan,2024-10-16,16,other_fhv,3,
125,Manhattan,2024-10-16,17,yellow,35,21.67
125,Manhattan,2024-10-16,17,green,0,
125,Manhattan,2024-10-16,17,hvfhv,164,36.84
125,Manhattan,2024-10-16,17,other_fhv,0,
125,Manhattan,2024-10-16,18,yellow,46,17.72
125,Manhattan,2024-10-16,18,green,0,
125,Manhattan,2024-10-16,18,hvfhv,167,38.0
125,Manhattan,2024-10-16,18,other_fhv,1,
125,Manhattan,2024-10-16,19,yellow,35,16.16
125,Manhattan,2024-10-16,19,green,0,
125,Manhattan,2024-10-16,19,hvfhv,173,32.87
125,Manhattan,2024-10-16,19,other_fhv,1,
125,Manhattan,2024-10-16,20,yellow,44,15.93
125,Manhattan,2024-10-16,20,green,0,
125,Manhattan,2024-10-16,20,hvfhv,177,35.08
125,Manhattan,2024-10-16,20,other_fhv,2,
125,Manhattan,2024-10-16,21,yellow,66,15.51
125,Manhattan,2024-10-16,21,green,0,
125,Manhattan,2024-10-16,21,hvfhv,162,33.43
125,Manhattan,2024-10-16,21,other_fhv,3,
125,Manhattan,2024-10-16,22,yellow,60,16.96
125,Manhattan,2024-10-16,22,green,0,
125,Manhattan,2024-10-16,22,hvfhv,149,34.04
125,Manhattan,2024-10-16,22,other_fhv,14,
125,Manhattan,2024-10-16,23,yellow,31,16.19
125,Manhattan,2024-10-16,23,green,0,
125,Manhattan,2024-10-16,23,hvfhv,105,29.31
125,Manhattan,2024-10-16,23,other_fhv,1,
126,Bronx,2024-10-16,0,yellow,0,
126,Bronx,2024-10-16,0,green,0,
126,Bronx,2024-10-16,0,hvfhv,51,13.51
126,Bronx,2024-10-16,0,other_fhv,0,
126,Bronx,2024-10-16,1,yellow,0,
126,Bronx,2024-10-16,1,green,0,
126,Bronx,2024-10-16,1,hvfhv,36,15.46
126,Bronx,2024-10-16,1,other_fhv,0,
126,Bronx,2024-10-16,2,yellow,1,7.2
126,Bronx,2024-10-16,2,green,0,
126,Bronx,2024-10-16,2,hvfhv,21,16.61
126,Bronx,2024-10-16,2,other_fhv,0,
126,Bronx,2024-10-16,3,yellow,0,
126,Bronx,2024-10-16,3,green,0,
126,Bronx,2024-10-16,3,hvfhv,19,17.99
126,Bronx,2024-10-16,3,other_fhv,0,
126,Bronx,2024-10-16,4,yellow,0,
126,Bronx,2024-10-16,4,green,0,
126,Bronx,2024-10-16,4,hvfhv,34,21.84
126,Bronx,2024-10-16,4,other_fhv,1,
126,Bronx,2024-10-16,5,yellow,1,41.5
126,Bronx,2024-10-16,5,green,0,
126,Bronx,2024-10-16,5,hvfhv,50,20.82
126,Bronx,2024-10-16,5,other_fhv,0,
126,Bronx,2024-10-16,6,yellow,0,
126,Bronx,2024-10-16,6,green,0,
126,Bronx,2024-10-16,6,hvfhv,65,23.76
126,Bronx,2024-10-16,6,other_fhv,0,
126,Bronx,2024-10-16,7,yellow,1,28.5
126,Bronx,2024-10-16,7,green,0,
126,Bronx,2024-10-16,7,hvfhv,122,21.34
126,Bronx,2024-10-16,7,other_fhv,0,
126,Bronx,2024-10-16,8,yellow,1,24.91
126,Bronx,2024-10-16,8,green,0,
126,Bronx,2024-10-16,8,hvfhv,154,19.74
126,Bronx,2024-10-16,8,other_fhv,0,
126,Bronx,2024-10-16,9,yellow,0,
126,Bronx,2024-10-16,9,green,0,
126,Bronx,2024-10-16,9,hvfhv,114,19.66
126,Bronx,2024-10-16,9,other_fhv,1,
126,Bronx,2024-10-16,10,yellow,1,23.5
126,Bronx,2024-10-16,10,green,0,
126,Bronx,2024-10-16,10,hvfhv,72,21.62
126,Bronx,2024-10-16,10,other_fhv,0,
126,Bronx,2024-10-16,11,yellow,1,34.5
126,Bronx,2024-10-16,11,green,0,
126,Bronx,2024-10-16,11,hvfhv,77,20.48
126,Bronx,2024-10-16,11,other_fhv,0,
126,Bronx,2024-10-16,12,yellow,0,
126,Bronx,2024-10-16,12,green,0,
126,Bronx,2024-10-16,12,hvfhv,74,22.74
126,Bronx,2024-10-16,12,other_fhv,1,
126,Bronx,2024-10-16,13,yellow,0,
126,Bronx,2024-10-16,13,green,0,
126,Bronx,2024-10-16,13,hvfhv,76,19.13
126,Bronx,2024-10-16,13,other_fhv,0,
126,Bronx,2024-10-16,14,yellow,0,
126,Bronx,2024-10-16,14,green,0,
126,Bronx,2024-10-16,14,hvfhv,96,22.78
126,Bronx,2024-10-16,14,other_fhv,1,
126,Bronx,2024-10-16,15,yellow,0,
126,Bronx,2024-10-16,15,green,0,
126,Bronx,2024-10-16,15,hvfhv,103,22.35
126,Bronx,2024-10-16,15,other_fhv,0,
126,Bronx,2024-10-16,16,yellow,0,
126,Bronx,2024-10-16,16,green,0,
126,Bronx,2024-10-16,16,hvfhv,109,21.15
126,Bronx,2024-10-16,16,other_fhv,1,
126,Bronx,2024-10-16,17,yellow,0,
126,Bronx,2024-10-16,17,green,0,
126,Bronx,2024-10-16,17,hvfhv,122,19.74
126,Bronx,2024-10-16,17,other_fhv,1,
126,Bronx,2024-10-16,18,yellow,0,
126,Bronx,2024-10-16,18,green,0,
126,Bronx,2024-10-16,18,hvfhv,103,18.79
126,Bronx,2024-10-16,18,other_fhv,0,
126,Bronx,2024-10-16,19,yellow,0,
126,Bronx,2024-10-16,19,green,0,
126,Bronx,2024-10-16,19,hvfhv,87,18.12
126,Bronx,2024-10-16,19,other_fhv,0,
126,Bronx,2024-10-16,20,yellow,0,
126,Bronx,2024-10-16,20,green,0,
126,Bronx,2024-10-16,20,hvfhv,83,16.08
126,Bronx,2024-10-16,20,other_fhv,0,
126,Bronx,2024-10-16,21,yellow,0,
126,Bronx,2024-10-16,21,green,0,
126,Bronx,2024-10-16,21,hvfhv,62,15.51
126,Bronx,2024-10-16,21,other_fhv,0,
126,Bronx,2024-10-16,22,yellow,0,
126,Bronx,2024-10-16,22,green,0,
126,Bronx,2024-10-16,22,hvfhv,55,15.59
126,Bronx,2024-10-16,22,other_fhv,0,
126,Bronx,2024-10-16,23,yellow,0,
126,Bronx,2024-10-16,23,green,0,
126,Bronx,2024-10-16,23,hvfhv,52,17.44
126,Bronx,2024-10-16,23,other_fhv,0,
127,Manhattan,2024-10-16,0,yellow,0,
127,Manhattan,2024-10-16,0,green,0,
127,Manhattan,2024-10-16,0,hvfhv,82,15.44
127,Manhattan,2024-10-16,0,other_fhv,1,
127,Manhattan,2024-10-16,1,yellow,0,
127,Manhattan,2024-10-16,1,green,0,
127,Manhattan,2024-10-16,1,hvfhv,64,16.34
127,Manhattan,2024-10-16,1,other_fhv,0,
127,Manhattan,2024-10-16,2,yellow,0,
127,Manhattan,2024-10-16,2,green,0,
127,Manhattan,2024-10-16,2,hvfhv,40,16.59
127,Manhattan,2024-10-16,2,other_fhv,0,
127,Manhattan,2024-10-16,3,yellow,0,
127,Manhattan,2024-10-16,3,green,0,
127,Manhattan,2024-10-16,3,hvfhv,26,20.48
127,Manhattan,2024-10-16,3,other_fhv,0,
127,Manhattan,2024-10-16,4,yellow,0,
127,Manhattan,2024-10-16,4,green,0,
127,Manhattan,2024-10-16,4,hvfhv,38,21.78
127,Manhattan,2024-10-16,4,other_fhv,0,
127,Manhattan,2024-10-16,5,yellow,0,
127,Manhattan,2024-10-16,5,green,0,
127,Manhattan,2024-10-16,5,hvfhv,46,25.19
127,Manhattan,2024-10-16,5,other_fhv,0,
127,Manhattan,2024-10-16,6,yellow,0,
127,Manhattan,2024-10-16,6,green,0,
127,Manhattan,2024-10-16,6,hvfhv,72,26.67
127,Manhattan,2024-10-16,6,other_fhv,0,
127,Manhattan,2024-10-16,7,yellow,0,
127,Manhattan,2024-10-16,7,green,0,
127,Manhattan,2024-10-16,7,hvfhv,151,23.49
127,Manhattan,2024-10-16,7,other_fhv,1,
127,Manhattan,2024-10-16,8,yellow,1,22.49
127,Manhattan,2024-10-16,8,green,0,
127,Manhattan,2024-10-16,8,hvfhv,156,21.84
127,Manhattan,2024-10-16,8,other_fhv,0,
127,Manhattan,2024-10-16,9,yellow,1,30.5
127,Manhattan,2024-10-16,9,green,0,
127,Manhattan,2024-10-16,9,hvfhv,98,26.3
127,Manhattan,2024-10-16,9,other_fhv,1,
127,Manhattan,2024-10-16,10,yellow,2,29.0
127,Manhattan,2024-10-16,10,green,0,
127,Manhattan,2024-10-16,10,hvfhv,65,20.77
127,Manhattan,2024-10-16,10,other_fhv,0,
127,Manhattan,2024-10-16,11,yellow,1,26.5
127,Manhattan,2024-10-16,11,green,0,
127,Manhattan,2024-10-16,11,hvfhv,61,23.03
127,Manhattan,2024-10-16,11,other_fhv,0,
127,Manhattan,2024-10-16,12,yellow,0,
127,Manhattan,2024-10-16,12,green,0,
127,Manhattan,2024-10-16,12,hvfhv,61,21.7
127,Manhattan,2024-10-16,12,other_fhv,0,
127,Manhattan,2024-10-16,13,yellow,0,
127,Manhattan,2024-10-16,13,green,1,7.9
127,Manhattan,2024-10-16,13,hvfhv,49,22.62
127,Manhattan,2024-10-16,13,other_fhv,0,
127,Manhattan,2024-10-16,14,yellow,3,28.2
127,Manhattan,2024-10-16,14,green,0,
127,Manhattan,2024-10-16,14,hvfhv,93,22.14
127,Manhattan,2024-10-16,14,other_fhv,0,
127,Manhattan,2024-10-16,15,yellow,1,13.5
127,Manhattan,2024-10-16,15,green,0,
127,Manhattan,2024-10-16,15,hvfhv,111,20.43
127,Manhattan,2024-10-16,15,other_fhv,0,
127,Manhattan,2024-10-16,16,yellow,2,25.09
127,Manhattan,2024-10-16,16,green,0,
127,Manhattan,2024-10-16,16,hvfhv,83,21.08
127,Manhattan,2024-10-16,16,other_fhv,0,
127,Manhattan,2024-10-16,17,yellow,0,
127,Manhattan,2024-10-16,17,green,0,
127,Manhattan,2024-10-16,17,hvfhv,94,22.41
127,Manhattan,2024-10-16,17,other_fhv,0,
127,Manhattan,2024-10-16,18,yellow,0,
127,Manhattan,2024-10-16,18,green,0,
127,Manhattan,2024-10-16,18,hvfhv,103,19.46
127,Manhattan,2024-10-16,18,other_fhv,0,
127,Manhattan,2024-10-16,19,yellow,0,
127,Manhattan,2024-10-16,19,green,0,
127,Manhattan,2024-10-16,19,hvfhv,90,19.06
127,Manhattan,2024-10-16,19,other_fhv,0,
127,Manhattan,2024-10-16,20,yellow,1,37.5
127,Manhattan,2024-10-16,20,green,0,
127,Manhattan,2024-10-16,20,hvfhv,79,18.56
127,Manhattan,2024-10-16,20,other_fhv,0,
127,Manhattan,2024-10-16,21,yellow,1,60.73
127,Manhattan,2024-10-16,21,green,0,
127,Manhattan,2024-10-16,21,hvfhv,82,17.07
127,Manhattan,2024-10-16,21,other_fhv,1,
127,Manhattan,2024-10-16,22,yellow,0,
127,Manhattan,2024-10-16,22,green,0,
127,Manhattan,2024-10-16,22,hvfhv,86,18.3
127,Manhattan,2024-10-16,22,other_fhv,0,
127,Manhattan,2024-10-16,23,yellow,1,23.3
127,Manhattan,2024-10-16,23,green,0,
127,Manhattan,2024-10-16,23,hvfhv,92,14.47
127,Manhattan,2024-10-16,23,other_fhv,0,
128,Manhattan,2024-10-16,0,yellow,0,
128,Manhattan,2024-10-16,0,green,0,
128,Manhattan,2024-10-16,0,hvfhv,7,24.12
128,Manhattan,2024-10-16,0,other_fhv,0,
128,Manhattan,2024-10-16,1,yellow,0,
128,Manhattan,2024-10-16,1,green,0,
128,Manhattan,2024-10-16,1,hvfhv,7,13.93
128,Manhattan,2024-10-16,1,other_fhv,0,
128,Manhattan,2024-10-16,2,yellow,0,
128,Manhattan,2024-10-16,2,green,0,
128,Manhattan,2024-10-16,2,hvfhv,3,11.6
128,Manhattan,2024-10-16,2,other_fhv,0,
128,Manhattan,2024-10-16,3,yellow,0,
128,Manhattan,2024-10-16,3,green,0,
128,Manhattan,2024-10-16,3,hvfhv,4,20.05
128,Manhattan,2024-10-16,3,other_fhv,0,
128,Manhattan,2024-10-16,4,yellow,0,
128,Manhattan,2024-10-16,4,green,0,
128,Manhattan,2024-10-16,4,hvfhv,1,8.02
128,Manhattan,2024-10-16,4,other_fhv,0,
128,Manhattan,2024-10-16,5,yellow,0,
128,Manhattan,2024-10-16,5,green,0,
128,Manhattan,2024-10-16,5,hvfhv,2,9.24
128,Manhattan,2024-10-16,5,other_fhv,0,
128,Manhattan,2024-10-16,6,yellow,0,
128,Manhattan,2024-10-16,6,green,0,
128,Manhattan,2024-10-16,6,hvfhv,3,17.0
128,Manhattan,2024-10-16,6,other_fhv,0,
128,Manhattan,2024-10-16,7,yellow,0,
128,Manhattan,2024-10-16,7,green,0,
128,Manhattan,2024-10-16,7,hvfhv,12,24.51
128,Manhattan,2024-10-16,7,other_fhv,0,
128,Manhattan,2024-10-16,8,yellow,0,
128,Manhattan,2024-10-16,8,green,0,
128,Manhattan,2024-10-16,8,hvfhv,10,31.43
128,Manhattan,2024-10-16,8,other_fhv,0,
128,Manhattan,2024-10-16,9,yellow,0,
128,Manhattan,2024-10-16,9,green,0,
128,Manhattan,2024-10-16,9,hvfhv,3,14.78
128,Manhattan,2024-10-16,9,other_fhv,0,
128,Manhattan,2024-10-16,10,yellow,0,
128,Manhattan,2024-10-16,10,green,0,
128,Manhattan,2024-10-16,10,hvfhv,9,22.5
128,Manhattan,2024-10-16,10,other_fhv,0,
128,Manhattan,2024-10-16,11,yellow,1,49.2
128,Manhattan,2024-10-16,11,green,1,23.3
128,Manhattan,2024-10-16,11,hvfhv,3,72.5
128,Manhattan,2024-10-16,11,other_fhv,0,
128,Manhattan,2024-10-16,12,yellow,0,
128,Manhattan,2024-10-16,12,green,0,
128,Manhattan,2024-10-16,12,hvfhv,6,28.31
128,Manhattan,2024-10-16,12,other_fhv,0,
128,Manhattan,2024-10-16,13,yellow,1,35.2
128,Manhattan,2024-10-16,13,green,0,
128,Manhattan,2024-10-16,13,hvfhv,7,28.65
128,Manhattan,2024-10-16,13,other_fhv,0,
128,Manhattan,2024-10-16,14,yellow,0,
128,Manhattan,2024-10-16,14,green,0,
128,Manhattan,2024-10-16,14,hvfhv,9,27.17
128,Manhattan,2024-10-16,14,other_fhv,1,
128,Manhattan,2024-10-16,15,yellow,0,
128,Manhattan,2024-10-16,15,green,0,
128,Manhattan,2024-10-16,15,hvfhv,10,37.61
128,Manhattan,2024-10-16,15,other_fhv,0,
128,Manhattan,2024-10-16,16,yellow,1,20.5
128,Manhattan,2024-10-16,16,green,0,
128,Manhattan,2024-10-16,16,hvfhv,9,21.23
128,Manhattan,2024-10-16,16,other_fhv,0,
128,Manhattan,2024-10-16,17,yellow,0,
128,Manhattan,2024-10-16,17,green,0,
128,Manhattan,2024-10-16,17,hvfhv,12,32.69
128,Manhattan,2024-10-16,17,other_fhv,0,
128,Manhattan,2024-10-16,18,yellow,1,23.76
128,Manhattan,2024-10-16,18,green,0,
128,Manhattan,2024-10-16,18,hvfhv,16,22.49
128,Manhattan,2024-10-16,18,other_fhv,0,
128,Manhattan,2024-10-16,19,yellow,0,
128,Manhattan,2024-10-16,19,green,0,
128,Manhattan,2024-10-16,19,hvfhv,10,29.35
128,Manhattan,2024-10-16,19,other_fhv,1,
128,Manhattan,2024-10-16,20,yellow,0,
128,Manhattan,2024-10-16,20,green,0,
128,Manhattan,2024-10-16,20,hvfhv,18,25.67
128,Manhattan,2024-10-16,20,other_fhv,0,
128,Manhattan,2024-10-16,21,yellow,0,
128,Manhattan,2024-10-16,21,green,0,
128,Manhattan,2024-10-16,21,hvfhv,11,15.73
128,Manhattan,2024-10-16,21,other_fhv,0,
128,Manhattan,2024-10-16,22,yellow,0,
128,Manhattan,2024-10-16,22,green,0,
128,Manhattan,2024-10-16,22,hvfhv,13,28.21
128,Manhattan,2024-10-16,22,other_fhv,0,
128,Manhattan,2024-10-16,23,yellow,1,51.5
128,Manhattan,2024-10-16,23,green,0,
128,Manhattan,2024-10-16,23,hvfhv,15,18.63
128,Manhattan,2024-10-16,23,other_fhv,0,
129,Queens,2024-10-16,0,yellow,0,
129,Queens,2024-10-16,0,green,1,38.0
129,Queens,2024-10-16,0,hvfhv,137,20.41
129,Queens,2024-10-16,0,other_fhv,2,
129,Queens,2024-10-16,1,yellow,2,3.0
129,Queens,2024-10-16,1,green,2,20.5
129,Queens,2024-10-16,1,hvfhv,95,16.31
129,Queens,2024-10-16,1,other_fhv,1,
129,Queens,2024-10-16,2,yellow,1,11.14
129,Queens,2024-10-16,2,green,1,24.7
129,Queens,2024-10-16,2,hvfhv,79,17.74
129,Queens,2024-10-16,2,other_fhv,3,
129,Queens,2024-10-16,3,yellow,2,14.82
129,Queens,2024-10-16,3,green,1,17.0
129,Queens,2024-10-16,3,hvfhv,76,19.84
129,Queens,2024-10-16,3,other_fhv,2,
129,Queens,2024-10-16,4,yellow,2,10.64
129,Queens,2024-10-16,4,green,2,6.85
129,Queens,2024-10-16,4,hvfhv,129,18.07
129,Queens,2024-10-16,4,other_fhv,4,
129,Queens,2024-10-16,5,yellow,0,
129,Queens,2024-10-16,5,green,0,
129,Queens,2024-10-16,5,hvfhv,147,20.1
129,Queens,2024-10-16,5,other_fhv,4,
129,Queens,2024-10-16,6,yellow,0,
129,Queens,2024-10-16,6,green,0,
129,Queens,2024-10-16,6,hvfhv,190,21.46
129,Queens,2024-10-16,6,other_fhv,6,
129,Queens,2024-10-16,7,yellow,6,37.57
129,Queens,2024-10-16,7,green,0,
129,Queens,2024-10-16,7,hvfhv,328,20.06
129,Queens,2024-10-16,7,other_fhv,14,
129,Queens,2024-10-16,8,yellow,1,83.25
129,Queens,2024-10-16,8,green,0,
129,Queens,2024-10-16,8,hvfhv,351,20.0
129,Queens,2024-10-16,8,other_fhv,9,
129,Queens,2024-10-16,9,yellow,2,42.2
129,Queens,2024-10-16,9,green,4,19.8
129,Queens,2024-10-16,9,hvfhv,267,18.3
129,Queens,2024-10-16,9,other_fhv,11,
129,Queens,2024-10-16,10,yellow,0,
129,Queens,2024-10-16,10,green,2,24.02
129,Queens,2024-10-16,10,hvfhv,214,19.13
129,Queens,2024-10-16,10,other_fhv,8,
129,Queens,2024-10-16,11,yellow,3,78.6
129,Queens,2024-10-16,11,green,2,67.75
129,Queens,2024-10-16,11,hvfhv,170,19.72
129,Queens,2024-10-16,11,other_fhv,11,
129,Queens,2024-10-16,12,yellow,2,68.5
129,Queens,2024-10-16,12,green,0,
129,Queens,2024-10-16,12,hvfhv,160,20.27
129,Queens,2024-10-16,12,other_fhv,7,
129,Queens,2024-10-16,13,yellow,3,39.99
129,Queens,2024-10-16,13,green,1,8.6
129,Queens,2024-10-16,13,hvfhv,189,20.36
129,Queens,2024-10-16,13,other_fhv,5,
129,Queens,2024-10-16,14,yellow,3,39.3
129,Queens,2024-10-16,14,green,0,
129,Queens,2024-10-16,14,hvfhv,215,21.16
129,Queens,2024-10-16,14,other_fhv,7,
129,Queens,2024-10-16,15,yellow,1,17.0
129,Queens,2024-10-16,15,green,0,
129,Queens,2024-10-16,15,hvfhv,218,21.58
129,Queens,2024-10-16,15,other_fhv,11,
129,Queens,2024-10-16,16,yellow,1,75.0
129,Queens,2024-10-16,16,green,1,10.7
129,Queens,2024-10-16,16,hvfhv,196,20.57
129,Queens,2024-10-16,16,other_fhv,3,
129,Queens,2024-10-16,17,yellow,1,3.0
129,Queens,2024-10-16,17,green,4,30.42
129,Queens,2024-10-16,17,hvfhv,231,19.2
129,Queens,2024-10-16,17,other_fhv,6,
129,Queens,2024-10-16,18,yellow,1,12.1
129,Queens,2024-10-16,18,green,2,19.73
129,Queens,2024-10-16,18,hvfhv,263,20.94
129,Queens,2024-10-16,18,other_fhv,1,
129,Queens,2024-10-16,19,yellow,1,34.45
129,Queens,2024-10-16,19,green,2,43.95
129,Queens,2024-10-16,19,hvfhv,234,17.68
129,Queens,2024-10-16,19,other_fhv,5,
129,Queens,2024-10-16,20,yellow,0,
129,Queens,2024-10-16,20,green,0,
129,Queens,2024-10-16,20,hvfhv,224,19.47
129,Queens,2024-10-16,20,other_fhv,3,
129,Queens,2024-10-16,21,yellow,1,4.4
129,Queens,2024-10-16,21,green,2,19.3
129,Queens,2024-10-16,21,hvfhv,201,17.35
129,Queens,2024-10-16,21,other_fhv,4,
129,Queens,2024-10-16,22,yellow,2,0.0
129,Queens,2024-10-16,22,green,0,
129,Queens,2024-10-16,22,hvfhv,167,16.41
129,Queens,2024-10-16,22,other_fhv,6,
129,Queens,2024-10-16,23,yellow,8,29.95
129,Queens,2024-10-16,23,green,2,19.8
129,Queens,2024-10-16,23,hvfhv,210,24.7
129,Queens,2024-10-16,23,other_fhv,3,
130,Queens,2024-10-16,0,yellow,2,38.2
130,Queens,2024-10-16,0,green,0,
130,Queens,2024-10-16,0,hvfhv,145,17.52
130,Queens,2024-10-16,0,other_fhv,0,
130,Queens,2024-10-16,1,yellow,2,28.26
130,Queens,2024-10-16,1,green,0,
130,Queens,2024-10-16,1,hvfhv,97,23.58
130,Queens,2024-10-16,1,other_fhv,0,
130,Queens,2024-10-16,2,yellow,1,17.45
130,Queens,2024-10-16,2,green,0,
130,Queens,2024-10-16,2,hvfhv,67,16.22
130,Queens,2024-10-16,2,other_fhv,0,
130,Queens,2024-10-16,3,yellow,0,
130,Queens,2024-10-16,3,green,0,
130,Queens,2024-10-16,3,hvfhv,41,20.85
130,Queens,2024-10-16,3,other_fhv,0,
130,Queens,2024-10-16,4,yellow,0,
130,Queens,2024-10-16,4,green,0,
130,Queens,2024-10-16,4,hvfhv,82,20.88
130,Queens,2024-10-16,4,other_fhv,2,
130,Queens,2024-10-16,5,yellow,1,70.0
130,Queens,2024-10-16,5,green,0,
130,Queens,2024-10-16,5,hvfhv,84,20.83
130,Queens,2024-10-16,5,other_fhv,0,
130,Queens,2024-10-16,6,yellow,1,0.0
130,Queens,2024-10-16,6,green,0,
130,Queens,2024-10-16,6,hvfhv,135,24.93
130,Queens,2024-10-16,6,other_fhv,1,
130,Queens,2024-10-16,7,yellow,3,29.01
130,Queens,2024-10-16,7,green,1,9.3
130,Queens,2024-10-16,7,hvfhv,241,22.4
130,Queens,2024-10-16,7,other_fhv,4,
130,Queens,2024-10-16,8,yellow,2,33.4
130,Queens,2024-10-16,8,green,3,11.17
130,Queens,2024-10-16,8,hvfhv,288,21.52
130,Queens,2024-10-16,8,other_fhv,3,
130,Queens,2024-10-16,9,yellow,2,35.5
130,Queens,2024-10-16,9,green,3,28.2
130,Queens,2024-10-16,9,hvfhv,226,20.81
130,Queens,2024-10-16,9,other_fhv,8,
130,Queens,2024-10-16,10,yellow,2,40.5
130,Queens,2024-10-16,10,green,0,
130,Queens,2024-10-16,10,hvfhv,206,21.94
130,Queens,2024-10-16,10,other_fhv,6,
130,Queens,2024-10-16,11,yellow,1,54.0
130,Queens,2024-10-16,11,green,5,25.98
130,Queens,2024-10-16,11,hvfhv,192,22.96
130,Queens,2024-10-16,11,other_fhv,4,
130,Queens,2024-10-16,12,yellow,1,30.5
130,Queens,2024-10-16,12,green,2,10.8
130,Queens,2024-10-16,12,hvfhv,203,21.56
130,Queens,2024-10-16,12,other_fhv,4,
130,Queens,2024-10-16,13,yellow,2,26.37
130,Queens,2024-10-16,13,green,1,11.4
130,Queens,2024-10-16,13,hvfhv,222,22.08
130,Queens,2024-10-16,13,other_fhv,1,
130,Queens,2024-10-16,14,yellow,2,38.0
130,Queens,2024-10-16,14,green,4,21.9
130,Queens,2024-10-16,14,hvfhv,240,20.46
130,Queens,2024-10-16,14,other_fhv,3,
130,Queens,2024-10-16,15,yellow,3,20.98
130,Queens,2024-10-16,15,green,3,16.77
130,Queens,2024-10-16,15,hvfhv,291,22.32
130,Queens,2024-10-16,15,other_fhv,4,
130,Queens,2024-10-16,16,yellow,1,70.0
130,Queens,2024-10-16,16,green,6,109.98
130,Queens,2024-10-16,16,hvfhv,295,19.97
130,Queens,2024-10-16,16,other_fhv,6,
130,Queens,2024-10-16,17,yellow,1,53.13
130,Queens,2024-10-16,17,green,2,56.9
130,Queens,2024-10-16,17,hvfhv,330,19.87
130,Queens,2024-10-16,17,other_fhv,4,
130,Queens,2024-10-16,18,yellow,0,
130,Queens,2024-10-16,18,green,6,17.95
130,Queens,2024-10-16,18,hvfhv,316,19.74
130,Queens,2024-10-16,18,other_fhv,0,
130,Queens,2024-10-16,19,yellow,0,
130,Queens,2024-10-16,19,green,5,24.42
130,Queens,2024-10-16,19,hvfhv,263,18.55
130,Queens,2024-10-16,19,other_fhv,1,
130,Queens,2024-10-16,20,yellow,0,
130,Queens,2024-10-16,20,green,2,9.65
130,Queens,2024-10-16,20,hvfhv,247,18.62
130,Queens,2024-10-16,20,other_fhv,2,
130,Queens,2024-10-16,21,yellow,1,45.3
130,Queens,2024-10-16,21,green,1,16.3
130,Queens,2024-10-16,21,hvfhv,223,17.29
130,Queens,2024-10-16,21,other_fhv,1,
130,Queens,2024-10-16,22,yellow,1,70.0
130,Queens,2024-10-16,22,green,1,12.1
130,Queens,2024-10-16,22,hvfhv,201,17.0
130,Queens,2024-10-16,22,other_fhv,2,
130,Queens,2024-10-16,23,yellow,3,44.75
130,Queens,2024-10-16,23,green,3,19.4
130,Queens,2024-10-16,23,hvfhv,209,18.16
130,Queens,2024-10-16,23,other_fhv,1,
131,Queens,2024-10-16,0,yellow,1,18.72
131,Queens,2024-10-16,0,green,0,
131,Queens,2024-10-16,0,hvfhv,17,21.58
131,Queens,2024-10-16,0,other_fhv,0,
131,Queens,2024-10-16,1,yellow,0,
131,Queens,2024-10-16,1,green,0,
131,Queens,2024-10-16,1,hvfhv,6,24.65
131,Queens,2024-10-16,1,other_fhv,0,
131,Queens,2024-10-16,2,yellow,1,19.18
131,Queens,2024-10-16,2,green,0,
131,Queens,2024-10-16,2,hvfhv,7,17.29
131,Queens,2024-10-16,2,other_fhv,0,
131,Queens,2024-10-16,3,yellow,1,44.5
131,Queens,2024-10-16,3,green,0,
131,Queens,2024-10-16,3,hvfhv,7,29.79
131,Queens,2024-10-16,3,other_fhv,0,
131,Queens,2024-10-16,4,yellow,0,
131,Queens,2024-10-16,4,green,0,
131,Queens,2024-10-16,4,hvfhv,16,22.47
131,Queens,2024-10-16,4,other_fhv,0,
131,Queens,2024-10-16,5,yellow,1,20.59
131,Queens,2024-10-16,5,green,0,
131,Queens,2024-10-16,5,hvfhv,29,27.02
131,Queens,2024-10-16,5,other_fhv,1,
131,Queens,2024-10-16,6,yellow,1,45.2
131,Queens,2024-10-16,6,green,0,
131,Queens,2024-10-16,6,hvfhv,28,31.04
131,Queens,2024-10-16,6,other_fhv,0,
131,Queens,2024-10-16,7,yellow,5,29.99
131,Queens,2024-10-16,7,green,0,
131,Queens,2024-10-16,7,hvfhv,65,29.77
131,Queens,2024-10-16,7,other_fhv,1,
131,Queens,2024-10-16,8,yellow,0,
131,Queens,2024-10-16,8,green,0,
131,Queens,2024-10-16,8,hvfhv,86,20.2
131,Queens,2024-10-16,8,other_fhv,3,
131,Queens,2024-10-16,9,yellow,0,
131,Queens,2024-10-16,9,green,0,
131,Queens,2024-10-16,9,hvfhv,76,23.16
131,Queens,2024-10-16,9,other_fhv,3,
131,Queens,2024-10-16,10,yellow,0,
131,Queens,2024-10-16,10,green,0,
131,Queens,2024-10-16,10,hvfhv,55,19.54
131,Queens,2024-10-16,10,other_fhv,3,
131,Queens,2024-10-16,11,yellow,2,43.5
131,Queens,2024-10-16,11,green,0,
131,Queens,2024-10-16,11,hvfhv,60,22.34
131,Queens,2024-10-16,11,other_fhv,5,
131,Queens,2024-10-16,12,yellow,1,40.5
131,Queens,2024-10-16,12,green,0,
131,Queens,2024-10-16,12,hvfhv,66,21.67
131,Queens,2024-10-16,12,other_fhv,0,
131,Queens,2024-10-16,13,yellow,0,
131,Queens,2024-10-16,13,green,0,
131,Queens,2024-10-16,13,hvfhv,74,22.81
131,Queens,2024-10-16,13,other_fhv,1,
131,Queens,2024-10-16,14,yellow,0,
131,Queens,2024-10-16,14,green,0,
131,Queens,2024-10-16,14,hvfhv,65,22.14
131,Queens,2024-10-16,14,other_fhv,3,
131,Queens,2024-10-16,15,yellow,1,43.5
131,Queens,2024-10-16,15,green,0,
131,Queens,2024-10-16,15,hvfhv,53,20.63
131,Queens,2024-10-16,15,other_fhv,1,
131,Queens,2024-10-16,16,yellow,0,
131,Queens,2024-10-16,16,green,0,
131,Queens,2024-10-16,16,hvfhv,56,23.19
131,Queens,2024-10-16,16,other_fhv,1,
131,Queens,2024-10-16,17,yellow,0,
131,Queens,2024-10-16,17,green,0,
131,Queens,2024-10-16,17,hvfhv,67,20.94
131,Queens,2024-10-16,17,other_fhv,1,
131,Queens,2024-10-16,18,yellow,0,
131,Queens,2024-10-16,18,green,0,
131,Queens,2024-10-16,18,hvfhv,68,22.04
131,Queens,2024-10-16,18,other_fhv,0,
131,Queens,2024-10-16,19,yellow,0,
131,Queens,2024-10-16,19,green,0,
131,Queens,2024-10-16,19,hvfhv,53,20.61
131,Queens,2024-10-16,19,other_fhv,1,
131,Queens,2024-10-16,20,yellow,0,
131,Queens,2024-10-16,20,green,0,
131,Queens,2024-10-16,20,hvfhv,41,19.29
131,Queens,2024-10-16,20,other_fhv,0,
131,Queens,2024-10-16,21,yellow,0,
131,Queens,2024-10-16,21,green,0,
131,Queens,2024-10-16,21,hvfhv,28,25.17
131,Queens,2024-10-16,21,other_fhv,0,
131,Queens,2024-10-16,22,yellow,0,
131,Queens,2024-10-16,22,green,0,
131,Queens,2024-10-16,22,hvfhv,35,22.09
131,Queens,2024-10-16,22,other_fhv,1,
131,Queens,2024-10-16,23,yellow,0,
131,Queens,2024-10-16,23,green,0,
131,Queens,2024-10-16,23,hvfhv,31,23.64
131,Queens,2024-10-16,23,other_fhv,0,
132,Queens,2024-10-16,0,yellow,268,55.68
132,Queens,2024-10-16,0,green,0,
132,Queens,2024-10-16,0,hvfhv,713,54.78
132,Queens,2024-10-16,0,other_fhv,1,
132,Queens,2024-10-16,1,yellow,126,54.38
132,Queens,2024-10-16,1,green,0,
132,Queens,2024-10-16,1,hvfhv,373,56.81
132,Queens,2024-10-16,1,other_fhv,0,
132,Queens,2024-10-16,2,yellow,21,37.03
132,Queens,2024-10-16,2,green,0,
132,Queens,2024-10-16,2,hvfhv,59,32.63
132,Queens,2024-10-16,2,other_fhv,1,
132,Queens,2024-10-16,3,yellow,7,37.5
132,Queens,2024-10-16,3,green,0,
132,Queens,2024-10-16,3,hvfhv,54,27.39
132,Queens,2024-10-16,3,other_fhv,0,
132,Queens,2024-10-16,4,yellow,18,49.5
132,Queens,2024-10-16,4,green,0,
132,Queens,2024-10-16,4,hvfhv,50,23.49
132,Queens,2024-10-16,4,other_fhv,0,
132,Queens,2024-10-16,5,yellow,44,54.06
132,Queens,2024-10-16,5,green,0,
132,Queens,2024-10-16,5,hvfhv,144,52.62
132,Queens,2024-10-16,5,other_fhv,1,
132,Queens,2024-10-16,6,yellow,120,57.37
132,Queens,2024-10-16,6,green,0,
132,Queens,2024-10-16,6,hvfhv,311,60.53
132,Queens,2024-10-16,6,other_fhv,6,
132,Queens,2024-10-16,7,yellow,194,62.96
132,Queens,2024-10-16,7,green,0,
132,Queens,2024-10-16,7,hvfhv,390,79.55
132,Queens,2024-10-16,7,other_fhv,4,
132,Queens,2024-10-16,8,yellow,155,60.15
132,Queens,2024-10-16,8,green,0,
132,Queens,2024-10-16,8,hvfhv,436,73.07
132,Queens,2024-10-16,8,other_fhv,4,
132,Queens,2024-10-16,9,yellow,117,51.03
132,Queens,2024-10-16,9,green,0,
132,Queens,2024-10-16,9,hvfhv,352,65.67
132,Queens,2024-10-16,9,other_fhv,4,
132,Queens,2024-10-16,10,yellow,134,54.0
132,Queens,2024-10-16,10,green,0,
132,Queens,2024-10-16,10,hvfhv,410,64.21
132,Queens,2024-10-16,10,other_fhv,5,
132,Queens,2024-10-16,11,yellow,142,62.8
132,Queens,2024-10-16,11,green,0,
132,Queens,2024-10-16,11,hvfhv,321,67.01
132,Queens,2024-10-16,11,other_fhv,4,
132,Queens,2024-10-16,12,yellow,208,57.32
132,Queens,2024-10-16,12,green,0,
132,Queens,2024-10-16,12,hvfhv,367,66.53
132,Queens,2024-10-16,12,other_fhv,4,
132,Queens,2024-10-16,13,yellow,254,62.79
132,Queens,2024-10-16,13,green,0,
132,Queens,2024-10-16,13,hvfhv,367,75.02
132,Queens,2024-10-16,13,other_fhv,2,
132,Queens,2024-10-16,14,yellow,388,62.8
132,Queens,2024-10-16,14,green,0,
132,Queens,2024-10-16,14,hvfhv,472,77.66
132,Queens,2024-10-16,14,other_fhv,6,
132,Queens,2024-10-16,15,yellow,472,63.9
132,Queens,2024-10-16,15,green,1,10.7
132,Queens,2024-10-16,15,hvfhv,670,83.47
132,Queens,2024-10-16,15,other_fhv,3,
132,Queens,2024-10-16,16,yellow,552,65.91
132,Queens,2024-10-16,16,green,0,
132,Queens,2024-10-16,16,hvfhv,824,88.82
132,Queens,2024-10-16,16,other_fhv,5,
132,Queens,2024-10-16,17,yellow,469,61.8
132,Queens,2024-10-16,17,green,0,
132,Queens,2024-10-16,17,hvfhv,582,81.16
132,Queens,2024-10-16,17,other_fhv,8,
132,Queens,2024-10-16,18,yellow,410,60.21
132,Queens,2024-10-16,18,green,0,
132,Queens,2024-10-16,18,hvfhv,544,75.12
132,Queens,2024-10-16,18,other_fhv,10,
132,Queens,2024-10-16,19,yellow,475,55.29
132,Queens,2024-10-16,19,green,0,
132,Queens,2024-10-16,19,hvfhv,700,68.87
132,Queens,2024-10-16,19,other_fhv,12,
132,Queens,2024-10-16,20,yellow,429,56.59
132,Queens,2024-10-16,20,green,0,
132,Queens,2024-10-16,20,hvfhv,694,67.07
132,Queens,2024-10-16,20,other_fhv,7,
132,Queens,2024-10-16,21,yellow,485,57.49
132,Queens,2024-10-16,21,green,0,
132,Queens,2024-10-16,21,hvfhv,906,67.48
132,Queens,2024-10-16,21,other_fhv,9,
132,Queens,2024-10-16,22,yellow,426,57.71
132,Queens,2024-10-16,22,green,0,
132,Queens,2024-10-16,22,hvfhv,856,62.72
132,Queens,2024-10-16,22,other_fhv,9,
132,Queens,2024-10-16,23,yellow,345,56.48
132,Queens,2024-10-16,23,green,0,
132,Queens,2024-10-16,23,hvfhv,842,62.35
132,Queens,2024-10-16,23,other_fhv,5,
133,Brooklyn,2024-10-16,0,yellow,0,
133,Brooklyn,2024-10-16,0,green,0,
133,Brooklyn,2024-10-16,0,hvfhv,24,18.44
133,Brooklyn,2024-10-16,0,other_fhv,0,
133,Brooklyn,2024-10-16,1,yellow,0,
133,Brooklyn,2024-10-16,1,green,0,
133,Brooklyn,2024-10-16,1,hvfhv,14,17.26
133,Brooklyn,2024-10-16,1,other_fhv,0,
133,Brooklyn,2024-10-16,2,yellow,0,
133,Brooklyn,2024-10-16,2,green,0,
133,Brooklyn,2024-10-16,2,hvfhv,10,15.54
133,Brooklyn,2024-10-16,2,other_fhv,0,
133,Brooklyn,2024-10-16,3,yellow,0,
133,Brooklyn,2024-10-16,3,green,0,
133,Brooklyn,2024-10-16,3,hvfhv,11,25.05
133,Brooklyn,2024-10-16,3,other_fhv,0,
133,Brooklyn,2024-10-16,4,yellow,0,
133,Brooklyn,2024-10-16,4,green,0,
133,Brooklyn,2024-10-16,4,hvfhv,16,38.13
133,Brooklyn,2024-10-16,4,other_fhv,0,
133,Brooklyn,2024-10-16,5,yellow,0,
133,Brooklyn,2024-10-16,5,green,0,
133,Brooklyn,2024-10-16,5,hvfhv,27,34.13
133,Brooklyn,2024-10-16,5,other_fhv,0,
133,Brooklyn,2024-10-16,6,yellow,0,
133,Brooklyn,2024-10-16,6,green,0,
133,Brooklyn,2024-10-16,6,hvfhv,55,26.43
133,Brooklyn,2024-10-16,6,other_fhv,0,
133,Brooklyn,2024-10-16,7,yellow,1,15.06
133,Brooklyn,2024-10-16,7,green,0,
133,Brooklyn,2024-10-16,7,hvfhv,96,23.68
133,Brooklyn,2024-10-16,7,other_fhv,2,
133,Brooklyn,2024-10-16,8,yellow,2,27.63
133,Brooklyn,2024-10-16,8,green,0,
133,Brooklyn,2024-10-16,8,hvfhv,99,26.44
133,Brooklyn,2024-10-16,8,other_fhv,1,
133,Brooklyn,2024-10-16,9,yellow,0,
133,Brooklyn,2024-10-16,9,green,0,
133,Brooklyn,2024-10-16,9,hvfhv,86,25.17
133,Brooklyn,2024-10-16,9,other_fhv,1,
133,Brooklyn,2024-10-16,10,yellow,0,
133,Brooklyn,2024-10-16,10,green,0,
133,Brooklyn,2024-10-16,10,hvfhv,61,20.27
133,Brooklyn,2024-10-16,10,other_fhv,3,
133,Brooklyn,2024-10-16,11,yellow,0,
133,Brooklyn,2024-10-16,11,green,0,
133,Brooklyn,2024-10-16,11,hvfhv,53,22.31
133,Brooklyn,2024-10-16,11,other_fhv,4,
133,Brooklyn,2024-10-16,12,yellow,1,16.5
133,Brooklyn,2024-10-16,12,green,0,
133,Brooklyn,2024-10-16,12,hvfhv,51,21.98
133,Brooklyn,2024-10-16,12,other_fhv,5,
133,Brooklyn,2024-10-16,13,yellow,0,
133,Brooklyn,2024-10-16,13,green,0,
133,Brooklyn,2024-10-16,13,hvfhv,44,28.94
133,Brooklyn,2024-10-16,13,other_fhv,6,
133,Brooklyn,2024-10-16,14,yellow,0,
133,Brooklyn,2024-10-16,14,green,0,
133,Brooklyn,2024-10-16,14,hvfhv,65,26.47
133,Brooklyn,2024-10-16,14,other_fhv,1,
133,Brooklyn,2024-10-16,15,yellow,0,
133,Brooklyn,2024-10-16,15,green,0,
133,Brooklyn,2024-10-16,15,hvfhv,50,23.0
133,Brooklyn,2024-10-16,15,other_fhv,2,
133,Brooklyn,2024-10-16,16,yellow,0,
133,Brooklyn,2024-10-16,16,green,0,
133,Brooklyn,2024-10-16,16,hvfhv,41,29.0
133,Brooklyn,2024-10-16,16,other_fhv,1,
133,Brooklyn,2024-10-16,17,yellow,0,
133,Brooklyn,2024-10-16,17,green,0,
133,Brooklyn,2024-10-16,17,hvfhv,60,20.56
133,Brooklyn,2024-10-16,17,other_fhv,0,
133,Brooklyn,2024-10-16,18,yellow,0,
133,Brooklyn,2024-10-16,18,green,0,
133,Brooklyn,2024-10-16,18,hvfhv,58,21.05
133,Brooklyn,2024-10-16,18,other_fhv,0,
133,Brooklyn,2024-10-16,19,yellow,0,
133,Brooklyn,2024-10-16,19,green,0,
133,Brooklyn,2024-10-16,19,hvfhv,39,16.66
133,Brooklyn,2024-10-16,19,other_fhv,0,
133,Brooklyn,2024-10-16,20,yellow,1,62.0
133,Brooklyn,2024-10-16,20,green,0,
133,Brooklyn,2024-10-16,20,hvfhv,40,16.52
133,Brooklyn,2024-10-16,20,other_fhv,0,
133,Brooklyn,2024-10-16,21,yellow,0,
133,Brooklyn,2024-10-16,21,green,0,
133,Brooklyn,2024-10-16,21,hvfhv,28,17.1
133,Brooklyn,2024-10-16,21,other_fhv,1,
133,Brooklyn,2024-10-16,22,yellow,0,
133,Brooklyn,2024-10-16,22,green,0,
133,Brooklyn,2024-10-16,22,hvfhv,37,20.69
133,Brooklyn,2024-10-16,22,other_fhv,0,
133,Brooklyn,2024-10-16,23,yellow,0,
133,Brooklyn,2024-10-16,23,green,0,
133,Brooklyn,2024-10-16,23,hvfhv,23,15.8
133,Brooklyn,2024-10-16,23,other_fhv,0,
134,Queens,2024-10-16,0,yellow,0,
134,Queens,2024-10-16,0,green,0,
134,Queens,2024-10-16,0,hvfhv,30,16.81
134,Queens,2024-10-16,0,other_fhv,0,
134,Queens,2024-10-16,1,yellow,0,
134,Queens,2024-10-16,1,green,0,
134,Queens,2024-10-16,1,hvfhv,20,16.88
134,Queens,2024-10-16,1,other_fhv,0,
134,Queens,2024-10-16,2,yellow,0,
134,Queens,2024-10-16,2,green,0,
134,Queens,2024-10-16,2,hvfhv,8,16.26
134,Queens,2024-10-16,2,other_fhv,0,
134,Queens,2024-10-16,3,yellow,0,
134,Queens,2024-10-16,3,green,0,
134,Queens,2024-10-16,3,hvfhv,10,20.45
134,Queens,2024-10-16,3,other_fhv,0,
134,Queens,2024-10-16,4,yellow,0,
134,Queens,2024-10-16,4,green,0,
134,Queens,2024-10-16,4,hvfhv,25,25.86
134,Queens,2024-10-16,4,other_fhv,2,
134,Queens,2024-10-16,5,yellow,0,
134,Queens,2024-10-16,5,green,0,
134,Queens,2024-10-16,5,hvfhv,46,23.85
134,Queens,2024-10-16,5,other_fhv,0,
134,Queens,2024-10-16,6,yellow,0,
134,Queens,2024-10-16,6,green,0,
134,Queens,2024-10-16,6,hvfhv,70,26.96
134,Queens,2024-10-16,6,other_fhv,2,
134,Queens,2024-10-16,7,yellow,9,25.92
134,Queens,2024-10-16,7,green,0,
134,Queens,2024-10-16,7,hvfhv,103,22.34
134,Queens,2024-10-16,7,other_fhv,2,
134,Queens,2024-10-16,8,yellow,1,88.0
134,Queens,2024-10-16,8,green,0,
134,Queens,2024-10-16,8,hvfhv,93,19.77
134,Queens,2024-10-16,8,other_fhv,0,
134,Queens,2024-10-16,9,yellow,1,82.0
134,Queens,2024-10-16,9,green,2,17.4
134,Queens,2024-10-16,9,hvfhv,95,20.18
134,Queens,2024-10-16,9,other_fhv,2,
134,Queens,2024-10-16,10,yellow,2,55.25
134,Queens,2024-10-16,10,green,2,15.25
134,Queens,2024-10-16,10,hvfhv,70,20.65
134,Queens,2024-10-16,10,other_fhv,1,
134,Queens,2024-10-16,11,yellow,1,82.6
134,Queens,2024-10-16,11,green,0,
134,Queens,2024-10-16,11,hvfhv,59,17.69
134,Queens,2024-10-16,11,other_fhv,1,
134,Queens,2024-10-16,12,yellow,0,
134,Queens,2024-10-16,12,green,0,
134,Queens,2024-10-16,12,hvfhv,57,19.78
134,Queens,2024-10-16,12,other_fhv,1,
134,Queens,2024-10-16,13,yellow,1,85.0
134,Queens,2024-10-16,13,green,1,20.0
134,Queens,2024-10-16,13,hvfhv,69,21.44
134,Queens,2024-10-16,13,other_fhv,0,
134,Queens,2024-10-16,14,yellow,3,52.4
134,Queens,2024-10-16,14,green,1,14.9
134,Queens,2024-10-16,14,hvfhv,79,21.73
134,Queens,2024-10-16,14,other_fhv,0,
134,Queens,2024-10-16,15,yellow,0,
134,Queens,2024-10-16,15,green,2,18.4
134,Queens,2024-10-16,15,hvfhv,66,21.58
134,Queens,2024-10-16,15,other_fhv,1,
134,Queens,2024-10-16,16,yellow,2,43.06
134,Queens,2024-10-16,16,green,2,8.6
134,Queens,2024-10-16,16,hvfhv,96,21.71
134,Queens,2024-10-16,16,other_fhv,1,
134,Queens,2024-10-16,17,yellow,0,
134,Queens,2024-10-16,17,green,4,12.28
134,Queens,2024-10-16,17,hvfhv,94,18.33
134,Queens,2024-10-16,17,other_fhv,0,
134,Queens,2024-10-16,18,yellow,2,208.21
134,Queens,2024-10-16,18,green,2,23.65
134,Queens,2024-10-16,18,hvfhv,80,20.11
134,Queens,2024-10-16,18,other_fhv,1,
134,Queens,2024-10-16,19,yellow,1,120.0
134,Queens,2024-10-16,19,green,0,
134,Queens,2024-10-16,19,hvfhv,68,23.56
134,Queens,2024-10-16,19,other_fhv,0,
134,Queens,2024-10-16,20,yellow,1,70.0
134,Queens,2024-10-16,20,green,0,
134,Queens,2024-10-16,20,hvfhv,55,16.86
134,Queens,2024-10-16,20,other_fhv,0,
134,Queens,2024-10-16,21,yellow,0,
134,Queens,2024-10-16,21,green,0,
134,Queens,2024-10-16,21,hvfhv,52,16.86
134,Queens,2024-10-16,21,other_fhv,0,
134,Queens,2024-10-16,22,yellow,0,
134,Queens,2024-10-16,22,green,0,
134,Queens,2024-10-16,22,hvfhv,63,18.33
134,Queens,2024-10-16,22,other_fhv,0,
134,Queens,2024-10-16,23,yellow,0,
134,Queens,2024-10-16,23,green,0,
134,Queens,2024-10-16,23,hvfhv,29,15.25
134,Queens,2024-10-16,23,other_fhv,0,
135,Queens,2024-10-16,0,yellow,0,
135,Queens,2024-10-16,0,green,0,
135,Queens,2024-10-16,0,hvfhv,21,16.6
135,Queens,2024-10-16,0,other_fhv,0,
135,Queens,2024-10-16,1,yellow,0,
135,Queens,2024-10-16,1,green,1,14.0
135,Queens,2024-10-16,1,hvfhv,7,22.35
135,Queens,2024-10-16,1,other_fhv,0,
135,Queens,2024-10-16,2,yellow,0,
135,Queens,2024-10-16,2,green,0,
135,Queens,2024-10-16,2,hvfhv,8,22.27
135,Queens,2024-10-16,2,other_fhv,1,
135,Queens,2024-10-16,3,yellow,0,
135,Queens,2024-10-16,3,green,0,
135,Queens,2024-10-16,3,hvfhv,12,22.14
135,Queens,2024-10-16,3,other_fhv,0,
135,Queens,2024-10-16,4,yellow,0,
135,Queens,2024-10-16,4,green,0,
135,Queens,2024-10-16,4,hvfhv,23,27.75
135,Queens,2024-10-16,4,other_fhv,0,
135,Queens,2024-10-16,5,yellow,1,35.5
135,Queens,2024-10-16,5,green,0,
135,Queens,2024-10-16,5,hvfhv,44,23.3
135,Queens,2024-10-16,5,other_fhv,0,
135,Queens,2024-10-16,6,yellow,1,49.2
135,Queens,2024-10-16,6,green,0,
135,Queens,2024-10-16,6,hvfhv,48,24.95
135,Queens,2024-10-16,6,other_fhv,0,
135,Queens,2024-10-16,7,yellow,2,64.8
135,Queens,2024-10-16,7,green,0,
135,Queens,2024-10-16,7,hvfhv,88,21.75
135,Queens,2024-10-16,7,other_fhv,0,
135,Queens,2024-10-16,8,yellow,0,
135,Queens,2024-10-16,8,green,0,
135,Queens,2024-10-16,8,hvfhv,111,18.81
135,Queens,2024-10-16,8,other_fhv,3,
135,Queens,2024-10-16,9,yellow,0,
135,Queens,2024-10-16,9,green,0,
135,Queens,2024-10-16,9,hvfhv,83,22.34
135,Queens,2024-10-16,9,other_fhv,5,
135,Queens,2024-10-16,10,yellow,1,28.5
135,Queens,2024-10-16,10,green,1,7.2
135,Queens,2024-10-16,10,hvfhv,55,21.87
135,Queens,2024-10-16,10,other_fhv,1,
135,Queens,2024-10-16,11,yellow,0,
135,Queens,2024-10-16,11,green,0,
135,Queens,2024-10-16,11,hvfhv,40,29.06
135,Queens,2024-10-16,11,other_fhv,0,
135,Queens,2024-10-16,12,yellow,0,
135,Queens,2024-10-16,12,green,0,
135,Queens,2024-10-16,12,hvfhv,52,22.57
135,Queens,2024-10-16,12,other_fhv,1,
135,Queens,2024-10-16,13,yellow,0,
135,Queens,2024-10-16,13,green,0,
135,Queens,2024-10-16,13,hvfhv,64,25.17
135,Queens,2024-10-16,13,other_fhv,2,
135,Queens,2024-10-16,14,yellow,0,
135,Queens,2024-10-16,14,green,0,
135,Queens,2024-10-16,14,hvfhv,100,29.08
135,Queens,2024-10-16,14,other_fhv,0,
135,Queens,2024-10-16,15,yellow,1,36.5
135,Queens,2024-10-16,15,green,0,
135,Queens,2024-10-16,15,hvfhv,86,26.25
135,Queens,2024-10-16,15,other_fhv,0,
135,Queens,2024-10-16,16,yellow,0,
135,Queens,2024-10-16,16,green,0,
135,Queens,2024-10-16,16,hvfhv,83,24.82
135,Queens,2024-10-16,16,other_fhv,0,
135,Queens,2024-10-16,17,yellow,0,
135,Queens,2024-10-16,17,green,0,
135,Queens,2024-10-16,17,hvfhv,75,21.98
135,Queens,2024-10-16,17,other_fhv,1,
135,Queens,2024-10-16,18,yellow,0,
135,Queens,2024-10-16,18,green,0,
135,Queens,2024-10-16,18,hvfhv,58,20.45
135,Queens,2024-10-16,18,other_fhv,0,
135,Queens,2024-10-16,19,yellow,0,
135,Queens,2024-10-16,19,green,0,
135,Queens,2024-10-16,19,hvfhv,50,22.87
135,Queens,2024-10-16,19,other_fhv,0,
135,Queens,2024-10-16,20,yellow,0,
135,Queens,2024-10-16,20,green,0,
135,Queens,2024-10-16,20,hvfhv,43,18.91
135,Queens,2024-10-16,20,other_fhv,1,
135,Queens,2024-10-16,21,yellow,0,
135,Queens,2024-10-16,21,green,0,
135,Queens,2024-10-16,21,hvfhv,31,22.27
135,Queens,2024-10-16,21,other_fhv,0,
135,Queens,2024-10-16,22,yellow,1,12.8
135,Queens,2024-10-16,22,green,0,
135,Queens,2024-10-16,22,hvfhv,29,18.9
135,Queens,2024-10-16,22,other_fhv,0,
135,Queens,2024-10-16,23,yellow,0,
135,Queens,2024-10-16,23,green,0,
135,Queens,2024-10-16,23,hvfhv,31,21.37
135,Queens,2024-10-16,23,other_fhv,0,
136,Bronx,2024-10-16,0,yellow,0,
136,Bronx,2024-10-16,0,green,0,
136,Bronx,2024-10-16,0,hvfhv,41,18.3
136,Bronx,2024-10-16,0,other_fhv,0,
136,Bronx,2024-10-16,1,yellow,0,
136,Bronx,2024-10-16,1,green,0,
136,Bronx,2024-10-16,1,hvfhv,23,15.26
136,Bronx,2024-10-16,1,other_fhv,0,
136,Bronx,2024-10-16,2,yellow,0,
136,Bronx,2024-10-16,2,green,0,
136,Bronx,2024-10-16,2,hvfhv,7,24.74
136,Bronx,2024-10-16,2,other_fhv,0,
136,Bronx,2024-10-16,3,yellow,0,
136,Bronx,2024-10-16,3,green,0,
136,Bronx,2024-10-16,3,hvfhv,12,25.19
136,Bronx,2024-10-16,3,other_fhv,0,
136,Bronx,2024-10-16,4,yellow,0,
136,Bronx,2024-10-16,4,green,0,
136,Bronx,2024-10-16,4,hvfhv,13,14.64
136,Bronx,2024-10-16,4,other_fhv,0,
136,Bronx,2024-10-16,5,yellow,0,
136,Bronx,2024-10-16,5,green,0,
136,Bronx,2024-10-16,5,hvfhv,36,23.42
136,Bronx,2024-10-16,5,other_fhv,0,
136,Bronx,2024-10-16,6,yellow,0,
136,Bronx,2024-10-16,6,green,0,
136,Bronx,2024-10-16,6,hvfhv,55,21.84
136,Bronx,2024-10-16,6,other_fhv,1,
136,Bronx,2024-10-16,7,yellow,2,45.5
136,Bronx,2024-10-16,7,green,0,
136,Bronx,2024-10-16,7,hvfhv,127,19.23
136,Bronx,2024-10-16,7,other_fhv,0,
136,Bronx,2024-10-16,8,yellow,0,
136,Bronx,2024-10-16,8,green,0,
136,Bronx,2024-10-16,8,hvfhv,137,18.97
136,Bronx,2024-10-16,8,other_fhv,4,
136,Bronx,2024-10-16,9,yellow,0,
136,Bronx,2024-10-16,9,green,0,
136,Bronx,2024-10-16,9,hvfhv,90,18.24
136,Bronx,2024-10-16,9,other_fhv,0,
136,Bronx,2024-10-16,10,yellow,0,
136,Bronx,2024-10-16,10,green,0,
136,Bronx,2024-10-16,10,hvfhv,67,21.13
136,Bronx,2024-10-16,10,other_fhv,1,
136,Bronx,2024-10-16,11,yellow,2,17.95
136,Bronx,2024-10-16,11,green,0,
136,Bronx,2024-10-16,11,hvfhv,89,24.47
136,Bronx,2024-10-16,11,other_fhv,1,
136,Bronx,2024-10-16,12,yellow,0,
136,Bronx,2024-10-16,12,green,0,
136,Bronx,2024-10-16,12,hvfhv,73,21.37
136,Bronx,2024-10-16,12,other_fhv,1,
136,Bronx,2024-10-16,13,yellow,0,
136,Bronx,2024-10-16,13,green,0,
136,Bronx,2024-10-16,13,hvfhv,77,21.47
136,Bronx,2024-10-16,13,other_fhv,0,
136,Bronx,2024-10-16,14,yellow,0,
136,Bronx,2024-10-16,14,green,0,
136,Bronx,2024-10-16,14,hvfhv,71,24.39
136,Bronx,2024-10-16,14,other_fhv,1,
136,Bronx,2024-10-16,15,yellow,0,
136,Bronx,2024-10-16,15,green,0,
136,Bronx,2024-10-16,15,hvfhv,89,19.76
136,Bronx,2024-10-16,15,other_fhv,1,
136,Bronx,2024-10-16,16,yellow,0,
136,Bronx,2024-10-16,16,green,0,
136,Bronx,2024-10-16,16,hvfhv,79,22.62
136,Bronx,2024-10-16,16,other_fhv,1,
136,Bronx,2024-10-16,17,yellow,0,
136,Bronx,2024-10-16,17,green,0,
136,Bronx,2024-10-16,17,hvfhv,94,18.7
136,Bronx,2024-10-16,17,other_fhv,0,
136,Bronx,2024-10-16,18,yellow,0,
136,Bronx,2024-10-16,18,green,0,
136,Bronx,2024-10-16,18,hvfhv,81,18.78
136,Bronx,2024-10-16,18,other_fhv,0,
136,Bronx,2024-10-16,19,yellow,0,
136,Bronx,2024-10-16,19,green,0,
136,Bronx,2024-10-16,19,hvfhv,67,16.44
136,Bronx,2024-10-16,19,other_fhv,0,
136,Bronx,2024-10-16,20,yellow,0,
136,Bronx,2024-10-16,20,green,0,
136,Bronx,2024-10-16,20,hvfhv,56,14.99
136,Bronx,2024-10-16,20,other_fhv,0,
136,Bronx,2024-10-16,21,yellow,0,
136,Bronx,2024-10-16,21,green,0,
136,Bronx,2024-10-16,21,hvfhv,53,16.09
136,Bronx,2024-10-16,21,other_fhv,1,
136,Bronx,2024-10-16,22,yellow,0,
136,Bronx,2024-10-16,22,green,0,
136,Bronx,2024-10-16,22,hvfhv,46,15.07
136,Bronx,2024-10-16,22,other_fhv,0,
136,Bronx,2024-10-16,23,yellow,0,
136,Bronx,2024-10-16,23,green,0,
136,Bronx,2024-10-16,23,hvfhv,51,16.91
136,Bronx,2024-10-16,23,other_fhv,0,
137,Manhattan,2024-10-16,0,yellow,24,12.44
137,Manhattan,2024-10-16,0,green,0,
137,Manhattan,2024-10-16,0,hvfhv,98,22.13
137,Manhattan,2024-10-16,0,other_fhv,0,
137,Manhattan,2024-10-16,1,yellow,9,15.83
137,Manhattan,2024-10-16,1,green,0,
137,Manhattan,2024-10-16,1,hvfhv,38,20.17
137,Manhattan,2024-10-16,1,other_fhv,0,
137,Manhattan,2024-10-16,2,yellow,6,19.8
137,Manhattan,2024-10-16,2,green,0,
137,Manhattan,2024-10-16,2,hvfhv,28,25.34
137,Manhattan,2024-10-16,2,other_fhv,0,
137,Manhattan,2024-10-16,3,yellow,7,8.29
137,Manhattan,2024-10-16,3,green,0,
137,Manhattan,2024-10-16,3,hvfhv,33,24.75
137,Manhattan,2024-10-16,3,other_fhv,0,
137,Manhattan,2024-10-16,4,yellow,5,7.46
137,Manhattan,2024-10-16,4,green,0,
137,Manhattan,2024-10-16,4,hvfhv,46,28.79
137,Manhattan,2024-10-16,4,other_fhv,0,
137,Manhattan,2024-10-16,5,yellow,15,18.39
137,Manhattan,2024-10-16,5,green,0,
137,Manhattan,2024-10-16,5,hvfhv,60,26.07
137,Manhattan,2024-10-16,5,other_fhv,0,
137,Manhattan,2024-10-16,6,yellow,26,14.39
137,Manhattan,2024-10-16,6,green,0,
137,Manhattan,2024-10-16,6,hvfhv,118,22.73
137,Manhattan,2024-10-16,6,other_fhv,0,
137,Manhattan,2024-10-16,7,yellow,56,13.44
137,Manhattan,2024-10-16,7,green,0,
137,Manhattan,2024-10-16,7,hvfhv,158,26.98
137,Manhattan,2024-10-16,7,other_fhv,4,
137,Manhattan,2024-10-16,8,yellow,86,15.68
137,Manhattan,2024-10-16,8,green,0,
137,Manhattan,2024-10-16,8,hvfhv,168,27.07
137,Manhattan,2024-10-16,8,other_fhv,3,
137,Manhattan,2024-10-16,9,yellow,59,14.97
137,Manhattan,2024-10-16,9,green,0,
137,Manhattan,2024-10-16,9,hvfhv,198,24.31
137,Manhattan,2024-10-16,9,other_fhv,5,
137,Manhattan,2024-10-16,10,yellow,79,16.24
137,Manhattan,2024-10-16,10,green,0,
137,Manhattan,2024-10-16,10,hvfhv,140,24.32
137,Manhattan,2024-10-16,10,other_fhv,4,
137,Manhattan,2024-10-16,11,yellow,77,17.36
137,Manhattan,2024-10-16,11,green,0,
137,Manhattan,2024-10-16,11,hvfhv,154,31.03
137,Manhattan,2024-10-16,11,other_fhv,5,
137,Manhattan,2024-10-16,12,yellow,67,20.24
137,Manhattan,2024-10-16,12,green,0,
137,Manhattan,2024-10-16,12,hvfhv,139,27.59
137,Manhattan,2024-10-16,12,other_fhv,5,
137,Manhattan,2024-10-16,13,yellow,71,16.86
137,Manhattan,2024-10-16,13,green,0,
137,Manhattan,2024-10-16,13,hvfhv,146,30.94
137,Manhattan,2024-10-16,13,other_fhv,8,
137,Manhattan,2024-10-16,14,yellow,74,16.79
137,Manhattan,2024-10-16,14,green,0,
137,Manhattan,2024-10-16,14,hvfhv,164,34.88
137,Manhattan,2024-10-16,14,other_fhv,4,
137,Manhattan,2024-10-16,15,yellow,72,20.48
137,Manhattan,2024-10-16,15,green,0,
137,Manhattan,2024-10-16,15,hvfhv,160,36.47
137,Manhattan,2024-10-16,15,other_fhv,9,
137,Manhattan,2024-10-16,16,yellow,78,17.97
137,Manhattan,2024-10-16,16,green,0,
137,Manhattan,2024-10-16,16,hvfhv,192,35.16
137,Manhattan,2024-10-16,16,other_fhv,7,
137,Manhattan,2024-10-16,17,yellow,105,19.2
137,Manhattan,2024-10-16,17,green,0,
137,Manhattan,2024-10-16,17,hvfhv,181,31.38
137,Manhattan,2024-10-16,17,other_fhv,7,
137,Manhattan,2024-10-16,18,yellow,104,15.33
137,Manhattan,2024-10-16,18,green,0,
137,Manhattan,2024-10-16,18,hvfhv,170,28.62
137,Manhattan,2024-10-16,18,other_fhv,2,
137,Manhattan,2024-10-16,19,yellow,101,15.47
137,Manhattan,2024-10-16,19,green,0,
137,Manhattan,2024-10-16,19,hvfhv,238,25.3
137,Manhattan,2024-10-16,19,other_fhv,8,
137,Manhattan,2024-10-16,20,yellow,73,15.49
137,Manhattan,2024-10-16,20,green,0,
137,Manhattan,2024-10-16,20,hvfhv,198,23.6
137,Manhattan,2024-10-16,20,other_fhv,5,
137,Manhattan,2024-10-16,21,yellow,52,14.95
137,Manhattan,2024-10-16,21,green,0,
137,Manhattan,2024-10-16,21,hvfhv,131,22.43
137,Manhattan,2024-10-16,21,other_fhv,3,
137,Manhattan,2024-10-16,22,yellow,62,11.91
137,Manhattan,2024-10-16,22,green,0,
137,Manhattan,2024-10-16,22,hvfhv,128,22.51
137,Manhattan,2024-10-16,22,other_fhv,2,
137,Manhattan,2024-10-16,23,yellow,48,13.85
137,Manhattan,2024-10-16,23,green,0,
137,Manhattan,2024-10-16,23,hvfhv,139,24.17
137,Manhattan,2024-10-16,23,other_fhv,6,
138,Queens,2024-10-16,0,yellow,43,34.69
138,Queens,2024-10-16,0,green,0,
138,Queens,2024-10-16,0,hvfhv,254,42.86
138,Queens,2024-10-16,0,other_fhv,2,
138,Queens,2024-10-16,1,yellow,0,
138,Queens,2024-10-16,1,green,0,
138,Queens,2024-10-16,1,hvfhv,8,30.21
138,Queens,2024-10-16,1,other_fhv,0,
138,Queens,2024-10-16,2,yellow,1,25.4
138,Queens,2024-10-16,2,green,0,
138,Queens,2024-10-16,2,hvfhv,2,39.2
138,Queens,2024-10-16,2,other_fhv,0,
138,Queens,2024-10-16,3,yellow,0,
138,Queens,2024-10-16,3,green,0,
138,Queens,2024-10-16,3,hvfhv,5,25.23
138,Queens,2024-10-16,3,other_fhv,0,
138,Queens,2024-10-16,4,yellow,1,65.0
138,Queens,2024-10-16,4,green,0,
138,Queens,2024-10-16,4,hvfhv,10,18.34
138,Queens,2024-10-16,4,other_fhv,0,
138,Queens,2024-10-16,5,yellow,5,47.74
138,Queens,2024-10-16,5,green,0,
138,Queens,2024-10-16,5,hvfhv,14,51.24
138,Queens,2024-10-16,5,other_fhv,0,
138,Queens,2024-10-16,6,yellow,7,59.26
138,Queens,2024-10-16,6,green,0,
138,Queens,2024-10-16,6,hvfhv,18,37.78
138,Queens,2024-10-16,6,other_fhv,1,
138,Queens,2024-10-16,7,yellow,59,46.59
138,Queens,2024-10-16,7,green,0,
138,Queens,2024-10-16,7,hvfhv,289,63.58
138,Queens,2024-10-16,7,other_fhv,2,
138,Queens,2024-10-16,8,yellow,98,51.67
138,Queens,2024-10-16,8,green,0,
138,Queens,2024-10-16,8,hvfhv,407,66.12
138,Queens,2024-10-16,8,other_fhv,8,
138,Queens,2024-10-16,9,yellow,248,49.76
138,Queens,2024-10-16,9,green,0,
138,Queens,2024-10-16,9,hvfhv,771,67.38
138,Queens,2024-10-16,9,other_fhv,13,
138,Queens,2024-10-16,10,yellow,247,47.18
138,Queens,2024-10-16,10,green,0,
138,Queens,2024-10-16,10,hvfhv,867,70.65
138,Queens,2024-10-16,10,other_fhv,15,
138,Queens,2024-10-16,11,yellow,250,47.84
138,Queens,2024-10-16,11,green,0,
138,Queens,2024-10-16,11,hvfhv,768,68.94
138,Queens,2024-10-16,11,other_fhv,11,
138,Queens,2024-10-16,12,yellow,270,48.2
138,Queens,2024-10-16,12,green,0,
138,Queens,2024-10-16,12,hvfhv,809,66.03
138,Queens,2024-10-16,12,other_fhv,25,
138,Queens,2024-10-16,13,yellow,263,47.21
138,Queens,2024-10-16,13,green,0,
138,Queens,2024-10-16,13,hvfhv,612,65.87
138,Queens,2024-10-16,13,other_fhv,11,
138,Queens,2024-10-16,14,yellow,392,47.58
138,Queens,2024-10-16,14,green,0,
138,Queens,2024-10-16,14,hvfhv,988,67.59
138,Queens,2024-10-16,14,other_fhv,13,
138,Queens,2024-10-16,15,yellow,322,47.56
138,Queens,2024-10-16,15,green,0,
138,Queens,2024-10-16,15,hvfhv,966,69.42
138,Queens,2024-10-16,15,other_fhv,9,
138,Queens,2024-10-16,16,yellow,391,45.87
138,Queens,2024-10-16,16,green,0,
138,Queens,2024-10-16,16,hvfhv,923,69.53
138,Queens,2024-10-16,16,other_fhv,14,
138,Queens,2024-10-16,17,yellow,233,44.35
138,Queens,2024-10-16,17,green,0,
138,Queens,2024-10-16,17,hvfhv,793,66.7
138,Queens,2024-10-16,17,other_fhv,11,
138,Queens,2024-10-16,18,yellow,277,43.55
138,Queens,2024-10-16,18,green,0,
138,Queens,2024-10-16,18,hvfhv,954,58.72
138,Queens,2024-10-16,18,other_fhv,18,
138,Queens,2024-10-16,19,yellow,289,40.1
138,Queens,2024-10-16,19,green,0,
138,Queens,2024-10-16,19,hvfhv,1137,56.84
138,Queens,2024-10-16,19,other_fhv,9,
138,Queens,2024-10-16,20,yellow,278,39.86
138,Queens,2024-10-16,20,green,0,
138,Queens,2024-10-16,20,hvfhv,1158,54.71
138,Queens,2024-10-16,20,other_fhv,14,
138,Queens,2024-10-16,21,yellow,219,42.06
138,Queens,2024-10-16,21,green,0,
138,Queens,2024-10-16,21,hvfhv,1018,49.85
138,Queens,2024-10-16,21,other_fhv,14,
138,Queens,2024-10-16,22,yellow,222,39.63
138,Queens,2024-10-16,22,green,0,
138,Queens,2024-10-16,22,hvfhv,1095,51.88
138,Queens,2024-10-16,22,other_fhv,9,
138,Queens,2024-10-16,23,yellow,284,38.57
138,Queens,2024-10-16,23,green,0,
138,Queens,2024-10-16,23,hvfhv,1000,58.96
138,Queens,2024-10-16,23,other_fhv,11,
139,Queens,2024-10-16,0,yellow,0,
139,Queens,2024-10-16,0,green,0,
139,Queens,2024-10-16,0,hvfhv,25,21.78
139,Queens,2024-10-16,0,other_fhv,0,
139,Queens,2024-10-16,1,yellow,0,
139,Queens,2024-10-16,1,green,0,
139,Queens,2024-10-16,1,hvfhv,13,17.23
139,Queens,2024-10-16,1,other_fhv,0,
139,Queens,2024-10-16,2,yellow,0,
139,Queens,2024-10-16,2,green,0,
139,Queens,2024-10-16,2,hvfhv,10,14.73
139,Queens,2024-10-16,2,other_fhv,0,
139,Queens,2024-10-16,3,yellow,0,
139,Queens,2024-10-16,3,green,0,
139,Queens,2024-10-16,3,hvfhv,12,26.0
139,Queens,2024-10-16,3,other_fhv,0,
139,Queens,2024-10-16,4,yellow,0,
139,Queens,2024-10-16,4,green,0,
139,Queens,2024-10-16,4,hvfhv,27,21.83
139,Queens,2024-10-16,4,other_fhv,0,
139,Queens,2024-10-16,5,yellow,2,24.48
139,Queens,2024-10-16,5,green,0,
139,Queens,2024-10-16,5,hvfhv,31,23.94
139,Queens,2024-10-16,5,other_fhv,0,
139,Queens,2024-10-16,6,yellow,3,50.5
139,Queens,2024-10-16,6,green,0,
139,Queens,2024-10-16,6,hvfhv,58,21.99
139,Queens,2024-10-16,6,other_fhv,1,
139,Queens,2024-10-16,7,yellow,0,
139,Queens,2024-10-16,7,green,0,
139,Queens,2024-10-16,7,hvfhv,100,16.7
139,Queens,2024-10-16,7,other_fhv,1,
139,Queens,2024-10-16,8,yellow,1,8.61
139,Queens,2024-10-16,8,green,0,
139,Queens,2024-10-16,8,hvfhv,117,20.44
139,Queens,2024-10-16,8,other_fhv,0,
139,Queens,2024-10-16,9,yellow,0,
139,Queens,2024-10-16,9,green,0,
139,Queens,2024-10-16,9,hvfhv,79,19.05
139,Queens,2024-10-16,9,other_fhv,0,
139,Queens,2024-10-16,10,yellow,0,
139,Queens,2024-10-16,10,green,0,
139,Queens,2024-10-16,10,hvfhv,58,16.87
139,Queens,2024-10-16,10,other_fhv,1,
139,Queens,2024-10-16,11,yellow,0,
139,Queens,2024-10-16,11,green,0,
139,Queens,2024-10-16,11,hvfhv,43,21.62
139,Queens,2024-10-16,11,other_fhv,0,
139,Queens,2024-10-16,12,yellow,0,
139,Queens,2024-10-16,12,green,0,
139,Queens,2024-10-16,12,hvfhv,62,20.28
139,Queens,2024-10-16,12,other_fhv,0,
139,Queens,2024-10-16,13,yellow,0,
139,Queens,2024-10-16,13,green,0,
139,Queens,2024-10-16,13,hvfhv,60,18.49
139,Queens,2024-10-16,13,other_fhv,2,
139,Queens,2024-10-16,14,yellow,0,
139,Queens,2024-10-16,14,green,0,
139,Queens,2024-10-16,14,hvfhv,69,22.16
139,Queens,2024-10-16,14,other_fhv,0,
139,Queens,2024-10-16,15,yellow,0,
139,Queens,2024-10-16,15,green,0,
139,Queens,2024-10-16,15,hvfhv,67,16.16
139,Queens,2024-10-16,15,other_fhv,0,
139,Queens,2024-10-16,16,yellow,1,52.5
139,Queens,2024-10-16,16,green,1,53.4
139,Queens,2024-10-16,16,hvfhv,65,20.96
139,Queens,2024-10-16,16,other_fhv,1,
139,Queens,2024-10-16,17,yellow,0,
139,Queens,2024-10-16,17,green,0,
139,Queens,2024-10-16,17,hvfhv,73,16.95
139,Queens,2024-10-16,17,other_fhv,0,
139,Queens,2024-10-16,18,yellow,0,
139,Queens,2024-10-16,18,green,0,
139,Queens,2024-10-16,18,hvfhv,68,14.78
139,Queens,2024-10-16,18,other_fhv,0,
139,Queens,2024-10-16,19,yellow,0,
139,Queens,2024-10-16,19,green,0,
139,Queens,2024-10-16,19,hvfhv,47,17.74
139,Queens,2024-10-16,19,other_fhv,1,
139,Queens,2024-10-16,20,yellow,0,
139,Queens,2024-10-16,20,green,0,
139,Queens,2024-10-16,20,hvfhv,56,17.33
139,Queens,2024-10-16,20,other_fhv,1,
139,Queens,2024-10-16,21,yellow,0,
139,Queens,2024-10-16,21,green,0,
139,Queens,2024-10-16,21,hvfhv,44,13.21
139,Queens,2024-10-16,21,other_fhv,0,
139,Queens,2024-10-16,22,yellow,0,
139,Queens,2024-10-16,22,green,0,
139,Queens,2024-10-16,22,hvfhv,36,18.18
139,Queens,2024-10-16,22,other_fhv,0,
139,Queens,2024-10-16,23,yellow,0,
139,Queens,2024-10-16,23,green,0,
139,Queens,2024-10-16,23,hvfhv,40,15.71
139,Queens,2024-10-16,23,other_fhv,0,
140,Manhattan,2024-10-16,0,yellow,14,17.11
140,Manhattan,2024-10-16,0,green,0,
140,Manhattan,2024-10-16,0,hvfhv,71,23.48
140,Manhattan,2024-10-16,0,other_fhv,0,
140,Manhattan,2024-10-16,1,yellow,8,16.95
140,Manhattan,2024-10-16,1,green,0,
140,Manhattan,2024-10-16,1,hvfhv,30,22.97
140,Manhattan,2024-10-16,1,other_fhv,0,
140,Manhattan,2024-10-16,2,yellow,2,10.7
140,Manhattan,2024-10-16,2,green,0,
140,Manhattan,2024-10-16,2,hvfhv,16,17.28
140,Manhattan,2024-10-16,2,other_fhv,0,
140,Manhattan,2024-10-16,3,yellow,1,7.2
140,Manhattan,2024-10-16,3,green,0,
140,Manhattan,2024-10-16,3,hvfhv,18,24.33
140,Manhattan,2024-10-16,3,other_fhv,0,
140,Manhattan,2024-10-16,4,yellow,9,18.7
140,Manhattan,2024-10-16,4,green,0,
140,Manhattan,2024-10-16,4,hvfhv,33,34.16
140,Manhattan,2024-10-16,4,other_fhv,0,
140,Manhattan,2024-10-16,5,yellow,16,11.38
140,Manhattan,2024-10-16,5,green,0,
140,Manhattan,2024-10-16,5,hvfhv,72,33.63
140,Manhattan,2024-10-16,5,other_fhv,0,
140,Manhattan,2024-10-16,6,yellow,56,15.31
140,Manhattan,2024-10-16,6,green,0,
140,Manhattan,2024-10-16,6,hvfhv,120,26.78
140,Manhattan,2024-10-16,6,other_fhv,2,
140,Manhattan,2024-10-16,7,yellow,150,14.97
140,Manhattan,2024-10-16,7,green,0,
140,Manhattan,2024-10-16,7,hvfhv,183,30.37
140,Manhattan,2024-10-16,7,other_fhv,2,
140,Manhattan,2024-10-16,8,yellow,196,16.44
140,Manhattan,2024-10-16,8,green,0,
140,Manhattan,2024-10-16,8,hvfhv,252,31.48
140,Manhattan,2024-10-16,8,other_fhv,3,
140,Manhattan,2024-10-16,9,yellow,201,16.22
140,Manhattan,2024-10-16,9,green,0,
140,Manhattan,2024-10-16,9,hvfhv,249,30.76
140,Manhattan,2024-10-16,9,other_fhv,4,
140,Manhattan,2024-10-16,10,yellow,191,15.67
140,Manhattan,2024-10-16,10,green,0,
140,Manhattan,2024-10-16,10,hvfhv,218,30.57
140,Manhattan,2024-10-16,10,other_fhv,4,
140,Manhattan,2024-10-16,11,yellow,194,15.97
140,Manhattan,2024-10-16,11,green,0,
140,Manhattan,2024-10-16,11,hvfhv,204,32.44
140,Manhattan,2024-10-16,11,other_fhv,10,
140,Manhattan,2024-10-16,12,yellow,197,18.15
140,Manhattan,2024-10-16,12,green,0,
140,Manhattan,2024-10-16,12,hvfhv,202,33.97
140,Manhattan,2024-10-16,12,other_fhv,5,
140,Manhattan,2024-10-16,13,yellow,153,18.68
140,Manhattan,2024-10-16,13,green,0,
140,Manhattan,2024-10-16,13,hvfhv,183,43.3
140,Manhattan,2024-10-16,13,other_fhv,1,
140,Manhattan,2024-10-16,14,yellow,206,17.22
140,Manhattan,2024-10-16,14,green,0,
140,Manhattan,2024-10-16,14,hvfhv,220,36.11
140,Manhattan,2024-10-16,14,other_fhv,6,
140,Manhattan,2024-10-16,15,yellow,236,17.72
140,Manhattan,2024-10-16,15,green,0,
140,Manhattan,2024-10-16,15,hvfhv,222,42.0
140,Manhattan,2024-10-16,15,other_fhv,8,
140,Manhattan,2024-10-16,16,yellow,206,18.36
140,Manhattan,2024-10-16,16,green,0,
140,Manhattan,2024-10-16,16,hvfhv,225,35.35
140,Manhattan,2024-10-16,16,other_fhv,4,
140,Manhattan,2024-10-16,17,yellow,214,16.05
140,Manhattan,2024-10-16,17,green,0,
140,Manhattan,2024-10-16,17,hvfhv,264,31.27
140,Manhattan,2024-10-16,17,other_fhv,3,
140,Manhattan,2024-10-16,18,yellow,222,14.71
140,Manhattan,2024-10-16,18,green,0,
140,Manhattan,2024-10-16,18,hvfhv,240,30.46
140,Manhattan,2024-10-16,18,other_fhv,3,
140,Manhattan,2024-10-16,19,yellow,179,14.19
140,Manhattan,2024-10-16,19,green,0,
140,Manhattan,2024-10-16,19,hvfhv,253,28.28
140,Manhattan,2024-10-16,19,other_fhv,6,
140,Manhattan,2024-10-16,20,yellow,91,13.25
140,Manhattan,2024-10-16,20,green,0,
140,Manhattan,2024-10-16,20,hvfhv,182,27.8
140,Manhattan,2024-10-16,20,other_fhv,3,
140,Manhattan,2024-10-16,21,yellow,71,12.63
140,Manhattan,2024-10-16,21,green,0,
140,Manhattan,2024-10-16,21,hvfhv,174,26.0
140,Manhattan,2024-10-16,21,other_fhv,0,
140,Manhattan,2024-10-16,22,yellow,54,14.79
140,Manhattan,2024-10-16,22,green,0,
140,Manhattan,2024-10-16,22,hvfhv,175,26.71
140,Manhattan,2024-10-16,22,other_fhv,2,
140,Manhattan,2024-10-16,23,yellow,41,11.43
140,Manhattan,2024-10-16,23,green,1,32.5
140,Manhattan,2024-10-16,23,hvfhv,128,29.52
140,Manhattan,2024-10-16,23,other_fhv,2,
141,Manhattan,2024-10-16,0,yellow,30,13.19
141,Manhattan,2024-10-16,0,green,0,
141,Manhattan,2024-10-16,0,hvfhv,64,24.66
141,Manhattan,2024-10-16,0,other_fhv,1,
141,Manhattan,2024-10-16,1,yellow,11,12.35
141,Manhattan,2024-10-16,1,green,0,
141,Manhattan,2024-10-16,1,hvfhv,33,22.8
141,Manhattan,2024-10-16,1,other_fhv,0,
141,Manhattan,2024-10-16,2,yellow,7,14.5
141,Manhattan,2024-10-16,2,green,0,
141,Manhattan,2024-10-16,2,hvfhv,23,19.2
141,Manhattan,2024-10-16,2,other_fhv,0,
141,Manhattan,2024-10-16,3,yellow,5,10.84
141,Manhattan,2024-10-16,3,green,0,
141,Manhattan,2024-10-16,3,hvfhv,31,28.48
141,Manhattan,2024-10-16,3,other_fhv,0,
141,Manhattan,2024-10-16,4,yellow,9,22.37
141,Manhattan,2024-10-16,4,green,0,
141,Manhattan,2024-10-16,4,hvfhv,62,42.59
141,Manhattan,2024-10-16,4,other_fhv,1,
141,Manhattan,2024-10-16,5,yellow,17,14.91
141,Manhattan,2024-10-16,5,green,0,
141,Manhattan,2024-10-16,5,hvfhv,89,37.38
141,Manhattan,2024-10-16,5,other_fhv,0,
141,Manhattan,2024-10-16,6,yellow,68,14.04
141,Manhattan,2024-10-16,6,green,0,
141,Manhattan,2024-10-16,6,hvfhv,166,30.29
141,Manhattan,2024-10-16,6,other_fhv,1,
141,Manhattan,2024-10-16,7,yellow,141,14.98
141,Manhattan,2024-10-16,7,green,0,
141,Manhattan,2024-10-16,7,hvfhv,249,32.51
141,Manhattan,2024-10-16,7,other_fhv,4,
141,Manhattan,2024-10-16,8,yellow,187,16.49
141,Manhattan,2024-10-16,8,green,0,
141,Manhattan,2024-10-16,8,hvfhv,331,34.45
141,Manhattan,2024-10-16,8,other_fhv,2,
141,Manhattan,2024-10-16,9,yellow,179,14.3
141,Manhattan,2024-10-16,9,green,0,
141,Manhattan,2024-10-16,9,hvfhv,292,26.77
141,Manhattan,2024-10-16,9,other_fhv,1,
141,Manhattan,2024-10-16,10,yellow,148,13.88
141,Manhattan,2024-10-16,10,green,0,
141,Manhattan,2024-10-16,10,hvfhv,240,31.56
141,Manhattan,2024-10-16,10,other_fhv,5,
141,Manhattan,2024-10-16,11,yellow,163,16.26
141,Manhattan,2024-10-16,11,green,0,
141,Manhattan,2024-10-16,11,hvfhv,176,28.66
141,Manhattan,2024-10-16,11,other_fhv,3,
141,Manhattan,2024-10-16,12,yellow,173,15.14
141,Manhattan,2024-10-16,12,green,0,
141,Manhattan,2024-10-16,12,hvfhv,187,31.93
141,Manhattan,2024-10-16,12,other_fhv,4,
141,Manhattan,2024-10-16,13,yellow,172,14.63
141,Manhattan,2024-10-16,13,green,0,
141,Manhattan,2024-10-16,13,hvfhv,166,34.7
141,Manhattan,2024-10-16,13,other_fhv,3,
141,Manhattan,2024-10-16,14,yellow,160,16.4
141,Manhattan,2024-10-16,14,green,0,
141,Manhattan,2024-10-16,14,hvfhv,162,35.54
141,Manhattan,2024-10-16,14,other_fhv,1,
141,Manhattan,2024-10-16,15,yellow,160,17.91
141,Manhattan,2024-10-16,15,green,0,
141,Manhattan,2024-10-16,15,hvfhv,201,40.14
141,Manhattan,2024-10-16,15,other_fhv,3,
141,Manhattan,2024-10-16,16,yellow,138,15.63
141,Manhattan,2024-10-16,16,green,0,
141,Manhattan,2024-10-16,16,hvfhv,192,42.77
141,Manhattan,2024-10-16,16,other_fhv,2,
141,Manhattan,2024-10-16,17,yellow,220,13.21
141,Manhattan,2024-10-16,17,green,0,
141,Manhattan,2024-10-16,17,hvfhv,216,33.38
141,Manhattan,2024-10-16,17,other_fhv,2,
141,Manhattan,2024-10-16,18,yellow,202,14.35
141,Manhattan,2024-10-16,18,green,0,
141,Manhattan,2024-10-16,18,hvfhv,288,28.83
141,Manhattan,2024-10-16,18,other_fhv,3,
141,Manhattan,2024-10-16,19,yellow,186,12.78
141,Manhattan,2024-10-16,19,green,0,
141,Manhattan,2024-10-16,19,hvfhv,262,28.36
141,Manhattan,2024-10-16,19,other_fhv,1,
141,Manhattan,2024-10-16,20,yellow,152,11.67
141,Manhattan,2024-10-16,20,green,0,
141,Manhattan,2024-10-16,20,hvfhv,204,32.97
141,Manhattan,2024-10-16,20,other_fhv,2,
141,Manhattan,2024-10-16,21,yellow,141,12.8
141,Manhattan,2024-10-16,21,green,0,
141,Manhattan,2024-10-16,21,hvfhv,191,28.08
141,Manhattan,2024-10-16,21,other_fhv,4,
141,Manhattan,2024-10-16,22,yellow,85,12.32
141,Manhattan,2024-10-16,22,green,0,
141,Manhattan,2024-10-16,22,hvfhv,190,25.14
141,Manhattan,2024-10-16,22,other_fhv,1,
141,Manhattan,2024-10-16,23,yellow,62,12.63
141,Manhattan,2024-10-16,23,green,0,
141,Manhattan,2024-10-16,23,hvfhv,133,23.83
141,Manhattan,2024-10-16,23,other_fhv,1,
142,Manhattan,2024-10-16,0,yellow,46,15.4
142,Manhattan,2024-10-16,0,green,0,
142,Manhattan,2024-10-16,0,hvfhv,113,29.86
142,Manhattan,2024-10-16,0,other_fhv,2,
142,Manhattan,2024-10-16,1,yellow,13,10.76
142,Manhattan,2024-10-16,1,green,0,
142,Manhattan,2024-10-16,1,hvfhv,50,25.41
142,Manhattan,2024-10-16,1,other_fhv,0,
142,Manhattan,2024-10-16,2,yellow,4,36.02
142,Manhattan,2024-10-16,2,green,0,
142,Manhattan,2024-10-16,2,hvfhv,24,29.15
142,Manhattan,2024-10-16,2,other_fhv,1,
142,Manhattan,2024-10-16,3,yellow,2,36.66
142,Manhattan,2024-10-16,3,green,0,
142,Manhattan,2024-10-16,3,hvfhv,17,52.51
142,Manhattan,2024-10-16,3,other_fhv,0,
142,Manhattan,2024-10-16,4,yellow,4,85.37
142,Manhattan,2024-10-16,4,green,0,
142,Manhattan,2024-10-16,4,hvfhv,51,45.73
142,Manhattan,2024-10-16,4,other_fhv,0,
142,Manhattan,2024-10-16,5,yellow,5,20.96
142,Manhattan,2024-10-16,5,green,0,
142,Manhattan,2024-10-16,5,hvfhv,73,42.33
142,Manhattan,2024-10-16,5,other_fhv,2,
142,Manhattan,2024-10-16,6,yellow,48,15.14
142,Manhattan,2024-10-16,6,green,0,
142,Manhattan,2024-10-16,6,hvfhv,137,32.56
142,Manhattan,2024-10-16,6,other_fhv,3,
142,Manhattan,2024-10-16,7,yellow,177,13.93
142,Manhattan,2024-10-16,7,green,0,
142,Manhattan,2024-10-16,7,hvfhv,179,36.16
142,Manhattan,2024-10-16,7,other_fhv,4,
142,Manhattan,2024-10-16,8,yellow,241,16.3
142,Manhattan,2024-10-16,8,green,0,
142,Manhattan,2024-10-16,8,hvfhv,219,40.74
142,Manhattan,2024-10-16,8,other_fhv,0,
142,Manhattan,2024-10-16,9,yellow,180,14.99
142,Manhattan,2024-10-16,9,green,0,
142,Manhattan,2024-10-16,9,hvfhv,251,32.99
142,Manhattan,2024-10-16,9,other_fhv,2,
142,Manhattan,2024-10-16,10,yellow,184,14.21
142,Manhattan,2024-10-16,10,green,0,
142,Manhattan,2024-10-16,10,hvfhv,200,27.46
142,Manhattan,2024-10-16,10,other_fhv,4,
142,Manhattan,2024-10-16,11,yellow,195,13.86
142,Manhattan,2024-10-16,11,green,0,
142,Manhattan,2024-10-16,11,hvfhv,208,29.95
142,Manhattan,2024-10-16,11,other_fhv,2,
142,Manhattan,2024-10-16,12,yellow,236,15.13
142,Manhattan,2024-10-16,12,green,0,
142,Manhattan,2024-10-16,12,hvfhv,199,31.88
142,Manhattan,2024-10-16,12,other_fhv,1,
142,Manhattan,2024-10-16,13,yellow,210,16.53
142,Manhattan,2024-10-16,13,green,0,
142,Manhattan,2024-10-16,13,hvfhv,202,38.33
142,Manhattan,2024-10-16,13,other_fhv,2,
142,Manhattan,2024-10-16,14,yellow,250,15.39
142,Manhattan,2024-10-16,14,green,0,
142,Manhattan,2024-10-16,14,hvfhv,203,32.52
142,Manhattan,2024-10-16,14,other_fhv,1,
142,Manhattan,2024-10-16,15,yellow,240,14.87
142,Manhattan,2024-10-16,15,green,0,
142,Manhattan,2024-10-16,15,hvfhv,194,33.34
142,Manhattan,2024-10-16,15,other_fhv,3,
142,Manhattan,2024-10-16,16,yellow,203,15.31
142,Manhattan,2024-10-16,16,green,0,
142,Manhattan,2024-10-16,16,hvfhv,228,35.85
142,Manhattan,2024-10-16,16,other_fhv,1,
142,Manhattan,2024-10-16,17,yellow,295,15.56
142,Manhattan,2024-10-16,17,green,0,
142,Manhattan,2024-10-16,17,hvfhv,252,33.75
142,Manhattan,2024-10-16,17,other_fhv,0,
142,Manhattan,2024-10-16,18,yellow,361,14.18
142,Manhattan,2024-10-16,18,green,0,
142,Manhattan,2024-10-16,18,hvfhv,302,32.83
142,Manhattan,2024-10-16,18,other_fhv,3,
142,Manhattan,2024-10-16,19,yellow,275,13.67
142,Manhattan,2024-10-16,19,green,0,
142,Manhattan,2024-10-16,19,hvfhv,291,30.63
142,Manhattan,2024-10-16,19,other_fhv,6,
142,Manhattan,2024-10-16,20,yellow,347,13.69
142,Manhattan,2024-10-16,20,green,0,
142,Manhattan,2024-10-16,20,hvfhv,307,36.78
142,Manhattan,2024-10-16,20,other_fhv,2,
142,Manhattan,2024-10-16,21,yellow,305,14.48
142,Manhattan,2024-10-16,21,green,0,
142,Manhattan,2024-10-16,21,hvfhv,358,37.82
142,Manhattan,2024-10-16,21,other_fhv,4,
142,Manhattan,2024-10-16,22,yellow,407,16.36
142,Manhattan,2024-10-16,22,green,0,
142,Manhattan,2024-10-16,22,hvfhv,317,37.72
142,Manhattan,2024-10-16,22,other_fhv,3,
142,Manhattan,2024-10-16,23,yellow,118,16.14
142,Manhattan,2024-10-16,23,green,0,
142,Manhattan,2024-10-16,23,hvfhv,193,33.61
142,Manhattan,2024-10-16,23,other_fhv,1,
143,Manhattan,2024-10-16,0,yellow,4,13.85
143,Manhattan,2024-10-16,0,green,0,
143,Manhattan,2024-10-16,0,hvfhv,28,30.86
143,Manhattan,2024-10-16,0,other_fhv,1,
143,Manhattan,2024-10-16,1,yellow,0,
143,Manhattan,2024-10-16,1,green,0,
143,Manhattan,2024-10-16,1,hvfhv,13,29.76
143,Manhattan,2024-10-16,1,other_fhv,0,
143,Manhattan,2024-10-16,2,yellow,0,
143,Manhattan,2024-10-16,2,green,0,
143,Manhattan,2024-10-16,2,hvfhv,8,35.56
143,Manhattan,2024-10-16,2,other_fhv,0,
143,Manhattan,2024-10-16,3,yellow,1,24.0
143,Manhattan,2024-10-16,3,green,0,
143,Manhattan,2024-10-16,3,hvfhv,15,37.66
143,Manhattan,2024-10-16,3,other_fhv,0,
143,Manhattan,2024-10-16,4,yellow,6,26.31
143,Manhattan,2024-10-16,4,green,0,
143,Manhattan,2024-10-16,4,hvfhv,47,48.7
143,Manhattan,2024-10-16,4,other_fhv,0,
143,Manhattan,2024-10-16,5,yellow,13,10.99
143,Manhattan,2024-10-16,5,green,0,
143,Manhattan,2024-10-16,5,hvfhv,59,40.76
143,Manhattan,2024-10-16,5,other_fhv,0,
143,Manhattan,2024-10-16,6,yellow,39,16.31
143,Manhattan,2024-10-16,6,green,0,
143,Manhattan,2024-10-16,6,hvfhv,140,32.82
143,Manhattan,2024-10-16,6,other_fhv,2,
143,Manhattan,2024-10-16,7,yellow,86,15.91
143,Manhattan,2024-10-16,7,green,0,
143,Manhattan,2024-10-16,7,hvfhv,218,34.76
143,Manhattan,2024-10-16,7,other_fhv,8,
143,Manhattan,2024-10-16,8,yellow,119,16.35
143,Manhattan,2024-10-16,8,green,0,
143,Manhattan,2024-10-16,8,hvfhv,275,38.17
143,Manhattan,2024-10-16,8,other_fhv,4,
143,Manhattan,2024-10-16,9,yellow,120,14.76
143,Manhattan,2024-10-16,9,green,0,
143,Manhattan,2024-10-16,9,hvfhv,268,27.82
143,Manhattan,2024-10-16,9,other_fhv,0,
143,Manhattan,2024-10-16,10,yellow,103,15.28
143,Manhattan,2024-10-16,10,green,0,
143,Manhattan,2024-10-16,10,hvfhv,232,27.01
143,Manhattan,2024-10-16,10,other_fhv,6,
143,Manhattan,2024-10-16,11,yellow,81,14.55
143,Manhattan,2024-10-16,11,green,0,
143,Manhattan,2024-10-16,11,hvfhv,206,27.41
143,Manhattan,2024-10-16,11,other_fhv,5,
143,Manhattan,2024-10-16,12,yellow,78,16.33
143,Manhattan,2024-10-16,12,green,0,
143,Manhattan,2024-10-16,12,hvfhv,142,27.88
143,Manhattan,2024-10-16,12,other_fhv,2,
143,Manhattan,2024-10-16,13,yellow,97,14.23
143,Manhattan,2024-10-16,13,green,0,
143,Manhattan,2024-10-16,13,hvfhv,140,30.32
143,Manhattan,2024-10-16,13,other_fhv,1,
143,Manhattan,2024-10-16,14,yellow,99,16.01
143,Manhattan,2024-10-16,14,green,0,
143,Manhattan,2024-10-16,14,hvfhv,195,29.77
143,Manhattan,2024-10-16,14,other_fhv,2,
143,Manhattan,2024-10-16,15,yellow,106,14.38
143,Manhattan,2024-10-16,15,green,0,
143,Manhattan,2024-10-16,15,hvfhv,204,31.6
143,Manhattan,2024-10-16,15,other_fhv,2,
143,Manhattan,2024-10-16,16,yellow,74,15.21
143,Manhattan,2024-10-16,16,green,0,
143,Manhattan,2024-10-16,16,hvfhv,180,29.64
143,Manhattan,2024-10-16,16,other_fhv,0,
143,Manhattan,2024-10-16,17,yellow,114,13.79
143,Manhattan,2024-10-16,17,green,0,
143,Manhattan,2024-10-16,17,hvfhv,231,30.3
143,Manhattan,2024-10-16,17,other_fhv,1,
143,Manhattan,2024-10-16,18,yellow,102,14.42
143,Manhattan,2024-10-16,18,green,0,
143,Manhattan,2024-10-16,18,hvfhv,210,27.71
143,Manhattan,2024-10-16,18,other_fhv,1,
143,Manhattan,2024-10-16,19,yellow,59,12.15
143,Manhattan,2024-10-16,19,green,0,
143,Manhattan,2024-10-16,19,hvfhv,172,25.99
143,Manhattan,2024-10-16,19,other_fhv,2,
143,Manhattan,2024-10-16,20,yellow,48,14.36
143,Manhattan,2024-10-16,20,green,0,
143,Manhattan,2024-10-16,20,hvfhv,134,27.26
143,Manhattan,2024-10-16,20,other_fhv,1,
143,Manhattan,2024-10-16,21,yellow,46,16.91
143,Manhattan,2024-10-16,21,green,0,
143,Manhattan,2024-10-16,21,hvfhv,102,29.13
143,Manhattan,2024-10-16,21,other_fhv,2,
143,Manhattan,2024-10-16,22,yellow,42,16.2
143,Manhattan,2024-10-16,22,green,0,
143,Manhattan,2024-10-16,22,hvfhv,90,25.88
143,Manhattan,2024-10-16,22,other_fhv,0,
143,Manhattan,2024-10-16,23,yellow,10,11.47
143,Manhattan,2024-10-16,23,green,0,
143,Manhattan,2024-10-16,23,hvfhv,70,24.66
143,Manhattan,2024-10-16,23,other_fhv,1,
144,Manhattan,2024-10-16,0,yellow,22,15.82
144,Manhattan,2024-10-16,0,green,0,
144,Manhattan,2024-10-16,0,hvfhv,156,26.67
144,Manhattan,2024-10-16,0,other_fhv,0,
144,Manhattan,2024-10-16,1,yellow,17,15.23
144,Manhattan,2024-10-16,1,green,0,
144,Manhattan,2024-10-16,1,hvfhv,72,24.69
144,Manhattan,2024-10-16,1,other_fhv,2,
144,Manhattan,2024-10-16,2,yellow,8,11.99
144,Manhattan,2024-10-16,2,green,0,
144,Manhattan,2024-10-16,2,hvfhv,47,20.24
144,Manhattan,2024-10-16,2,other_fhv,0,
144,Manhattan,2024-10-16,3,yellow,2,9.3
144,Manhattan,2024-10-16,3,green,0,
144,Manhattan,2024-10-16,3,hvfhv,27,27.73
144,Manhattan,2024-10-16,3,other_fhv,0,
144,Manhattan,2024-10-16,4,yellow,1,10.7
144,Manhattan,2024-10-16,4,green,0,
144,Manhattan,2024-10-16,4,hvfhv,35,34.18
144,Manhattan,2024-10-16,4,other_fhv,0,
144,Manhattan,2024-10-16,5,yellow,1,-0.59
144,Manhattan,2024-10-16,5,green,0,
144,Manhattan,2024-10-16,5,hvfhv,46,39.65
144,Manhattan,2024-10-16,5,other_fhv,0,
144,Manhattan,2024-10-16,6,yellow,5,9.97
144,Manhattan,2024-10-16,6,green,0,
144,Manhattan,2024-10-16,6,hvfhv,68,37.22
144,Manhattan,2024-10-16,6,other_fhv,1,
144,Manhattan,2024-10-16,7,yellow,17,12.25
144,Manhattan,2024-10-16,7,green,0,
144,Manhattan,2024-10-16,7,hvfhv,83,40.74
144,Manhattan,2024-10-16,7,other_fhv,1,
144,Manhattan,2024-10-16,8,yellow,38,15.3
144,Manhattan,2024-10-16,8,green,0,
144,Manhattan,2024-10-16,8,hvfhv,147,36.03
144,Manhattan,2024-10-16,8,other_fhv,3,
144,Manhattan,2024-10-16,9,yellow,21,17.23
144,Manhattan,2024-10-16,9,green,0,
144,Manhattan,2024-10-16,9,hvfhv,177,30.17
144,Manhattan,2024-10-16,9,other_fhv,5,
144,Manhattan,2024-10-16,10,yellow,29,17.53
144,Manhattan,2024-10-16,10,green,0,
144,Manhattan,2024-10-16,10,hvfhv,157,28.67
144,Manhattan,2024-10-16,10,other_fhv,1,
144,Manhattan,2024-10-16,11,yellow,32,16.74
144,Manhattan,2024-10-16,11,green,0,
144,Manhattan,2024-10-16,11,hvfhv,151,33.66
144,Manhattan,2024-10-16,11,other_fhv,5,
144,Manhattan,2024-10-16,12,yellow,42,19.23
144,Manhattan,2024-10-16,12,green,0,
144,Manhattan,2024-10-16,12,hvfhv,147,34.34
144,Manhattan,2024-10-16,12,other_fhv,6,
144,Manhattan,2024-10-16,13,yellow,47,20.32
144,Manhattan,2024-10-16,13,green,0,
144,Manhattan,2024-10-16,13,hvfhv,172,35.85
144,Manhattan,2024-10-16,13,other_fhv,2,
144,Manhattan,2024-10-16,14,yellow,56,17.82
144,Manhattan,2024-10-16,14,green,0,
144,Manhattan,2024-10-16,14,hvfhv,214,41.1
144,Manhattan,2024-10-16,14,other_fhv,4,
144,Manhattan,2024-10-16,15,yellow,61,23.78
144,Manhattan,2024-10-16,15,green,0,
144,Manhattan,2024-10-16,15,hvfhv,190,39.68
144,Manhattan,2024-10-16,15,other_fhv,2,
144,Manhattan,2024-10-16,16,yellow,56,21.85
144,Manhattan,2024-10-16,16,green,0,
144,Manhattan,2024-10-16,16,hvfhv,216,36.16
144,Manhattan,2024-10-16,16,other_fhv,2,
144,Manhattan,2024-10-16,17,yellow,67,17.21
144,Manhattan,2024-10-16,17,green,0,
144,Manhattan,2024-10-16,17,hvfhv,232,41.17
144,Manhattan,2024-10-16,17,other_fhv,3,
144,Manhattan,2024-10-16,18,yellow,69,18.44
144,Manhattan,2024-10-16,18,green,0,
144,Manhattan,2024-10-16,18,hvfhv,301,33.62
144,Manhattan,2024-10-16,18,other_fhv,0,
144,Manhattan,2024-10-16,19,yellow,97,17.2
144,Manhattan,2024-10-16,19,green,0,
144,Manhattan,2024-10-16,19,hvfhv,404,30.76
144,Manhattan,2024-10-16,19,other_fhv,1,
144,Manhattan,2024-10-16,20,yellow,80,15.53
144,Manhattan,2024-10-16,20,green,0,
144,Manhattan,2024-10-16,20,hvfhv,359,26.36
144,Manhattan,2024-10-16,20,other_fhv,2,
144,Manhattan,2024-10-16,21,yellow,86,16.08
144,Manhattan,2024-10-16,21,green,0,
144,Manhattan,2024-10-16,21,hvfhv,397,30.13
144,Manhattan,2024-10-16,21,other_fhv,3,
144,Manhattan,2024-10-16,22,yellow,136,16.21
144,Manhattan,2024-10-16,22,green,0,
144,Manhattan,2024-10-16,22,hvfhv,303,31.32
144,Manhattan,2024-10-16,22,other_fhv,6,
144,Manhattan,2024-10-16,23,yellow,80,15.29
144,Manhattan,2024-10-16,23,green,0,
144,Manhattan,2024-10-16,23,hvfhv,277,29.68
144,Manhattan,2024-10-16,23,other_fhv,3,
145,Queens,2024-10-16,0,yellow,4,48.44
145,Queens,2024-10-16,0,green,0,
145,Queens,2024-10-16,0,hvfhv,151,20.16
145,Queens,2024-10-16,0,other_fhv,1,
145,Queens,2024-10-16,1,yellow,1,70.0
145,Queens,2024-10-16,1,green,0,
145,Queens,2024-10-16,1,hvfhv,87,20.57
145,Queens,2024-10-16,1,other_fhv,2,
145,Queens,2024-10-16,2,yellow,1,28.98
145,Queens,2024-10-16,2,green,0,
145,Queens,2024-10-16,2,hvfhv,48,18.8
145,Queens,2024-10-16,2,other_fhv,1,
145,Queens,2024-10-16,3,yellow,0,
145,Queens,2024-10-16,3,green,0,
145,Queens,2024-10-16,3,hvfhv,40,24.53
145,Queens,2024-10-16,3,other_fhv,0,
145,Queens,2024-10-16,4,yellow,2,16.21
145,Queens,2024-10-16,4,green,0,
145,Queens,2024-10-16,4,hvfhv,70,35.58
145,Queens,2024-10-16,4,other_fhv,0,
145,Queens,2024-10-16,5,yellow,2,19.05
145,Queens,2024-10-16,5,green,0,
145,Queens,2024-10-16,5,hvfhv,96,30.85
145,Queens,2024-10-16,5,other_fhv,1,
145,Queens,2024-10-16,6,yellow,3,25.8
145,Queens,2024-10-16,6,green,0,
145,Queens,2024-10-16,6,hvfhv,161,29.19
145,Queens,2024-10-16,6,other_fhv,2,
145,Queens,2024-10-16,7,yellow,9,7.94
145,Queens,2024-10-16,7,green,0,
145,Queens,2024-10-16,7,hvfhv,217,26.33
145,Queens,2024-10-16,7,other_fhv,2,
145,Queens,2024-10-16,8,yellow,6,11.07
145,Queens,2024-10-16,8,green,0,
145,Queens,2024-10-16,8,hvfhv,317,24.46
145,Queens,2024-10-16,8,other_fhv,4,
145,Queens,2024-10-16,9,yellow,7,14.07
145,Queens,2024-10-16,9,green,0,
145,Queens,2024-10-16,9,hvfhv,246,24.2
145,Queens,2024-10-16,9,other_fhv,4,
145,Queens,2024-10-16,10,yellow,4,5.62
145,Queens,2024-10-16,10,green,0,
145,Queens,2024-10-16,10,hvfhv,171,27.34
145,Queens,2024-10-16,10,other_fhv,2,
145,Queens,2024-10-16,11,yellow,4,21.4
145,Queens,2024-10-16,11,green,0,
145,Queens,2024-10-16,11,hvfhv,158,25.02
145,Queens,2024-10-16,11,other_fhv,2,
145,Queens,2024-10-16,12,yellow,5,22.16
145,Queens,2024-10-16,12,green,1,15.0
145,Queens,2024-10-16,12,hvfhv,179,27.53
145,Queens,2024-10-16,12,other_fhv,3,
145,Queens,2024-10-16,13,yellow,3,8.62
145,Queens,2024-10-16,13,green,0,
145,Queens,2024-10-16,13,hvfhv,205,29.19
145,Queens,2024-10-16,13,other_fhv,3,
145,Queens,2024-10-16,14,yellow,6,32.1
145,Queens,2024-10-16,14,green,0,
145,Queens,2024-10-16,14,hvfhv,177,25.73
145,Queens,2024-10-16,14,other_fhv,3,
145,Queens,2024-10-16,15,yellow,12,38.58
145,Queens,2024-10-16,15,green,0,
145,Queens,2024-10-16,15,hvfhv,201,29.65
145,Queens,2024-10-16,15,other_fhv,2,
145,Queens,2024-10-16,16,yellow,30,15.17
145,Queens,2024-10-16,16,green,0,
145,Queens,2024-10-16,16,hvfhv,240,27.11
145,Queens,2024-10-16,16,other_fhv,5,
145,Queens,2024-10-16,17,yellow,17,11.29
145,Queens,2024-10-16,17,green,0,
145,Queens,2024-10-16,17,hvfhv,278,25.15
145,Queens,2024-10-16,17,other_fhv,4,
145,Queens,2024-10-16,18,yellow,7,15.96
145,Queens,2024-10-16,18,green,0,
145,Queens,2024-10-16,18,hvfhv,344,22.77
145,Queens,2024-10-16,18,other_fhv,4,
145,Queens,2024-10-16,19,yellow,3,35.26
145,Queens,2024-10-16,19,green,0,
145,Queens,2024-10-16,19,hvfhv,313,21.82
145,Queens,2024-10-16,19,other_fhv,5,
145,Queens,2024-10-16,20,yellow,0,
145,Queens,2024-10-16,20,green,1,90.0
145,Queens,2024-10-16,20,hvfhv,261,21.34
145,Queens,2024-10-16,20,other_fhv,2,
145,Queens,2024-10-16,21,yellow,4,32.36
145,Queens,2024-10-16,21,green,0,
145,Queens,2024-10-16,21,hvfhv,289,23.26
145,Queens,2024-10-16,21,other_fhv,4,
145,Queens,2024-10-16,22,yellow,1,12.1
145,Queens,2024-10-16,22,green,0,
145,Queens,2024-10-16,22,hvfhv,290,20.4
145,Queens,2024-10-16,22,other_fhv,4,
145,Queens,2024-10-16,23,yellow,10,16.15
145,Queens,2024-10-16,23,green,0,
145,Queens,2024-10-16,23,hvfhv,320,19.06
145,Queens,2024-10-16,23,other_fhv,2,
146,Queens,2024-10-16,0,yellow,0,
146,Queens,2024-10-16,0,green,0,
146,Queens,2024-10-16,0,hvfhv,48,15.73
146,Queens,2024-10-16,0,other_fhv,0,
146,Queens,2024-10-16,1,yellow,0,
146,Queens,2024-10-16,1,green,0,
146,Queens,2024-10-16,1,hvfhv,19,16.98
146,Queens,2024-10-16,1,other_fhv,0,
146,Queens,2024-10-16,2,yellow,1,6.5
146,Queens,2024-10-16,2,green,0,
146,Queens,2024-10-16,2,hvfhv,21,22.45
146,Queens,2024-10-16,2,other_fhv,0,
146,Queens,2024-10-16,3,yellow,0,
146,Queens,2024-10-16,3,green,0,
146,Queens,2024-10-16,3,hvfhv,17,24.59
146,Queens,2024-10-16,3,other_fhv,0,
146,Queens,2024-10-16,4,yellow,2,35.75
146,Queens,2024-10-16,4,green,0,
146,Queens,2024-10-16,4,hvfhv,20,29.31
146,Queens,2024-10-16,4,other_fhv,1,
146,Queens,2024-10-16,5,yellow,5,21.42
146,Queens,2024-10-16,5,green,0,
146,Queens,2024-10-16,5,hvfhv,44,31.26
146,Queens,2024-10-16,5,other_fhv,0,
146,Queens,2024-10-16,6,yellow,3,16.77
146,Queens,2024-10-16,6,green,0,
146,Queens,2024-10-16,6,hvfhv,53,33.37
146,Queens,2024-10-16,6,other_fhv,1,
146,Queens,2024-10-16,7,yellow,5,22.66
146,Queens,2024-10-16,7,green,0,
146,Queens,2024-10-16,7,hvfhv,65,29.36
146,Queens,2024-10-16,7,other_fhv,2,
146,Queens,2024-10-16,8,yellow,7,29.73
146,Queens,2024-10-16,8,green,1,12.43
146,Queens,2024-10-16,8,hvfhv,112,25.2
146,Queens,2024-10-16,8,other_fhv,0,
146,Queens,2024-10-16,9,yellow,4,21.38
146,Queens,2024-10-16,9,green,0,
146,Queens,2024-10-16,9,hvfhv,70,31.58
146,Queens,2024-10-16,9,other_fhv,0,
146,Queens,2024-10-16,10,yellow,3,84.53
146,Queens,2024-10-16,10,green,1,11.4
146,Queens,2024-10-16,10,hvfhv,62,27.21
146,Queens,2024-10-16,10,other_fhv,1,
146,Queens,2024-10-16,11,yellow,0,
146,Queens,2024-10-16,11,green,0,
146,Queens,2024-10-16,11,hvfhv,48,29.38
146,Queens,2024-10-16,11,other_fhv,0,
146,Queens,2024-10-16,12,yellow,5,16.16
146,Queens,2024-10-16,12,green,0,
146,Queens,2024-10-16,12,hvfhv,39,34.51
146,Queens,2024-10-16,12,other_fhv,0,
146,Queens,2024-10-16,13,yellow,4,19.1
146,Queens,2024-10-16,13,green,0,
146,Queens,2024-10-16,13,hvfhv,59,28.74
146,Queens,2024-10-16,13,other_fhv,0,
146,Queens,2024-10-16,14,yellow,2,10.96
146,Queens,2024-10-16,14,green,0,
146,Queens,2024-10-16,14,hvfhv,71,28.34
146,Queens,2024-10-16,14,other_fhv,2,
146,Queens,2024-10-16,15,yellow,3,24.36
146,Queens,2024-10-16,15,green,0,
146,Queens,2024-10-16,15,hvfhv,66,30.13
146,Queens,2024-10-16,15,other_fhv,1,
146,Queens,2024-10-16,16,yellow,3,16.96
146,Queens,2024-10-16,16,green,0,
146,Queens,2024-10-16,16,hvfhv,60,31.47
146,Queens,2024-10-16,16,other_fhv,1,
146,Queens,2024-10-16,17,yellow,3,19.1
146,Queens,2024-10-16,17,green,1,20.5
146,Queens,2024-10-16,17,hvfhv,82,28.22
146,Queens,2024-10-16,17,other_fhv,1,
146,Queens,2024-10-16,18,yellow,4,35.08
146,Queens,2024-10-16,18,green,0,
146,Queens,2024-10-16,18,hvfhv,79,24.7
146,Queens,2024-10-16,18,other_fhv,1,
146,Queens,2024-10-16,19,yellow,0,
146,Queens,2024-10-16,19,green,1,7.9
146,Queens,2024-10-16,19,hvfhv,75,19.82
146,Queens,2024-10-16,19,other_fhv,0,
146,Queens,2024-10-16,20,yellow,0,
146,Queens,2024-10-16,20,green,0,
146,Queens,2024-10-16,20,hvfhv,59,18.06
146,Queens,2024-10-16,20,other_fhv,1,
146,Queens,2024-10-16,21,yellow,3,4.27
146,Queens,2024-10-16,21,green,0,
146,Queens,2024-10-16,21,hvfhv,78,20.9
146,Queens,2024-10-16,21,other_fhv,0,
146,Queens,2024-10-16,22,yellow,2,7.9
146,Queens,2024-10-16,22,green,0,
146,Queens,2024-10-16,22,hvfhv,74,16.72
146,Queens,2024-10-16,22,other_fhv,2,
146,Queens,2024-10-16,23,yellow,3,9.07
146,Queens,2024-10-16,23,green,0,
146,Queens,2024-10-16,23,hvfhv,92,18.29
146,Queens,2024-10-16,23,other_fhv,1,
147,Bronx,2024-10-16,0,yellow,0,
147,Bronx,2024-10-16,0,green,0,
147,Bronx,2024-10-16,0,hvfhv,37,14.13
147,Bronx,2024-10-16,0,other_fhv,0,
147,Bronx,2024-10-16,1,yellow,0,
147,Bronx,2024-10-16,1,green,0,
147,Bronx,2024-10-16,1,hvfhv,13,20.15
147,Bronx,2024-10-16,1,other_fhv,0,
147,Bronx,2024-10-16,2,yellow,0,
147,Bronx,2024-10-16,2,green,0,
147,Bronx,2024-10-16,2,hvfhv,13,19.89
147,Bronx,2024-10-16,2,other_fhv,0,
147,Bronx,2024-10-16,3,yellow,0,
147,Bronx,2024-10-16,3,green,0,
147,Bronx,2024-10-16,3,hvfhv,8,17.99
147,Bronx,2024-10-16,3,other_fhv,0,
147,Bronx,2024-10-16,4,yellow,0,
147,Bronx,2024-10-16,4,green,0,
147,Bronx,2024-10-16,4,hvfhv,17,19.72
147,Bronx,2024-10-16,4,other_fhv,0,
147,Bronx,2024-10-16,5,yellow,0,
147,Bronx,2024-10-16,5,green,0,
147,Bronx,2024-10-16,5,hvfhv,27,24.66
147,Bronx,2024-10-16,5,other_fhv,0,
147,Bronx,2024-10-16,6,yellow,1,47.69
147,Bronx,2024-10-16,6,green,0,
147,Bronx,2024-10-16,6,hvfhv,47,22.87
147,Bronx,2024-10-16,6,other_fhv,0,
147,Bronx,2024-10-16,7,yellow,0,
147,Bronx,2024-10-16,7,green,0,
147,Bronx,2024-10-16,7,hvfhv,109,20.09
147,Bronx,2024-10-16,7,other_fhv,0,
147,Bronx,2024-10-16,8,yellow,0,
147,Bronx,2024-10-16,8,green,1,52.14
147,Bronx,2024-10-16,8,hvfhv,110,18.43
147,Bronx,2024-10-16,8,other_fhv,0,
147,Bronx,2024-10-16,9,yellow,1,15.6
147,Bronx,2024-10-16,9,green,0,
147,Bronx,2024-10-16,9,hvfhv,78,20.06
147,Bronx,2024-10-16,9,other_fhv,1,
147,Bronx,2024-10-16,10,yellow,0,
147,Bronx,2024-10-16,10,green,0,
147,Bronx,2024-10-16,10,hvfhv,56,21.79
147,Bronx,2024-10-16,10,other_fhv,0,
147,Bronx,2024-10-16,11,yellow,0,
147,Bronx,2024-10-16,11,green,0,
147,Bronx,2024-10-16,11,hvfhv,38,19.38
147,Bronx,2024-10-16,11,other_fhv,1,
147,Bronx,2024-10-16,12,yellow,1,10.0
147,Bronx,2024-10-16,12,green,0,
147,Bronx,2024-10-16,12,hvfhv,43,16.35
147,Bronx,2024-10-16,12,other_fhv,0,
147,Bronx,2024-10-16,13,yellow,0,
147,Bronx,2024-10-16,13,green,1,12.1
147,Bronx,2024-10-16,13,hvfhv,62,19.2
147,Bronx,2024-10-16,13,other_fhv,0,
147,Bronx,2024-10-16,14,yellow,1,33.5
147,Bronx,2024-10-16,14,green,0,
147,Bronx,2024-10-16,14,hvfhv,55,16.43
147,Bronx,2024-10-16,14,other_fhv,1,
147,Bronx,2024-10-16,15,yellow,0,
147,Bronx,2024-10-16,15,green,0,
147,Bronx,2024-10-16,15,hvfhv,50,21.17
147,Bronx,2024-10-16,15,other_fhv,0,
147,Bronx,2024-10-16,16,yellow,0,
147,Bronx,2024-10-16,16,green,0,
147,Bronx,2024-10-16,16,hvfhv,56,20.08
147,Bronx,2024-10-16,16,other_fhv,0,
147,Bronx,2024-10-16,17,yellow,0,
147,Bronx,2024-10-16,17,green,0,
147,Bronx,2024-10-16,17,hvfhv,68,18.24
147,Bronx,2024-10-16,17,other_fhv,1,
147,Bronx,2024-10-16,18,yellow,0,
147,Bronx,2024-10-16,18,green,0,
147,Bronx,2024-10-16,18,hvfhv,59,19.19
147,Bronx,2024-10-16,18,other_fhv,0,
147,Bronx,2024-10-16,19,yellow,1,24.0
147,Bronx,2024-10-16,19,green,0,
147,Bronx,2024-10-16,19,hvfhv,52,17.85
147,Bronx,2024-10-16,19,other_fhv,0,
147,Bronx,2024-10-16,20,yellow,0,
147,Bronx,2024-10-16,20,green,0,
147,Bronx,2024-10-16,20,hvfhv,51,17.06
147,Bronx,2024-10-16,20,other_fhv,0,
147,Bronx,2024-10-16,21,yellow,0,
147,Bronx,2024-10-16,21,green,0,
147,Bronx,2024-10-16,21,hvfhv,49,15.15
147,Bronx,2024-10-16,21,other_fhv,0,
147,Bronx,2024-10-16,22,yellow,0,
147,Bronx,2024-10-16,22,green,0,
147,Bronx,2024-10-16,22,hvfhv,39,15.54
147,Bronx,2024-10-16,22,other_fhv,0,
147,Bronx,2024-10-16,23,yellow,0,
147,Bronx,2024-10-16,23,green,0,
147,Bronx,2024-10-16,23,hvfhv,43,17.81
147,Bronx,2024-10-16,23,other_fhv,0,
148,Manhattan,2024-10-16,0,yellow,46,16.21
148,Manhattan,2024-10-16,0,green,0,
148,Manhattan,2024-10-16,0,hvfhv,239,23.17
148,Manhattan,2024-10-16,0,other_fhv,4,
148,Manhattan,2024-10-16,1,yellow,15,12.88
148,Manhattan,2024-10-16,1,green,0,
148,Manhattan,2024-10-16,1,hvfhv,119,24.84
148,Manhattan,2024-10-16,1,other_fhv,1,
148,Manhattan,2024-10-16,2,yellow,12,17.82
148,Manhattan,2024-10-16,2,green,0,
148,Manhattan,2024-10-16,2,hvfhv,76,22.18
148,Manhattan,2024-10-16,2,other_fhv,2,
148,Manhattan,2024-10-16,3,yellow,6,15.95
148,Manhattan,2024-10-16,3,green,0,
148,Manhattan,2024-10-16,3,hvfhv,54,27.8
148,Manhattan,2024-10-16,3,other_fhv,1,
148,Manhattan,2024-10-16,4,yellow,2,16.65
148,Manhattan,2024-10-16,4,green,0,
148,Manhattan,2024-10-16,4,hvfhv,46,36.54
148,Manhattan,2024-10-16,4,other_fhv,0,
148,Manhattan,2024-10-16,5,yellow,1,8.6
148,Manhattan,2024-10-16,5,green,0,
148,Manhattan,2024-10-16,5,hvfhv,44,47.88
148,Manhattan,2024-10-16,5,other_fhv,1,
148,Manhattan,2024-10-16,6,yellow,13,20.02
148,Manhattan,2024-10-16,6,green,0,
148,Manhattan,2024-10-16,6,hvfhv,78,43.31
148,Manhattan,2024-10-16,6,other_fhv,0,
148,Manhattan,2024-10-16,7,yellow,27,18.58
148,Manhattan,2024-10-16,7,green,0,
148,Manhattan,2024-10-16,7,hvfhv,119,50.05
148,Manhattan,2024-10-16,7,other_fhv,0,
148,Manhattan,2024-10-16,8,yellow,38,16.0
148,Manhattan,2024-10-16,8,green,0,
148,Manhattan,2024-10-16,8,hvfhv,165,45.83
148,Manhattan,2024-10-16,8,other_fhv,3,
148,Manhattan,2024-10-16,9,yellow,28,15.78
148,Manhattan,2024-10-16,9,green,0,
148,Manhattan,2024-10-16,9,hvfhv,229,31.67
148,Manhattan,2024-10-16,9,other_fhv,5,
148,Manhattan,2024-10-16,10,yellow,22,23.16
148,Manhattan,2024-10-16,10,green,0,
148,Manhattan,2024-10-16,10,hvfhv,187,29.43
148,Manhattan,2024-10-16,10,other_fhv,4,
148,Manhattan,2024-10-16,11,yellow,31,23.68
148,Manhattan,2024-10-16,11,green,0,
148,Manhattan,2024-10-16,11,hvfhv,151,29.7
148,Manhattan,2024-10-16,11,other_fhv,1,
148,Manhattan,2024-10-16,12,yellow,28,20.77
148,Manhattan,2024-10-16,12,green,0,
148,Manhattan,2024-10-16,12,hvfhv,163,36.35
148,Manhattan,2024-10-16,12,other_fhv,2,
148,Manhattan,2024-10-16,13,yellow,19,19.58
148,Manhattan,2024-10-16,13,green,0,
148,Manhattan,2024-10-16,13,hvfhv,160,36.74
148,Manhattan,2024-10-16,13,other_fhv,0,
148,Manhattan,2024-10-16,14,yellow,27,17.78
148,Manhattan,2024-10-16,14,green,0,
148,Manhattan,2024-10-16,14,hvfhv,154,40.21
148,Manhattan,2024-10-16,14,other_fhv,1,
148,Manhattan,2024-10-16,15,yellow,19,19.81
148,Manhattan,2024-10-16,15,green,0,
148,Manhattan,2024-10-16,15,hvfhv,170,41.09
148,Manhattan,2024-10-16,15,other_fhv,2,
148,Manhattan,2024-10-16,16,yellow,17,21.1
148,Manhattan,2024-10-16,16,green,0,
148,Manhattan,2024-10-16,16,hvfhv,166,37.02
148,Manhattan,2024-10-16,16,other_fhv,1,
148,Manhattan,2024-10-16,17,yellow,39,26.7
148,Manhattan,2024-10-16,17,green,0,
148,Manhattan,2024-10-16,17,hvfhv,207,30.67
148,Manhattan,2024-10-16,17,other_fhv,4,
148,Manhattan,2024-10-16,18,yellow,36,21.65
148,Manhattan,2024-10-16,18,green,0,
148,Manhattan,2024-10-16,18,hvfhv,257,29.96
148,Manhattan,2024-10-16,18,other_fhv,4,
148,Manhattan,2024-10-16,19,yellow,45,19.16
148,Manhattan,2024-10-16,19,green,0,
148,Manhattan,2024-10-16,19,hvfhv,312,27.28
148,Manhattan,2024-10-16,19,other_fhv,2,
148,Manhattan,2024-10-16,20,yellow,52,15.84
148,Manhattan,2024-10-16,20,green,0,
148,Manhattan,2024-10-16,20,hvfhv,432,26.64
148,Manhattan,2024-10-16,20,other_fhv,2,
148,Manhattan,2024-10-16,21,yellow,72,16.25
148,Manhattan,2024-10-16,21,green,0,
148,Manhattan,2024-10-16,21,hvfhv,537,27.78
148,Manhattan,2024-10-16,21,other_fhv,5,
148,Manhattan,2024-10-16,22,yellow,105,15.96
148,Manhattan,2024-10-16,22,green,0,
148,Manhattan,2024-10-16,22,hvfhv,491,27.56
148,Manhattan,2024-10-16,22,other_fhv,4,
148,Manhattan,2024-10-16,23,yellow,66,16.03
148,Manhattan,2024-10-16,23,green,0,
148,Manhattan,2024-10-16,23,hvfhv,417,25.63
148,Manhattan,2024-10-16,23,other_fhv,1,
149,Brooklyn,2024-10-16,0,yellow,0,
149,Brooklyn,2024-10-16,0,green,0,
149,Brooklyn,2024-10-16,0,hvfhv,22,12.99
149,Brooklyn,2024-10-16,0,other_fhv,0,
149,Brooklyn,2024-10-16,1,yellow,0,
149,Brooklyn,2024-10-16,1,green,0,
149,Brooklyn,2024-10-16,1,hvfhv,16,12.86
149,Brooklyn,2024-10-16,1,other_fhv,0,
149,Brooklyn,2024-10-16,2,yellow,0,
149,Brooklyn,2024-10-16,2,green,0,
149,Brooklyn,2024-10-16,2,hvfhv,8,13.87
149,Brooklyn,2024-10-16,2,other_fhv,0,
149,Brooklyn,2024-10-16,3,yellow,0,
149,Brooklyn,2024-10-16,3,green,0,
149,Brooklyn,2024-10-16,3,hvfhv,13,20.37
149,Brooklyn,2024-10-16,3,other_fhv,0,
149,Brooklyn,2024-10-16,4,yellow,0,
149,Brooklyn,2024-10-16,4,green,0,
149,Brooklyn,2024-10-16,4,hvfhv,19,30.24
149,Brooklyn,2024-10-16,4,other_fhv,2,
149,Brooklyn,2024-10-16,5,yellow,0,
149,Brooklyn,2024-10-16,5,green,0,
149,Brooklyn,2024-10-16,5,hvfhv,25,30.58
149,Brooklyn,2024-10-16,5,other_fhv,1,
149,Brooklyn,2024-10-16,6,yellow,1,43.5
149,Brooklyn,2024-10-16,6,green,0,
149,Brooklyn,2024-10-16,6,hvfhv,41,26.74
149,Brooklyn,2024-10-16,6,other_fhv,3,
149,Brooklyn,2024-10-16,7,yellow,3,21.15
149,Brooklyn,2024-10-16,7,green,0,
149,Brooklyn,2024-10-16,7,hvfhv,100,22.59
149,Brooklyn,2024-10-16,7,other_fhv,4,
149,Brooklyn,2024-10-16,8,yellow,0,
149,Brooklyn,2024-10-16,8,green,0,
149,Brooklyn,2024-10-16,8,hvfhv,113,18.73
149,Brooklyn,2024-10-16,8,other_fhv,10,
149,Brooklyn,2024-10-16,9,yellow,0,
149,Brooklyn,2024-10-16,9,green,0,
149,Brooklyn,2024-10-16,9,hvfhv,98,19.64
149,Brooklyn,2024-10-16,9,other_fhv,6,
149,Brooklyn,2024-10-16,10,yellow,1,40.5
149,Brooklyn,2024-10-16,10,green,0,
149,Brooklyn,2024-10-16,10,hvfhv,77,18.19
149,Brooklyn,2024-10-16,10,other_fhv,10,
149,Brooklyn,2024-10-16,11,yellow,1,55.5
149,Brooklyn,2024-10-16,11,green,0,
149,Brooklyn,2024-10-16,11,hvfhv,98,18.22
149,Brooklyn,2024-10-16,11,other_fhv,17,
149,Brooklyn,2024-10-16,12,yellow,0,
149,Brooklyn,2024-10-16,12,green,0,
149,Brooklyn,2024-10-16,12,hvfhv,83,23.51
149,Brooklyn,2024-10-16,12,other_fhv,11,
149,Brooklyn,2024-10-16,13,yellow,1,26.5
149,Brooklyn,2024-10-16,13,green,0,
149,Brooklyn,2024-10-16,13,hvfhv,73,21.28
149,Brooklyn,2024-10-16,13,other_fhv,14,
149,Brooklyn,2024-10-16,14,yellow,0,
149,Brooklyn,2024-10-16,14,green,0,
149,Brooklyn,2024-10-16,14,hvfhv,95,19.15
149,Brooklyn,2024-10-16,14,other_fhv,8,
149,Brooklyn,2024-10-16,15,yellow,0,
149,Brooklyn,2024-10-16,15,green,1,19.8
149,Brooklyn,2024-10-16,15,hvfhv,92,18.6
149,Brooklyn,2024-10-16,15,other_fhv,4,
149,Brooklyn,2024-10-16,16,yellow,1,22.5
149,Brooklyn,2024-10-16,16,green,0,
149,Brooklyn,2024-10-16,16,hvfhv,106,21.52
149,Brooklyn,2024-10-16,16,other_fhv,4,
149,Brooklyn,2024-10-16,17,yellow,0,
149,Brooklyn,2024-10-16,17,green,0,
149,Brooklyn,2024-10-16,17,hvfhv,157,16.23
149,Brooklyn,2024-10-16,17,other_fhv,5,
149,Brooklyn,2024-10-16,18,yellow,1,12.96
149,Brooklyn,2024-10-16,18,green,0,
149,Brooklyn,2024-10-16,18,hvfhv,107,17.46
149,Brooklyn,2024-10-16,18,other_fhv,3,
149,Brooklyn,2024-10-16,19,yellow,0,
149,Brooklyn,2024-10-16,19,green,0,
149,Brooklyn,2024-10-16,19,hvfhv,61,14.9
149,Brooklyn,2024-10-16,19,other_fhv,0,
149,Brooklyn,2024-10-16,20,yellow,0,
149,Brooklyn,2024-10-16,20,green,0,
149,Brooklyn,2024-10-16,20,hvfhv,54,16.8
149,Brooklyn,2024-10-16,20,other_fhv,2,
149,Brooklyn,2024-10-16,21,yellow,0,
149,Brooklyn,2024-10-16,21,green,0,
149,Brooklyn,2024-10-16,21,hvfhv,44,19.4
149,Brooklyn,2024-10-16,21,other_fhv,1,
149,Brooklyn,2024-10-16,22,yellow,0,
149,Brooklyn,2024-10-16,22,green,0,
149,Brooklyn,2024-10-16,22,hvfhv,65,19.0
149,Brooklyn,2024-10-16,22,other_fhv,2,
149,Brooklyn,2024-10-16,23,yellow,0,
149,Brooklyn,2024-10-16,23,green,0,
149,Brooklyn,2024-10-16,23,hvfhv,45,15.66
149,Brooklyn,2024-10-16,23,other_fhv,1,
150,Brooklyn,2024-10-16,0,yellow,0,
150,Brooklyn,2024-10-16,0,green,0,
150,Brooklyn,2024-10-16,0,hvfhv,11,19.61
150,Brooklyn,2024-10-16,0,other_fhv,1,
150,Brooklyn,2024-10-16,1,yellow,0,
150,Brooklyn,2024-10-16,1,green,0,
150,Brooklyn,2024-10-16,1,hvfhv,2,24.94
150,Brooklyn,2024-10-16,1,other_fhv,0,
150,Brooklyn,2024-10-16,2,yellow,0,
150,Brooklyn,2024-10-16,2,green,0,
150,Brooklyn,2024-10-16,2,hvfhv,7,14.99
150,Brooklyn,2024-10-16,2,other_fhv,0,
150,Brooklyn,2024-10-16,3,yellow,0,
150,Brooklyn,2024-10-16,3,green,0,
150,Brooklyn,2024-10-16,3,hvfhv,2,15.52
150,Brooklyn,2024-10-16,3,other_fhv,0,
150,Brooklyn,2024-10-16,4,yellow,0,
150,Brooklyn,2024-10-16,4,green,0,
150,Brooklyn,2024-10-16,4,hvfhv,3,33.84
150,Brooklyn,2024-10-16,4,other_fhv,0,
150,Brooklyn,2024-10-16,5,yellow,0,
150,Brooklyn,2024-10-16,5,green,0,
150,Brooklyn,2024-10-16,5,hvfhv,4,9.38
150,Brooklyn,2024-10-16,5,other_fhv,1,
150,Brooklyn,2024-10-16,6,yellow,0,
150,Brooklyn,2024-10-16,6,green,0,
150,Brooklyn,2024-10-16,6,hvfhv,18,30.46
150,Brooklyn,2024-10-16,6,other_fhv,2,
150,Brooklyn,2024-10-16,7,yellow,0,
150,Brooklyn,2024-10-16,7,green,0,
150,Brooklyn,2024-10-16,7,hvfhv,46,15.92
150,Brooklyn,2024-10-16,7,other_fhv,3,
150,Brooklyn,2024-10-16,8,yellow,0,
150,Brooklyn,2024-10-16,8,green,0,
150,Brooklyn,2024-10-16,8,hvfhv,45,20.25
150,Brooklyn,2024-10-16,8,other_fhv,3,
150,Brooklyn,2024-10-16,9,yellow,0,
150,Brooklyn,2024-10-16,9,green,0,
150,Brooklyn,2024-10-16,9,hvfhv,26,20.0
150,Brooklyn,2024-10-16,9,other_fhv,4,
150,Brooklyn,2024-10-16,10,yellow,0,
150,Brooklyn,2024-10-16,10,green,0,
150,Brooklyn,2024-10-16,10,hvfhv,32,18.83
150,Brooklyn,2024-10-16,10,other_fhv,3,
150,Brooklyn,2024-10-16,11,yellow,0,
150,Brooklyn,2024-10-16,11,green,0,
150,Brooklyn,2024-10-16,11,hvfhv,42,21.76
150,Brooklyn,2024-10-16,11,other_fhv,5,
150,Brooklyn,2024-10-16,12,yellow,1,25.5
150,Brooklyn,2024-10-16,12,green,0,
150,Brooklyn,2024-10-16,12,hvfhv,49,30.04
150,Brooklyn,2024-10-16,12,other_fhv,3,
150,Brooklyn,2024-10-16,13,yellow,1,11.21
150,Brooklyn,2024-10-16,13,green,0,
150,Brooklyn,2024-10-16,13,hvfhv,28,28.05
150,Brooklyn,2024-10-16,13,other_fhv,6,
150,Brooklyn,2024-10-16,14,yellow,0,
150,Brooklyn,2024-10-16,14,green,0,
150,Brooklyn,2024-10-16,14,hvfhv,52,29.59
150,Brooklyn,2024-10-16,14,other_fhv,6,
150,Brooklyn,2024-10-16,15,yellow,0,
150,Brooklyn,2024-10-16,15,green,0,
150,Brooklyn,2024-10-16,15,hvfhv,39,22.85
150,Brooklyn,2024-10-16,15,other_fhv,2,
150,Brooklyn,2024-10-16,16,yellow,0,
150,Brooklyn,2024-10-16,16,green,0,
150,Brooklyn,2024-10-16,16,hvfhv,45,20.51
150,Brooklyn,2024-10-16,16,other_fhv,0,
150,Brooklyn,2024-10-16,17,yellow,0,
150,Brooklyn,2024-10-16,17,green,0,
150,Brooklyn,2024-10-16,17,hvfhv,32,23.36
150,Brooklyn,2024-10-16,17,other_fhv,2,
150,Brooklyn,2024-10-16,18,yellow,0,
150,Brooklyn,2024-10-16,18,green,0,
150,Brooklyn,2024-10-16,18,hvfhv,31,17.24
150,Brooklyn,2024-10-16,18,other_fhv,2,
150,Brooklyn,2024-10-16,19,yellow,0,
150,Brooklyn,2024-10-16,19,green,0,
150,Brooklyn,2024-10-16,19,hvfhv,25,15.19
150,Brooklyn,2024-10-16,19,other_fhv,1,
150,Brooklyn,2024-10-16,20,yellow,0,
150,Brooklyn,2024-10-16,20,green,0,
150,Brooklyn,2024-10-16,20,hvfhv,30,19.37
150,Brooklyn,2024-10-16,20,other_fhv,1,
150,Brooklyn,2024-10-16,21,yellow,0,
150,Brooklyn,2024-10-16,21,green,0,
150,Brooklyn,2024-10-16,21,hvfhv,31,19.02
150,Brooklyn,2024-10-16,21,other_fhv,0,
150,Brooklyn,2024-10-16,22,yellow,0,
150,Brooklyn,2024-10-16,22,green,0,
150,Brooklyn,2024-10-16,22,hvfhv,24,21.36
150,Brooklyn,2024-10-16,22,other_fhv,1,
150,Brooklyn,2024-10-16,23,yellow,0,
150,Brooklyn,2024-10-16,23,green,0,
150,Brooklyn,2024-10-16,23,hvfhv,20,17.3
150,Brooklyn,2024-10-16,23,other_fhv,1,
151,Manhattan,2024-10-16,0,yellow,7,13.33
151,Manhattan,2024-10-16,0,green,0,
151,Manhattan,2024-10-16,0,hvfhv,29,23.09
151,Manhattan,2024-10-16,0,other_fhv,1,
151,Manhattan,2024-10-16,1,yellow,2,15.92
151,Manhattan,2024-10-16,1,green,0,
151,Manhattan,2024-10-16,1,hvfhv,20,18.76
151,Manhattan,2024-10-16,1,other_fhv,0,
151,Manhattan,2024-10-16,2,yellow,2,24.35
151,Manhattan,2024-10-16,2,green,0,
151,Manhattan,2024-10-16,2,hvfhv,9,21.7
151,Manhattan,2024-10-16,2,other_fhv,0,
151,Manhattan,2024-10-16,3,yellow,1,14.2
151,Manhattan,2024-10-16,3,green,0,
151,Manhattan,2024-10-16,3,hvfhv,13,23.26
151,Manhattan,2024-10-16,3,other_fhv,0,
151,Manhattan,2024-10-16,4,yellow,2,39.65
151,Manhattan,2024-10-16,4,green,0,
151,Manhattan,2024-10-16,4,hvfhv,32,40.4
151,Manhattan,2024-10-16,4,other_fhv,0,
151,Manhattan,2024-10-16,5,yellow,9,17.49
151,Manhattan,2024-10-16,5,green,0,
151,Manhattan,2024-10-16,5,hvfhv,47,38.56
151,Manhattan,2024-10-16,5,other_fhv,2,
151,Manhattan,2024-10-16,6,yellow,26,25.89
151,Manhattan,2024-10-16,6,green,0,
151,Manhattan,2024-10-16,6,hvfhv,67,35.24
151,Manhattan,2024-10-16,6,other_fhv,1,
151,Manhattan,2024-10-16,7,yellow,76,18.58
151,Manhattan,2024-10-16,7,green,0,
151,Manhattan,2024-10-16,7,hvfhv,101,30.73
151,Manhattan,2024-10-16,7,other_fhv,1,
151,Manhattan,2024-10-16,8,yellow,82,19.4
151,Manhattan,2024-10-16,8,green,0,
151,Manhattan,2024-10-16,8,hvfhv,125,32.13
151,Manhattan,2024-10-16,8,other_fhv,1,
151,Manhattan,2024-10-16,9,yellow,72,17.88
151,Manhattan,2024-10-16,9,green,0,
151,Manhattan,2024-10-16,9,hvfhv,134,23.68
151,Manhattan,2024-10-16,9,other_fhv,2,
151,Manhattan,2024-10-16,10,yellow,59,14.78
151,Manhattan,2024-10-16,10,green,0,
151,Manhattan,2024-10-16,10,hvfhv,100,26.19
151,Manhattan,2024-10-16,10,other_fhv,6,
151,Manhattan,2024-10-16,11,yellow,66,13.9
151,Manhattan,2024-10-16,11,green,0,
151,Manhattan,2024-10-16,11,hvfhv,88,26.06
151,Manhattan,2024-10-16,11,other_fhv,0,
151,Manhattan,2024-10-16,12,yellow,59,13.12
151,Manhattan,2024-10-16,12,green,0,
151,Manhattan,2024-10-16,12,hvfhv,95,25.0
151,Manhattan,2024-10-16,12,other_fhv,1,
151,Manhattan,2024-10-16,13,yellow,63,14.17
151,Manhattan,2024-10-16,13,green,0,
151,Manhattan,2024-10-16,13,hvfhv,99,26.95
151,Manhattan,2024-10-16,13,other_fhv,1,
151,Manhattan,2024-10-16,14,yellow,44,13.44
151,Manhattan,2024-10-16,14,green,0,
151,Manhattan,2024-10-16,14,hvfhv,86,25.72
151,Manhattan,2024-10-16,14,other_fhv,2,
151,Manhattan,2024-10-16,15,yellow,56,13.23
151,Manhattan,2024-10-16,15,green,0,
151,Manhattan,2024-10-16,15,hvfhv,81,35.67
151,Manhattan,2024-10-16,15,other_fhv,1,
151,Manhattan,2024-10-16,16,yellow,65,13.05
151,Manhattan,2024-10-16,16,green,0,
151,Manhattan,2024-10-16,16,hvfhv,93,32.66
151,Manhattan,2024-10-16,16,other_fhv,0,
151,Manhattan,2024-10-16,17,yellow,73,16.91
151,Manhattan,2024-10-16,17,green,0,
151,Manhattan,2024-10-16,17,hvfhv,93,24.68
151,Manhattan,2024-10-16,17,other_fhv,0,
151,Manhattan,2024-10-16,18,yellow,79,12.23
151,Manhattan,2024-10-16,18,green,0,
151,Manhattan,2024-10-16,18,hvfhv,96,22.72
151,Manhattan,2024-10-16,18,other_fhv,1,
151,Manhattan,2024-10-16,19,yellow,48,11.37
151,Manhattan,2024-10-16,19,green,0,
151,Manhattan,2024-10-16,19,hvfhv,97,21.81
151,Manhattan,2024-10-16,19,other_fhv,0,
151,Manhattan,2024-10-16,20,yellow,29,13.46
151,Manhattan,2024-10-16,20,green,0,
151,Manhattan,2024-10-16,20,hvfhv,69,20.91
151,Manhattan,2024-10-16,20,other_fhv,1,
151,Manhattan,2024-10-16,21,yellow,22,13.18
151,Manhattan,2024-10-16,21,green,0,
151,Manhattan,2024-10-16,21,hvfhv,77,23.64
151,Manhattan,2024-10-16,21,other_fhv,0,
151,Manhattan,2024-10-16,22,yellow,18,17.98
151,Manhattan,2024-10-16,22,green,0,
151,Manhattan,2024-10-16,22,hvfhv,78,20.44
151,Manhattan,2024-10-16,22,other_fhv,0,
151,Manhattan,2024-10-16,23,yellow,8,14.06
151,Manhattan,2024-10-16,23,green,0,
151,Manhattan,2024-10-16,23,hvfhv,51,23.46
151,Manhattan,2024-10-16,23,other_fhv,0,
152,Manhattan,2024-10-16,0,yellow,0,
152,Manhattan,2024-10-16,0,green,0,
152,Manhattan,2024-10-16,0,hvfhv,35,18.32
152,Manhattan,2024-10-16,0,other_fhv,0,
152,Manhattan,2024-10-16,1,yellow,0,
152,Manhattan,2024-10-16,1,green,0,
152,Manhattan,2024-10-16,1,hvfhv,29,16.67
152,Manhattan,2024-10-16,1,other_fhv,0,
152,Manhattan,2024-10-16,2,yellow,0,
152,Manhattan,2024-10-16,2,green,0,
152,Manhattan,2024-10-16,2,hvfhv,13,19.03
152,Manhattan,2024-10-16,2,other_fhv,0,
152,Manhattan,2024-10-16,3,yellow,0,
152,Manhattan,2024-10-16,3,green,0,
152,Manhattan,2024-10-16,3,hvfhv,12,25.02
152,Manhattan,2024-10-16,3,other_fhv,1,
152,Manhattan,2024-10-16,4,yellow,0,
152,Manhattan,2024-10-16,4,green,0,
152,Manhattan,2024-10-16,4,hvfhv,18,23.91
152,Manhattan,2024-10-16,4,other_fhv,1,
152,Manhattan,2024-10-16,5,yellow,3,23.63
152,Manhattan,2024-10-16,5,green,0,
152,Manhattan,2024-10-16,5,hvfhv,22,27.62
152,Manhattan,2024-10-16,5,other_fhv,1,
152,Manhattan,2024-10-16,6,yellow,6,9.91
152,Manhattan,2024-10-16,6,green,1,10.7
152,Manhattan,2024-10-16,6,hvfhv,44,28.79
152,Manhattan,2024-10-16,6,other_fhv,0,
152,Manhattan,2024-10-16,7,yellow,12,21.9
152,Manhattan,2024-10-16,7,green,1,37.3
152,Manhattan,2024-10-16,7,hvfhv,71,23.48
152,Manhattan,2024-10-16,7,other_fhv,0,
152,Manhattan,2024-10-16,8,yellow,8,23.53
152,Manhattan,2024-10-16,8,green,0,
152,Manhattan,2024-10-16,8,hvfhv,104,19.78
152,Manhattan,2024-10-16,8,other_fhv,0,
152,Manhattan,2024-10-16,9,yellow,5,11.22
152,Manhattan,2024-10-16,9,green,0,
152,Manhattan,2024-10-16,9,hvfhv,71,21.08
152,Manhattan,2024-10-16,9,other_fhv,0,
152,Manhattan,2024-10-16,10,yellow,2,24.7
152,Manhattan,2024-10-16,10,green,0,
152,Manhattan,2024-10-16,10,hvfhv,66,23.33
152,Manhattan,2024-10-16,10,other_fhv,1,
152,Manhattan,2024-10-16,11,yellow,3,10.7
152,Manhattan,2024-10-16,11,green,1,20.5
152,Manhattan,2024-10-16,11,hvfhv,58,22.19
152,Manhattan,2024-10-16,11,other_fhv,0,
152,Manhattan,2024-10-16,12,yellow,7,11.37
152,Manhattan,2024-10-16,12,green,0,
152,Manhattan,2024-10-16,12,hvfhv,56,21.59
152,Manhattan,2024-10-16,12,other_fhv,1,
152,Manhattan,2024-10-16,13,yellow,5,4.32
152,Manhattan,2024-10-16,13,green,1,12.1
152,Manhattan,2024-10-16,13,hvfhv,71,22.26
152,Manhattan,2024-10-16,13,other_fhv,2,
152,Manhattan,2024-10-16,14,yellow,3,26.65
152,Manhattan,2024-10-16,14,green,0,
152,Manhattan,2024-10-16,14,hvfhv,67,22.27
152,Manhattan,2024-10-16,14,other_fhv,0,
152,Manhattan,2024-10-16,15,yellow,7,15.88
152,Manhattan,2024-10-16,15,green,0,
152,Manhattan,2024-10-16,15,hvfhv,85,20.99
152,Manhattan,2024-10-16,15,other_fhv,0,
152,Manhattan,2024-10-16,16,yellow,7,24.8
152,Manhattan,2024-10-16,16,green,1,6.5
152,Manhattan,2024-10-16,16,hvfhv,74,26.25
152,Manhattan,2024-10-16,16,other_fhv,0,
152,Manhattan,2024-10-16,17,yellow,8,22.14
152,Manhattan,2024-10-16,17,green,1,8.6
152,Manhattan,2024-10-16,17,hvfhv,104,24.25
152,Manhattan,2024-10-16,17,other_fhv,1,
152,Manhattan,2024-10-16,18,yellow,4,18.44
152,Manhattan,2024-10-16,18,green,1,8.6
152,Manhattan,2024-10-16,18,hvfhv,98,22.59
152,Manhattan,2024-10-16,18,other_fhv,1,
152,Manhattan,2024-10-16,19,yellow,2,16.41
152,Manhattan,2024-10-16,19,green,0,
152,Manhattan,2024-10-16,19,hvfhv,83,21.34
152,Manhattan,2024-10-16,19,other_fhv,1,
152,Manhattan,2024-10-16,20,yellow,3,16.38
152,Manhattan,2024-10-16,20,green,0,
152,Manhattan,2024-10-16,20,hvfhv,76,20.92
152,Manhattan,2024-10-16,20,other_fhv,0,
152,Manhattan,2024-10-16,21,yellow,1,40.1
152,Manhattan,2024-10-16,21,green,1,12.1
152,Manhattan,2024-10-16,21,hvfhv,76,19.93
152,Manhattan,2024-10-16,21,other_fhv,1,
152,Manhattan,2024-10-16,22,yellow,4,16.08
152,Manhattan,2024-10-16,22,green,0,
152,Manhattan,2024-10-16,22,hvfhv,93,18.42
152,Manhattan,2024-10-16,22,other_fhv,0,
152,Manhattan,2024-10-16,23,yellow,1,17.7
152,Manhattan,2024-10-16,23,green,0,
152,Manhattan,2024-10-16,23,hvfhv,79,18.75
152,Manhattan,2024-10-16,23,other_fhv,0,
153,Manhattan,2024-10-16,0,yellow,0,
153,Manhattan,2024-10-16,0,green,0,
153,Manhattan,2024-10-16,0,hvfhv,8,12.63
153,Manhattan,2024-10-16,0,other_fhv,0,
153,Manhattan,2024-10-16,1,yellow,0,
153,Manhattan,2024-10-16,1,green,0,
153,Manhattan,2024-10-16,1,hvfhv,4,20.9
153,Manhattan,2024-10-16,1,other_fhv,0,
153,Manhattan,2024-10-16,2,yellow,0,
153,Manhattan,2024-10-16,2,green,0,
153,Manhattan,2024-10-16,2,hvfhv,2,15.77
153,Manhattan,2024-10-16,2,other_fhv,0,
153,Manhattan,2024-10-16,3,yellow,0,
153,Manhattan,2024-10-16,3,green,0,
153,Manhattan,2024-10-16,3,hvfhv,4,18.34
153,Manhattan,2024-10-16,3,other_fhv,0,
153,Manhattan,2024-10-16,4,yellow,0,
153,Manhattan,2024-10-16,4,green,0,
153,Manhattan,2024-10-16,4,hvfhv,5,19.01
153,Manhattan,2024-10-16,4,other_fhv,0,
153,Manhattan,2024-10-16,5,yellow,0,
153,Manhattan,2024-10-16,5,green,0,
153,Manhattan,2024-10-16,5,hvfhv,7,25.93
153,Manhattan,2024-10-16,5,other_fhv,0,
153,Manhattan,2024-10-16,6,yellow,0,
153,Manhattan,2024-10-16,6,green,0,
153,Manhattan,2024-10-16,6,hvfhv,9,18.92
153,Manhattan,2024-10-16,6,other_fhv,0,
153,Manhattan,2024-10-16,7,yellow,2,38.2
153,Manhattan,2024-10-16,7,green,0,
153,Manhattan,2024-10-16,7,hvfhv,30,20.47
153,Manhattan,2024-10-16,7,other_fhv,0,
153,Manhattan,2024-10-16,8,yellow,0,
153,Manhattan,2024-10-16,8,green,0,
153,Manhattan,2024-10-16,8,hvfhv,35,16.86
153,Manhattan,2024-10-16,8,other_fhv,0,
153,Manhattan,2024-10-16,9,yellow,0,
153,Manhattan,2024-10-16,9,green,0,
153,Manhattan,2024-10-16,9,hvfhv,28,24.23
153,Manhattan,2024-10-16,9,other_fhv,0,
153,Manhattan,2024-10-16,10,yellow,0,
153,Manhattan,2024-10-16,10,green,0,
153,Manhattan,2024-10-16,10,hvfhv,23,19.9
153,Manhattan,2024-10-16,10,other_fhv,0,
153,Manhattan,2024-10-16,11,yellow,0,
153,Manhattan,2024-10-16,11,green,0,
153,Manhattan,2024-10-16,11,hvfhv,23,24.43
153,Manhattan,2024-10-16,11,other_fhv,0,
153,Manhattan,2024-10-16,12,yellow,1,76.5
153,Manhattan,2024-10-16,12,green,0,
153,Manhattan,2024-10-16,12,hvfhv,12,14.03
153,Manhattan,2024-10-16,12,other_fhv,0,
153,Manhattan,2024-10-16,13,yellow,0,
153,Manhattan,2024-10-16,13,green,0,
153,Manhattan,2024-10-16,13,hvfhv,23,18.45
153,Manhattan,2024-10-16,13,other_fhv,0,
153,Manhattan,2024-10-16,14,yellow,0,
153,Manhattan,2024-10-16,14,green,0,
153,Manhattan,2024-10-16,14,hvfhv,15,19.12
153,Manhattan,2024-10-16,14,other_fhv,0,
153,Manhattan,2024-10-16,15,yellow,0,
153,Manhattan,2024-10-16,15,green,0,
153,Manhattan,2024-10-16,15,hvfhv,28,17.43
153,Manhattan,2024-10-16,15,other_fhv,0,
153,Manhattan,2024-10-16,16,yellow,0,
153,Manhattan,2024-10-16,16,green,0,
153,Manhattan,2024-10-16,16,hvfhv,24,18.2
153,Manhattan,2024-10-16,16,other_fhv,0,
153,Manhattan,2024-10-16,17,yellow,0,
153,Manhattan,2024-10-16,17,green,0,
153,Manhattan,2024-10-16,17,hvfhv,31,15.57
153,Manhattan,2024-10-16,17,other_fhv,0,
153,Manhattan,2024-10-16,18,yellow,0,
153,Manhattan,2024-10-16,18,green,0,
153,Manhattan,2024-10-16,18,hvfhv,46,17.84
153,Manhattan,2024-10-16,18,other_fhv,0,
153,Manhattan,2024-10-16,19,yellow,0,
153,Manhattan,2024-10-16,19,green,0,
153,Manhattan,2024-10-16,19,hvfhv,40,15.67
153,Manhattan,2024-10-16,19,other_fhv,0,
153,Manhattan,2024-10-16,20,yellow,0,
153,Manhattan,2024-10-16,20,green,0,
153,Manhattan,2024-10-16,20,hvfhv,38,14.18
153,Manhattan,2024-10-16,20,other_fhv,0,
153,Manhattan,2024-10-16,21,yellow,0,
153,Manhattan,2024-10-16,21,green,0,
153,Manhattan,2024-10-16,21,hvfhv,31,15.14
153,Manhattan,2024-10-16,21,other_fhv,0,
153,Manhattan,2024-10-16,22,yellow,0,
153,Manhattan,2024-10-16,22,green,0,
153,Manhattan,2024-10-16,22,hvfhv,30,14.95
153,Manhattan,2024-10-16,22,other_fhv,0,
153,Manhattan,2024-10-16,23,yellow,0,
153,Manhattan,2024-10-16,23,green,0,
153,Manhattan,2024-10-16,23,hvfhv,17,12.1
153,Manhattan,2024-10-16,23,other_fhv,0,
154,Brooklyn,2024-10-16,0,yellow,0,
154,Brooklyn,2024-10-16,0,green,0,
154,Brooklyn,2024-10-16,0,hvfhv,0,
154,Brooklyn,2024-10-16,0,other_fhv,0,
154,Brooklyn,2024-10-16,1,yellow,0,
154,Brooklyn,2024-10-16,1,green,0,
154,Brooklyn,2024-10-16,1,hvfhv,0,
154,Brooklyn,2024-10-16,1,other_fhv,0,
154,Brooklyn,2024-10-16,2,yellow,0,
154,Brooklyn,2024-10-16,2,green,0,
154,Brooklyn,2024-10-16,2,hvfhv,0,
154,Brooklyn,2024-10-16,2,other_fhv,0,
154,Brooklyn,2024-10-16,3,yellow,0,
154,Brooklyn,2024-10-16,3,green,0,
154,Brooklyn,2024-10-16,3,hvfhv,0,
154,Brooklyn,2024-10-16,3,other_fhv,0,
154,Brooklyn,2024-10-16,4,yellow,0,
154,Brooklyn,2024-10-16,4,green,0,
154,Brooklyn,2024-10-16,4,hvfhv,0,
154,Brooklyn,2024-10-16,4,other_fhv,0,
154,Brooklyn,2024-10-16,5,yellow,0,
154,Brooklyn,2024-10-16,5,green,0,
154,Brooklyn,2024-10-16,5,hvfhv,0,
154,Brooklyn,2024-10-16,5,other_fhv,0,
154,Brooklyn,2024-10-16,6,yellow,0,
154,Brooklyn,2024-10-16,6,green,0,
154,Brooklyn,2024-10-16,6,hvfhv,0,
154,Brooklyn,2024-10-16,6,other_fhv,0,
154,Brooklyn,2024-10-16,7,yellow,0,
154,Brooklyn,2024-10-16,7,green,0,
154,Brooklyn,2024-10-16,7,hvfhv,3,48.4
154,Brooklyn,2024-10-16,7,other_fhv,0,
154,Brooklyn,2024-10-16,8,yellow,0,
154,Brooklyn,2024-10-16,8,green,0,
154,Brooklyn,2024-10-16,8,hvfhv,4,25.5
154,Brooklyn,2024-10-16,8,other_fhv,0,
154,Brooklyn,2024-10-16,9,yellow,0,
154,Brooklyn,2024-10-16,9,green,0,
154,Brooklyn,2024-10-16,9,hvfhv,6,26.84
154,Brooklyn,2024-10-16,9,other_fhv,0,
154,Brooklyn,2024-10-16,10,yellow,0,
154,Brooklyn,2024-10-16,10,green,0,
154,Brooklyn,2024-10-16,10,hvfhv,1,19.25
154,Brooklyn,2024-10-16,10,other_fhv,0,
154,Brooklyn,2024-10-16,11,yellow,0,
154,Brooklyn,2024-10-16,11,green,0,
154,Brooklyn,2024-10-16,11,hvfhv,1,56.52
154,Brooklyn,2024-10-16,11,other_fhv,0,
154,Brooklyn,2024-10-16,12,yellow,0,
154,Brooklyn,2024-10-16,12,green,0,
154,Brooklyn,2024-10-16,12,hvfhv,1,13.36
154,Brooklyn,2024-10-16,12,other_fhv,0,
154,Brooklyn,2024-10-16,13,yellow,0,
154,Brooklyn,2024-10-16,13,green,0,
154,Brooklyn,2024-10-16,13,hvfhv,4,23.84
154,Brooklyn,2024-10-16,13,other_fhv,0,
154,Brooklyn,2024-10-16,14,yellow,0,
154,Brooklyn,2024-10-16,14,green,0,
154,Brooklyn,2024-10-16,14,hvfhv,4,30.17
154,Brooklyn,2024-10-16,14,other_fhv,0,
154,Brooklyn,2024-10-16,15,yellow,0,
154,Brooklyn,2024-10-16,15,green,0,
154,Brooklyn,2024-10-16,15,hvfhv,2,22.0
154,Brooklyn,2024-10-16,15,other_fhv,1,
154,Brooklyn,2024-10-16,16,yellow,0,
154,Brooklyn,2024-10-16,16,green,0,
154,Brooklyn,2024-10-16,16,hvfhv,3,66.07
154,Brooklyn,2024-10-16,16,other_fhv,0,
154,Brooklyn,2024-10-16,17,yellow,1,108.0
154,Brooklyn,2024-10-16,17,green,0,
154,Brooklyn,2024-10-16,17,hvfhv,4,21.68
154,Brooklyn,2024-10-16,17,other_fhv,0,
154,Brooklyn,2024-10-16,18,yellow,0,
154,Brooklyn,2024-10-16,18,green,0,
154,Brooklyn,2024-10-16,18,hvfhv,3,23.07
154,Brooklyn,2024-10-16,18,other_fhv,0,
154,Brooklyn,2024-10-16,19,yellow,0,
154,Brooklyn,2024-10-16,19,green,0,
154,Brooklyn,2024-10-16,19,hvfhv,1,44.67
154,Brooklyn,2024-10-16,19,other_fhv,0,
154,Brooklyn,2024-10-16,20,yellow,0,
154,Brooklyn,2024-10-16,20,green,0,
154,Brooklyn,2024-10-16,20,hvfhv,3,12.06
154,Brooklyn,2024-10-16,20,other_fhv,0,
154,Brooklyn,2024-10-16,21,yellow,0,
154,Brooklyn,2024-10-16,21,green,0,
154,Brooklyn,2024-10-16,21,hvfhv,2,22.39
154,Brooklyn,2024-10-16,21,other_fhv,0,
154,Brooklyn,2024-10-16,22,yellow,0,
154,Brooklyn,2024-10-16,22,green,0,
154,Brooklyn,2024-10-16,22,hvfhv,0,
154,Brooklyn,2024-10-16,22,other_fhv,0,
154,Brooklyn,2024-10-16,23,yellow,0,
154,Brooklyn,2024-10-16,23,green,0,
154,Brooklyn,2024-10-16,23,hvfhv,2,44.85
154,Brooklyn,2024-10-16,23,other_fhv,0,
155,Brooklyn,2024-10-16,0,yellow,0,
155,Brooklyn,2024-10-16,0,green,0,
155,Brooklyn,2024-10-16,0,hvfhv,14,17.82
155,Brooklyn,2024-10-16,0,other_fhv,0,
155,Brooklyn,2024-10-16,1,yellow,2,0.0
155,Brooklyn,2024-10-16,1,green,0,
155,Brooklyn,2024-10-16,1,hvfhv,3,24.09
155,Brooklyn,2024-10-16,1,other_fhv,0,
155,Brooklyn,2024-10-16,2,yellow,0,
155,Brooklyn,2024-10-16,2,green,0,
155,Brooklyn,2024-10-16,2,hvfhv,6,26.01
155,Brooklyn,2024-10-16,2,other_fhv,0,
155,Brooklyn,2024-10-16,3,yellow,0,
155,Brooklyn,2024-10-16,3,green,0,
155,Brooklyn,2024-10-16,3,hvfhv,11,31.12
155,Brooklyn,2024-10-16,3,other_fhv,0,
155,Brooklyn,2024-10-16,4,yellow,0,
155,Brooklyn,2024-10-16,4,green,0,
155,Brooklyn,2024-10-16,4,hvfhv,27,41.38
155,Brooklyn,2024-10-16,4,other_fhv,0,
155,Brooklyn,2024-10-16,5,yellow,1,19.5
155,Brooklyn,2024-10-16,5,green,0,
155,Brooklyn,2024-10-16,5,hvfhv,40,37.25
155,Brooklyn,2024-10-16,5,other_fhv,0,
155,Brooklyn,2024-10-16,6,yellow,0,
155,Brooklyn,2024-10-16,6,green,0,
155,Brooklyn,2024-10-16,6,hvfhv,67,27.95
155,Brooklyn,2024-10-16,6,other_fhv,5,
155,Brooklyn,2024-10-16,7,yellow,3,47.51
155,Brooklyn,2024-10-16,7,green,0,
155,Brooklyn,2024-10-16,7,hvfhv,97,24.56
155,Brooklyn,2024-10-16,7,other_fhv,3,
155,Brooklyn,2024-10-16,8,yellow,1,31.5
155,Brooklyn,2024-10-16,8,green,0,
155,Brooklyn,2024-10-16,8,hvfhv,129,21.99
155,Brooklyn,2024-10-16,8,other_fhv,2,
155,Brooklyn,2024-10-16,9,yellow,0,
155,Brooklyn,2024-10-16,9,green,0,
155,Brooklyn,2024-10-16,9,hvfhv,92,17.83
155,Brooklyn,2024-10-16,9,other_fhv,3,
155,Brooklyn,2024-10-16,10,yellow,0,
155,Brooklyn,2024-10-16,10,green,0,
155,Brooklyn,2024-10-16,10,hvfhv,94,22.36
155,Brooklyn,2024-10-16,10,other_fhv,1,
155,Brooklyn,2024-10-16,11,yellow,1,19.5
155,Brooklyn,2024-10-16,11,green,1,27.5
155,Brooklyn,2024-10-16,11,hvfhv,89,21.03
155,Brooklyn,2024-10-16,11,other_fhv,5,
155,Brooklyn,2024-10-16,12,yellow,2,53.5
155,Brooklyn,2024-10-16,12,green,0,
155,Brooklyn,2024-10-16,12,hvfhv,92,23.91
155,Brooklyn,2024-10-16,12,other_fhv,4,
155,Brooklyn,2024-10-16,13,yellow,0,
155,Brooklyn,2024-10-16,13,green,0,
155,Brooklyn,2024-10-16,13,hvfhv,105,19.31
155,Brooklyn,2024-10-16,13,other_fhv,1,
155,Brooklyn,2024-10-16,14,yellow,0,
155,Brooklyn,2024-10-16,14,green,0,
155,Brooklyn,2024-10-16,14,hvfhv,103,22.66
155,Brooklyn,2024-10-16,14,other_fhv,0,
155,Brooklyn,2024-10-16,15,yellow,0,
155,Brooklyn,2024-10-16,15,green,0,
155,Brooklyn,2024-10-16,15,hvfhv,93,20.77
155,Brooklyn,2024-10-16,15,other_fhv,3,
155,Brooklyn,2024-10-16,16,yellow,2,32.5
155,Brooklyn,2024-10-16,16,green,0,
155,Brooklyn,2024-10-16,16,hvfhv,79,22.65
155,Brooklyn,2024-10-16,16,other_fhv,0,
155,Brooklyn,2024-10-16,17,yellow,0,
155,Brooklyn,2024-10-16,17,green,0,
155,Brooklyn,2024-10-16,17,hvfhv,121,21.08
155,Brooklyn,2024-10-16,17,other_fhv,2,
155,Brooklyn,2024-10-16,18,yellow,2,30.0
155,Brooklyn,2024-10-16,18,green,0,
155,Brooklyn,2024-10-16,18,hvfhv,103,21.19
155,Brooklyn,2024-10-16,18,other_fhv,0,
155,Brooklyn,2024-10-16,19,yellow,0,
155,Brooklyn,2024-10-16,19,green,0,
155,Brooklyn,2024-10-16,19,hvfhv,82,20.7
155,Brooklyn,2024-10-16,19,other_fhv,0,
155,Brooklyn,2024-10-16,20,yellow,0,
155,Brooklyn,2024-10-16,20,green,0,
155,Brooklyn,2024-10-16,20,hvfhv,56,21.15
155,Brooklyn,2024-10-16,20,other_fhv,1,
155,Brooklyn,2024-10-16,21,yellow,1,47.04
155,Brooklyn,2024-10-16,21,green,0,
155,Brooklyn,2024-10-16,21,hvfhv,60,21.77
155,Brooklyn,2024-10-16,21,other_fhv,0,
155,Brooklyn,2024-10-16,22,yellow,0,
155,Brooklyn,2024-10-16,22,green,0,
155,Brooklyn,2024-10-16,22,hvfhv,43,21.11
155,Brooklyn,2024-10-16,22,other_fhv,2,
155,Brooklyn,2024-10-16,23,yellow,0,
155,Brooklyn,2024-10-16,23,green,0,
155,Brooklyn,2024-10-16,23,hvfhv,49,18.51
155,Brooklyn,2024-10-16,23,other_fhv,1,
156,Staten Island,2024-10-16,0,yellow,0,
156,Staten Island,2024-10-16,0,green,0,
156,Staten Island,2024-10-16,0,hvfhv,8,14.24
156,Staten Island,2024-10-16,0,other_fhv,0,
156,Staten Island,2024-10-16,1,yellow,0,
156,Staten Island,2024-10-16,1,green,0,
156,Staten Island,2024-10-16,1,hvfhv,9,24.33
156,Staten Island,2024-10-16,1,other_fhv,1,
156,Staten Island,2024-10-16,2,yellow,0,
156,Staten Island,2024-10-16,2,green,0,
156,Staten Island,2024-10-16,2,hvfhv,4,13.5
156,Staten Island,2024-10-16,2,other_fhv,0,
156,Staten Island,2024-10-16,3,yellow,0,
156,Staten Island,2024-10-16,3,green,0,
156,Staten Island,2024-10-16,3,hvfhv,3,16.16
156,Staten Island,2024-10-16,3,other_fhv,0,
156,Staten Island,2024-10-16,4,yellow,0,
156,Staten Island,2024-10-16,4,green,0,
156,Staten Island,2024-10-16,4,hvfhv,17,32.82
156,Staten Island,2024-10-16,4,other_fhv,0,
156,Staten Island,2024-10-16,5,yellow,0,
156,Staten Island,2024-10-16,5,green,0,
156,Staten Island,2024-10-16,5,hvfhv,18,27.81
156,Staten Island,2024-10-16,5,other_fhv,1,
156,Staten Island,2024-10-16,6,yellow,0,
156,Staten Island,2024-10-16,6,green,0,
156,Staten Island,2024-10-16,6,hvfhv,39,19.31
156,Staten Island,2024-10-16,6,other_fhv,2,
156,Staten Island,2024-10-16,7,yellow,0,
156,Staten Island,2024-10-16,7,green,0,
156,Staten Island,2024-10-16,7,hvfhv,74,20.62
156,Staten Island,2024-10-16,7,other_fhv,5,
156,Staten Island,2024-10-16,8,yellow,0,
156,Staten Island,2024-10-16,8,green,0,
156,Staten Island,2024-10-16,8,hvfhv,73,16.88
156,Staten Island,2024-10-16,8,other_fhv,8,
156,Staten Island,2024-10-16,9,yellow,0,
156,Staten Island,2024-10-16,9,green,0,
156,Staten Island,2024-10-16,9,hvfhv,58,18.36
156,Staten Island,2024-10-16,9,other_fhv,3,
156,Staten Island,2024-10-16,10,yellow,0,
156,Staten Island,2024-10-16,10,green,0,
156,Staten Island,2024-10-16,10,hvfhv,48,20.16
156,Staten Island,2024-10-16,10,other_fhv,7,
156,Staten Island,2024-10-16,11,yellow,0,
156,Staten Island,2024-10-16,11,green,0,
156,Staten Island,2024-10-16,11,hvfhv,39,24.09
156,Staten Island,2024-10-16,11,other_fhv,7,
156,Staten Island,2024-10-16,12,yellow,0,
156,Staten Island,2024-10-16,12,green,0,
156,Staten Island,2024-10-16,12,hvfhv,46,19.73
156,Staten Island,2024-10-16,12,other_fhv,7,
156,Staten Island,2024-10-16,13,yellow,0,
156,Staten Island,2024-10-16,13,green,0,
156,Staten Island,2024-10-16,13,hvfhv,46,21.67
156,Staten Island,2024-10-16,13,other_fhv,6,
156,Staten Island,2024-10-16,14,yellow,0,
156,Staten Island,2024-10-16,14,green,0,
156,Staten Island,2024-10-16,14,hvfhv,49,17.71
156,Staten Island,2024-10-16,14,other_fhv,2,
156,Staten Island,2024-10-16,15,yellow,0,
156,Staten Island,2024-10-16,15,green,0,
156,Staten Island,2024-10-16,15,hvfhv,48,18.72
156,Staten Island,2024-10-16,15,other_fhv,0,
156,Staten Island,2024-10-16,16,yellow,0,
156,Staten Island,2024-10-16,16,green,0,
156,Staten Island,2024-10-16,16,hvfhv,48,16.25
156,Staten Island,2024-10-16,16,other_fhv,0,
156,Staten Island,2024-10-16,17,yellow,0,
156,Staten Island,2024-10-16,17,green,0,
156,Staten Island,2024-10-16,17,hvfhv,48,14.44
156,Staten Island,2024-10-16,17,other_fhv,2,
156,Staten Island,2024-10-16,18,yellow,0,
156,Staten Island,2024-10-16,18,green,0,
156,Staten Island,2024-10-16,18,hvfhv,62,14.64
156,Staten Island,2024-10-16,18,other_fhv,2,
156,Staten Island,2024-10-16,19,yellow,0,
156,Staten Island,2024-10-16,19,green,0,
156,Staten Island,2024-10-16,19,hvfhv,30,19.61
156,Staten Island,2024-10-16,19,other_fhv,2,
156,Staten Island,2024-10-16,20,yellow,0,
156,Staten Island,2024-10-16,20,green,0,
156,Staten Island,2024-10-16,20,hvfhv,18,21.83
156,Staten Island,2024-10-16,20,other_fhv,1,
156,Staten Island,2024-10-16,21,yellow,0,
156,Staten Island,2024-10-16,21,green,0,
156,Staten Island,2024-10-16,21,hvfhv,21,15.61
156,Staten Island,2024-10-16,21,other_fhv,1,
156,Staten Island,2024-10-16,22,yellow,0,
156,Staten Island,2024-10-16,22,green,0,
156,Staten Island,2024-10-16,22,hvfhv,27,15.81
156,Staten Island,2024-10-16,22,other_fhv,0,
156,Staten Island,2024-10-16,23,yellow,0,
156,Staten Island,2024-10-16,23,green,0,
156,Staten Island,2024-10-16,23,hvfhv,22,14.82
156,Staten Island,2024-10-16,23,other_fhv,0,
157,Queens,2024-10-16,0,yellow,1,70.0
157,Queens,2024-10-16,0,green,0,
157,Queens,2024-10-16,0,hvfhv,27,14.64
157,Queens,2024-10-16,0,other_fhv,0,
157,Queens,2024-10-16,1,yellow,0,
157,Queens,2024-10-16,1,green,1,19.0
157,Queens,2024-10-16,1,hvfhv,15,15.48
157,Queens,2024-10-16,1,other_fhv,0,
157,Queens,2024-10-16,2,yellow,0,
157,Queens,2024-10-16,2,green,0,
157,Queens,2024-10-16,2,hvfhv,9,30.38
157,Queens,2024-10-16,2,other_fhv,0,
157,Queens,2024-10-16,3,yellow,0,
157,Queens,2024-10-16,3,green,1,40.0
157,Queens,2024-10-16,3,hvfhv,17,13.9
157,Queens,2024-10-16,3,other_fhv,0,
157,Queens,2024-10-16,4,yellow,1,25.23
157,Queens,2024-10-16,4,green,0,
157,Queens,2024-10-16,4,hvfhv,29,16.7
157,Queens,2024-10-16,4,other_fhv,0,
157,Queens,2024-10-16,5,yellow,0,
157,Queens,2024-10-16,5,green,0,
157,Queens,2024-10-16,5,hvfhv,43,24.56
157,Queens,2024-10-16,5,other_fhv,1,
157,Queens,2024-10-16,6,yellow,0,
157,Queens,2024-10-16,6,green,0,
157,Queens,2024-10-16,6,hvfhv,80,18.24
157,Queens,2024-10-16,6,other_fhv,2,
157,Queens,2024-10-16,7,yellow,3,33.88
157,Queens,2024-10-16,7,green,0,
157,Queens,2024-10-16,7,hvfhv,148,20.2
157,Queens,2024-10-16,7,other_fhv,1,
157,Queens,2024-10-16,8,yellow,1,6.5
157,Queens,2024-10-16,8,green,0,
157,Queens,2024-10-16,8,hvfhv,151,16.98
157,Queens,2024-10-16,8,other_fhv,0,
157,Queens,2024-10-16,9,yellow,0,
157,Queens,2024-10-16,9,green,0,
157,Queens,2024-10-16,9,hvfhv,127,19.39
157,Queens,2024-10-16,9,other_fhv,1,
157,Queens,2024-10-16,10,yellow,0,
157,Queens,2024-10-16,10,green,0,
157,Queens,2024-10-16,10,hvfhv,98,20.63
157,Queens,2024-10-16,10,other_fhv,1,
157,Queens,2024-10-16,11,yellow,0,
157,Queens,2024-10-16,11,green,0,
157,Queens,2024-10-16,11,hvfhv,74,21.45
157,Queens,2024-10-16,11,other_fhv,1,
157,Queens,2024-10-16,12,yellow,0,
157,Queens,2024-10-16,12,green,0,
157,Queens,2024-10-16,12,hvfhv,86,20.94
157,Queens,2024-10-16,12,other_fhv,2,
157,Queens,2024-10-16,13,yellow,0,
157,Queens,2024-10-16,13,green,0,
157,Queens,2024-10-16,13,hvfhv,74,21.49
157,Queens,2024-10-16,13,other_fhv,0,
157,Queens,2024-10-16,14,yellow,3,20.99
157,Queens,2024-10-16,14,green,0,
157,Queens,2024-10-16,14,hvfhv,84,18.8
157,Queens,2024-10-16,14,other_fhv,1,
157,Queens,2024-10-16,15,yellow,0,
157,Queens,2024-10-16,15,green,0,
157,Queens,2024-10-16,15,hvfhv,67,22.94
157,Queens,2024-10-16,15,other_fhv,0,
157,Queens,2024-10-16,16,yellow,2,70.0
157,Queens,2024-10-16,16,green,0,
157,Queens,2024-10-16,16,hvfhv,88,19.27
157,Queens,2024-10-16,16,other_fhv,1,
157,Queens,2024-10-16,17,yellow,1,28.9
157,Queens,2024-10-16,17,green,0,
157,Queens,2024-10-16,17,hvfhv,98,20.23
157,Queens,2024-10-16,17,other_fhv,2,
157,Queens,2024-10-16,18,yellow,0,
157,Queens,2024-10-16,18,green,0,
157,Queens,2024-10-16,18,hvfhv,105,20.06
157,Queens,2024-10-16,18,other_fhv,1,
157,Queens,2024-10-16,19,yellow,0,
157,Queens,2024-10-16,19,green,0,
157,Queens,2024-10-16,19,hvfhv,82,19.58
157,Queens,2024-10-16,19,other_fhv,0,
157,Queens,2024-10-16,20,yellow,1,70.0
157,Queens,2024-10-16,20,green,0,
157,Queens,2024-10-16,20,hvfhv,57,20.86
157,Queens,2024-10-16,20,other_fhv,2,
157,Queens,2024-10-16,21,yellow,0,
157,Queens,2024-10-16,21,green,0,
157,Queens,2024-10-16,21,hvfhv,59,18.5
157,Queens,2024-10-16,21,other_fhv,1,
157,Queens,2024-10-16,22,yellow,0,
157,Queens,2024-10-16,22,green,0,
157,Queens,2024-10-16,22,hvfhv,49,16.07
157,Queens,2024-10-16,22,other_fhv,1,
157,Queens,2024-10-16,23,yellow,0,
157,Queens,2024-10-16,23,green,0,
157,Queens,2024-10-16,23,hvfhv,35,15.28
157,Queens,2024-10-16,23,other_fhv,0,
158,Manhattan,2024-10-16,0,yellow,28,14.07
158,Manhattan,2024-10-16,0,green,0,
158,Manhattan,2024-10-16,0,hvfhv,85,24.04
158,Manhattan,2024-10-16,0,other_fhv,1,
158,Manhattan,2024-10-16,1,yellow,20,14.35
158,Manhattan,2024-10-16,1,green,0,
158,Manhattan,2024-10-16,1,hvfhv,41,25.73
158,Manhattan,2024-10-16,1,other_fhv,0,
158,Manhattan,2024-10-16,2,yellow,18,18.46
158,Manhattan,2024-10-16,2,green,0,
158,Manhattan,2024-10-16,2,hvfhv,35,26.81
158,Manhattan,2024-10-16,2,other_fhv,1,
158,Manhattan,2024-10-16,3,yellow,22,15.77
158,Manhattan,2024-10-16,3,green,0,
158,Manhattan,2024-10-16,3,hvfhv,35,27.68
158,Manhattan,2024-10-16,3,other_fhv,0,
158,Manhattan,2024-10-16,4,yellow,7,20.1
158,Manhattan,2024-10-16,4,green,0,
158,Manhattan,2024-10-16,4,hvfhv,36,38.7
158,Manhattan,2024-10-16,4,other_fhv,1,
158,Manhattan,2024-10-16,5,yellow,6,16.62
158,Manhattan,2024-10-16,5,green,0,
158,Manhattan,2024-10-16,5,hvfhv,52,44.85
158,Manhattan,2024-10-16,5,other_fhv,0,
158,Manhattan,2024-10-16,6,yellow,18,15.4
158,Manhattan,2024-10-16,6,green,0,
158,Manhattan,2024-10-16,6,hvfhv,98,37.88
158,Manhattan,2024-10-16,6,other_fhv,2,
158,Manhattan,2024-10-16,7,yellow,41,14.54
158,Manhattan,2024-10-16,7,green,0,
158,Manhattan,2024-10-16,7,hvfhv,160,35.47
158,Manhattan,2024-10-16,7,other_fhv,0,
158,Manhattan,2024-10-16,8,yellow,63,17.06
158,Manhattan,2024-10-16,8,green,0,
158,Manhattan,2024-10-16,8,hvfhv,230,29.33
158,Manhattan,2024-10-16,8,other_fhv,1,
158,Manhattan,2024-10-16,9,yellow,30,20.59
158,Manhattan,2024-10-16,9,green,0,
158,Manhattan,2024-10-16,9,hvfhv,204,30.74
158,Manhattan,2024-10-16,9,other_fhv,2,
158,Manhattan,2024-10-16,10,yellow,45,17.25
158,Manhattan,2024-10-16,10,green,0,
158,Manhattan,2024-10-16,10,hvfhv,129,36.99
158,Manhattan,2024-10-16,10,other_fhv,3,
158,Manhattan,2024-10-16,11,yellow,43,19.4
158,Manhattan,2024-10-16,11,green,0,
158,Manhattan,2024-10-16,11,hvfhv,141,34.45
158,Manhattan,2024-10-16,11,other_fhv,3,
158,Manhattan,2024-10-16,12,yellow,45,23.81
158,Manhattan,2024-10-16,12,green,0,
158,Manhattan,2024-10-16,12,hvfhv,161,37.66
158,Manhattan,2024-10-16,12,other_fhv,4,
158,Manhattan,2024-10-16,13,yellow,65,20.95
158,Manhattan,2024-10-16,13,green,0,
158,Manhattan,2024-10-16,13,hvfhv,128,34.38
158,Manhattan,2024-10-16,13,other_fhv,1,
158,Manhattan,2024-10-16,14,yellow,56,18.91
158,Manhattan,2024-10-16,14,green,0,
158,Manhattan,2024-10-16,14,hvfhv,143,39.67
158,Manhattan,2024-10-16,14,other_fhv,0,
158,Manhattan,2024-10-16,15,yellow,73,22.51
158,Manhattan,2024-10-16,15,green,0,
158,Manhattan,2024-10-16,15,hvfhv,173,40.22
158,Manhattan,2024-10-16,15,other_fhv,0,
158,Manhattan,2024-10-16,16,yellow,65,20.34
158,Manhattan,2024-10-16,16,green,0,
158,Manhattan,2024-10-16,16,hvfhv,157,42.32
158,Manhattan,2024-10-16,16,other_fhv,1,
158,Manhattan,2024-10-16,17,yellow,81,21.37
158,Manhattan,2024-10-16,17,green,0,
158,Manhattan,2024-10-16,17,hvfhv,244,32.4
158,Manhattan,2024-10-16,17,other_fhv,0,
158,Manhattan,2024-10-16,18,yellow,89,16.86
158,Manhattan,2024-10-16,18,green,0,
158,Manhattan,2024-10-16,18,hvfhv,290,28.93
158,Manhattan,2024-10-16,18,other_fhv,1,
158,Manhattan,2024-10-16,19,yellow,80,18.36
158,Manhattan,2024-10-16,19,green,0,
158,Manhattan,2024-10-16,19,hvfhv,290,29.81
158,Manhattan,2024-10-16,19,other_fhv,0,
158,Manhattan,2024-10-16,20,yellow,82,17.07
158,Manhattan,2024-10-16,20,green,0,
158,Manhattan,2024-10-16,20,hvfhv,267,35.86
158,Manhattan,2024-10-16,20,other_fhv,0,
158,Manhattan,2024-10-16,21,yellow,126,17.15
158,Manhattan,2024-10-16,21,green,0,
158,Manhattan,2024-10-16,21,hvfhv,317,40.22
158,Manhattan,2024-10-16,21,other_fhv,6,
158,Manhattan,2024-10-16,22,yellow,96,15.86
158,Manhattan,2024-10-16,22,green,0,
158,Manhattan,2024-10-16,22,hvfhv,296,44.8
158,Manhattan,2024-10-16,22,other_fhv,1,
158,Manhattan,2024-10-16,23,yellow,52,11.79
158,Manhattan,2024-10-16,23,green,0,
158,Manhattan,2024-10-16,23,hvfhv,188,35.69
158,Manhattan,2024-10-16,23,other_fhv,0,
159,Bronx,2024-10-16,0,yellow,0,
159,Bronx,2024-10-16,0,green,0,
159,Bronx,2024-10-16,0,hvfhv,65,19.78
159,Bronx,2024-10-16,0,other_fhv,0,
159,Bronx,2024-10-16,1,yellow,0,
159,Bronx,2024-10-16,1,green,0,
159,Bronx,2024-10-16,1,hvfhv,32,16.85
159,Bronx,2024-10-16,1,other_fhv,0,
159,Bronx,2024-10-16,2,yellow,0,
159,Bronx,2024-10-16,2,green,0,
159,Bronx,2024-10-16,2,hvfhv,22,20.83
159,Bronx,2024-10-16,2,other_fhv,0,
159,Bronx,2024-10-16,3,yellow,0,
159,Bronx,2024-10-16,3,green,0,
159,Bronx,2024-10-16,3,hvfhv,19,22.6
159,Bronx,2024-10-16,3,other_fhv,0,
159,Bronx,2024-10-16,4,yellow,0,
159,Bronx,2024-10-16,4,green,0,
159,Bronx,2024-10-16,4,hvfhv,41,22.08
159,Bronx,2024-10-16,4,other_fhv,0,
159,Bronx,2024-10-16,5,yellow,1,33.5
159,Bronx,2024-10-16,5,green,0,
159,Bronx,2024-10-16,5,hvfhv,50,23.71
159,Bronx,2024-10-16,5,other_fhv,1,
159,Bronx,2024-10-16,6,yellow,2,29.7
159,Bronx,2024-10-16,6,green,0,
159,Bronx,2024-10-16,6,hvfhv,101,20.27
159,Bronx,2024-10-16,6,other_fhv,0,
159,Bronx,2024-10-16,7,yellow,2,44.39
159,Bronx,2024-10-16,7,green,0,
159,Bronx,2024-10-16,7,hvfhv,210,19.11
159,Bronx,2024-10-16,7,other_fhv,2,
159,Bronx,2024-10-16,8,yellow,1,19.5
159,Bronx,2024-10-16,8,green,0,
159,Bronx,2024-10-16,8,hvfhv,206,19.9
159,Bronx,2024-10-16,8,other_fhv,1,
159,Bronx,2024-10-16,9,yellow,0,
159,Bronx,2024-10-16,9,green,0,
159,Bronx,2024-10-16,9,hvfhv,147,19.64
159,Bronx,2024-10-16,9,other_fhv,1,
159,Bronx,2024-10-16,10,yellow,0,
159,Bronx,2024-10-16,10,green,0,
159,Bronx,2024-10-16,10,hvfhv,127,20.05
159,Bronx,2024-10-16,10,other_fhv,0,
159,Bronx,2024-10-16,11,yellow,1,31.5
159,Bronx,2024-10-16,11,green,0,
159,Bronx,2024-10-16,11,hvfhv,126,20.02
159,Bronx,2024-10-16,11,other_fhv,2,
159,Bronx,2024-10-16,12,yellow,3,47.67
159,Bronx,2024-10-16,12,green,0,
159,Bronx,2024-10-16,12,hvfhv,123,19.71
159,Bronx,2024-10-16,12,other_fhv,1,
159,Bronx,2024-10-16,13,yellow,3,22.1
159,Bronx,2024-10-16,13,green,0,
159,Bronx,2024-10-16,13,hvfhv,129,17.97
159,Bronx,2024-10-16,13,other_fhv,3,
159,Bronx,2024-10-16,14,yellow,4,42.24
159,Bronx,2024-10-16,14,green,0,
159,Bronx,2024-10-16,14,hvfhv,136,20.38
159,Bronx,2024-10-16,14,other_fhv,0,
159,Bronx,2024-10-16,15,yellow,1,41.5
159,Bronx,2024-10-16,15,green,0,
159,Bronx,2024-10-16,15,hvfhv,153,20.79
159,Bronx,2024-10-16,15,other_fhv,0,
159,Bronx,2024-10-16,16,yellow,0,
159,Bronx,2024-10-16,16,green,0,
159,Bronx,2024-10-16,16,hvfhv,147,18.15
159,Bronx,2024-10-16,16,other_fhv,1,
159,Bronx,2024-10-16,17,yellow,1,16.59
159,Bronx,2024-10-16,17,green,0,
159,Bronx,2024-10-16,17,hvfhv,177,20.67
159,Bronx,2024-10-16,17,other_fhv,0,
159,Bronx,2024-10-16,18,yellow,1,18.4
159,Bronx,2024-10-16,18,green,0,
159,Bronx,2024-10-16,18,hvfhv,185,18.56
159,Bronx,2024-10-16,18,other_fhv,0,
159,Bronx,2024-10-16,19,yellow,0,
159,Bronx,2024-10-16,19,green,0,
159,Bronx,2024-10-16,19,hvfhv,126,16.13
159,Bronx,2024-10-16,19,other_fhv,0,
159,Bronx,2024-10-16,20,yellow,1,53.5
159,Bronx,2024-10-16,20,green,0,
159,Bronx,2024-10-16,20,hvfhv,120,16.43
159,Bronx,2024-10-16,20,other_fhv,0,
159,Bronx,2024-10-16,21,yellow,1,39.5
159,Bronx,2024-10-16,21,green,0,
159,Bronx,2024-10-16,21,hvfhv,101,15.28
159,Bronx,2024-10-16,21,other_fhv,0,
159,Bronx,2024-10-16,22,yellow,0,
159,Bronx,2024-10-16,22,green,0,
159,Bronx,2024-10-16,22,hvfhv,102,15.3
159,Bronx,2024-10-16,22,other_fhv,0,
159,Bronx,2024-10-16,23,yellow,0,
159,Bronx,2024-10-16,23,green,0,
159,Bronx,2024-10-16,23,hvfhv,107,16.89
159,Bronx,2024-10-16,23,other_fhv,0,
160,Queens,2024-10-16,0,yellow,0,
160,Queens,2024-10-16,0,green,0,
160,Queens,2024-10-16,0,hvfhv,13,18.4
160,Queens,2024-10-16,0,other_fhv,0,
160,Queens,2024-10-16,1,yellow,0,
160,Queens,2024-10-16,1,green,0,
160,Queens,2024-10-16,1,hvfhv,8,16.16
160,Queens,2024-10-16,1,other_fhv,0,
160,Queens,2024-10-16,2,yellow,0,
160,Queens,2024-10-16,2,green,0,
160,Queens,2024-10-16,2,hvfhv,4,11.67
160,Queens,2024-10-16,2,other_fhv,1,
160,Queens,2024-10-16,3,yellow,0,
160,Queens,2024-10-16,3,green,0,
160,Queens,2024-10-16,3,hvfhv,10,26.63
160,Queens,2024-10-16,3,other_fhv,0,
160,Queens,2024-10-16,4,yellow,0,
160,Queens,2024-10-16,4,green,0,
160,Queens,2024-10-16,4,hvfhv,14,31.15
160,Queens,2024-10-16,4,other_fhv,0,
160,Queens,2024-10-16,5,yellow,0,
160,Queens,2024-10-16,5,green,0,
160,Queens,2024-10-16,5,hvfhv,35,25.39
160,Queens,2024-10-16,5,other_fhv,0,
160,Queens,2024-10-16,6,yellow,1,30.09
160,Queens,2024-10-16,6,green,0,
160,Queens,2024-10-16,6,hvfhv,85,23.83
160,Queens,2024-10-16,6,other_fhv,3,
160,Queens,2024-10-16,7,yellow,0,
160,Queens,2024-10-16,7,green,0,
160,Queens,2024-10-16,7,hvfhv,113,22.83
160,Queens,2024-10-16,7,other_fhv,1,
160,Queens,2024-10-16,8,yellow,1,41.5
160,Queens,2024-10-16,8,green,0,
160,Queens,2024-10-16,8,hvfhv,120,21.34
160,Queens,2024-10-16,8,other_fhv,0,
160,Queens,2024-10-16,9,yellow,0,
160,Queens,2024-10-16,9,green,0,
160,Queens,2024-10-16,9,hvfhv,106,17.91
160,Queens,2024-10-16,9,other_fhv,2,
160,Queens,2024-10-16,10,yellow,1,31.5
160,Queens,2024-10-16,10,green,0,
160,Queens,2024-10-16,10,hvfhv,59,17.92
160,Queens,2024-10-16,10,other_fhv,1,
160,Queens,2024-10-16,11,yellow,0,
160,Queens,2024-10-16,11,green,0,
160,Queens,2024-10-16,11,hvfhv,59,19.33
160,Queens,2024-10-16,11,other_fhv,2,
160,Queens,2024-10-16,12,yellow,0,
160,Queens,2024-10-16,12,green,0,
160,Queens,2024-10-16,12,hvfhv,57,20.01
160,Queens,2024-10-16,12,other_fhv,0,
160,Queens,2024-10-16,13,yellow,1,31.5
160,Queens,2024-10-16,13,green,0,
160,Queens,2024-10-16,13,hvfhv,51,22.09
160,Queens,2024-10-16,13,other_fhv,0,
160,Queens,2024-10-16,14,yellow,2,55.44
160,Queens,2024-10-16,14,green,0,
160,Queens,2024-10-16,14,hvfhv,66,22.69
160,Queens,2024-10-16,14,other_fhv,0,
160,Queens,2024-10-16,15,yellow,0,
160,Queens,2024-10-16,15,green,0,
160,Queens,2024-10-16,15,hvfhv,64,20.95
160,Queens,2024-10-16,15,other_fhv,0,
160,Queens,2024-10-16,16,yellow,0,
160,Queens,2024-10-16,16,green,0,
160,Queens,2024-10-16,16,hvfhv,81,22.38
160,Queens,2024-10-16,16,other_fhv,0,
160,Queens,2024-10-16,17,yellow,0,
160,Queens,2024-10-16,17,green,0,
160,Queens,2024-10-16,17,hvfhv,82,20.91
160,Queens,2024-10-16,17,other_fhv,0,
160,Queens,2024-10-16,18,yellow,1,26.63
160,Queens,2024-10-16,18,green,1,25.0
160,Queens,2024-10-16,18,hvfhv,77,15.61
160,Queens,2024-10-16,18,other_fhv,0,
160,Queens,2024-10-16,19,yellow,0,
160,Queens,2024-10-16,19,green,0,
160,Queens,2024-10-16,19,hvfhv,57,20.61
160,Queens,2024-10-16,19,other_fhv,0,
160,Queens,2024-10-16,20,yellow,0,
160,Queens,2024-10-16,20,green,0,
160,Queens,2024-10-16,20,hvfhv,58,17.22
160,Queens,2024-10-16,20,other_fhv,2,
160,Queens,2024-10-16,21,yellow,0,
160,Queens,2024-10-16,21,green,0,
160,Queens,2024-10-16,21,hvfhv,50,16.61
160,Queens,2024-10-16,21,other_fhv,0,
160,Queens,2024-10-16,22,yellow,0,
160,Queens,2024-10-16,22,green,0,
160,Queens,2024-10-16,22,hvfhv,34,18.66
160,Queens,2024-10-16,22,other_fhv,0,
160,Queens,2024-10-16,23,yellow,0,
160,Queens,2024-10-16,23,green,1,3.0
160,Queens,2024-10-16,23,hvfhv,32,15.49
160,Queens,2024-10-16,23,other_fhv,0,
161,Manhattan,2024-10-16,0,yellow,111,14.8
161,Manhattan,2024-10-16,0,green,0,
161,Manhattan,2024-10-16,0,hvfhv,397,30.66
161,Manhattan,2024-10-16,0,other_fhv,3,
161,Manhattan,2024-10-16,1,yellow,24,15.5
161,Manhattan,2024-10-16,1,green,0,
161,Manhattan,2024-10-16,1,hvfhv,218,25.54
161,Manhattan,2024-10-16,1,other_fhv,2,
161,Manhattan,2024-10-16,2,yellow,7,9.6
161,Manhattan,2024-10-16,2,green,0,
161,Manhattan,2024-10-16,2,hvfhv,112,26.74
161,Manhattan,2024-10-16,2,other_fhv,0,
161,Manhattan,2024-10-16,3,yellow,8,15.42
161,Manhattan,2024-10-16,3,green,0,
161,Manhattan,2024-10-16,3,hvfhv,87,25.91
161,Manhattan,2024-10-16,3,other_fhv,0,
161,Manhattan,2024-10-16,4,yellow,11,47.66
161,Manhattan,2024-10-16,4,green,0,
161,Manhattan,2024-10-16,4,hvfhv,73,42.78
161,Manhattan,2024-10-16,4,other_fhv,0,
161,Manhattan,2024-10-16,5,yellow,18,29.79
161,Manhattan,2024-10-16,5,green,0,
161,Manhattan,2024-10-16,5,hvfhv,62,42.63
161,Manhattan,2024-10-16,5,other_fhv,0,
161,Manhattan,2024-10-16,6,yellow,34,22.08
161,Manhattan,2024-10-16,6,green,0,
161,Manhattan,2024-10-16,6,hvfhv,81,45.64
161,Manhattan,2024-10-16,6,other_fhv,0,
161,Manhattan,2024-10-16,7,yellow,96,17.13
161,Manhattan,2024-10-16,7,green,0,
161,Manhattan,2024-10-16,7,hvfhv,144,35.37
161,Manhattan,2024-10-16,7,other_fhv,1,
161,Manhattan,2024-10-16,8,yellow,204,16.47
161,Manhattan,2024-10-16,8,green,0,
161,Manhattan,2024-10-16,8,hvfhv,223,36.6
161,Manhattan,2024-10-16,8,other_fhv,0,
161,Manhattan,2024-10-16,9,yellow,262,16.37
161,Manhattan,2024-10-16,9,green,0,
161,Manhattan,2024-10-16,9,hvfhv,243,36.75
161,Manhattan,2024-10-16,9,other_fhv,2,
161,Manhattan,2024-10-16,10,yellow,203,16.95
161,Manhattan,2024-10-16,10,green,0,
161,Manhattan,2024-10-16,10,hvfhv,289,38.07
161,Manhattan,2024-10-16,10,other_fhv,5,
161,Manhattan,2024-10-16,11,yellow,309,16.72
161,Manhattan,2024-10-16,11,green,0,
161,Manhattan,2024-10-16,11,hvfhv,354,39.24
161,Manhattan,2024-10-16,11,other_fhv,1,
161,Manhattan,2024-10-16,12,yellow,351,17.28
161,Manhattan,2024-10-16,12,green,0,
161,Manhattan,2024-10-16,12,hvfhv,412,43.18
161,Manhattan,2024-10-16,12,other_fhv,6,
161,Manhattan,2024-10-16,13,yellow,423,18.8
161,Manhattan,2024-10-16,13,green,0,
161,Manhattan,2024-10-16,13,hvfhv,458,46.91
161,Manhattan,2024-10-16,13,other_fhv,3,
161,Manhattan,2024-10-16,14,yellow,414,20.67
161,Manhattan,2024-10-16,14,green,0,
161,Manhattan,2024-10-16,14,hvfhv,451,53.38
161,Manhattan,2024-10-16,14,other_fhv,2,
161,Manhattan,2024-10-16,15,yellow,456,19.96
161,Manhattan,2024-10-16,15,green,0,
161,Manhattan,2024-10-16,15,hvfhv,542,53.92
161,Manhattan,2024-10-16,15,other_fhv,2,
161,Manhattan,2024-10-16,16,yellow,477,19.62
161,Manhattan,2024-10-16,16,green,0,
161,Manhattan,2024-10-16,16,hvfhv,618,49.0
161,Manhattan,2024-10-16,16,other_fhv,3,
161,Manhattan,2024-10-16,17,yellow,631,18.11
161,Manhattan,2024-10-16,17,green,0,
161,Manhattan,2024-10-16,17,hvfhv,656,46.96
161,Manhattan,2024-10-16,17,other_fhv,4,
161,Manhattan,2024-10-16,18,yellow,688,16.16
161,Manhattan,2024-10-16,18,green,0,
161,Manhattan,2024-10-16,18,hvfhv,691,41.74
161,Manhattan,2024-10-16,18,other_fhv,4,
161,Manhattan,2024-10-16,19,yellow,647,16.39
161,Manhattan,2024-10-16,19,green,0,
161,Manhattan,2024-10-16,19,hvfhv,795,42.69
161,Manhattan,2024-10-16,19,other_fhv,8,
161,Manhattan,2024-10-16,20,yellow,594,16.67
161,Manhattan,2024-10-16,20,green,0,
161,Manhattan,2024-10-16,20,hvfhv,885,47.31
161,Manhattan,2024-10-16,20,other_fhv,9,
161,Manhattan,2024-10-16,21,yellow,559,16.71
161,Manhattan,2024-10-16,21,green,0,
161,Manhattan,2024-10-16,21,hvfhv,1002,49.45
161,Manhattan,2024-10-16,21,other_fhv,13,
161,Manhattan,2024-10-16,22,yellow,474,16.76
161,Manhattan,2024-10-16,22,green,0,
161,Manhattan,2024-10-16,22,hvfhv,779,47.77
161,Manhattan,2024-10-16,22,other_fhv,8,
161,Manhattan,2024-10-16,23,yellow,317,15.19
161,Manhattan,2024-10-16,23,green,0,
161,Manhattan,2024-10-16,23,hvfhv,584,42.48
161,Manhattan,2024-10-16,23,other_fhv,3,
162,Manhattan,2024-10-16,0,yellow,72,12.51
162,Manhattan,2024-10-16,0,green,0,
162,Manhattan,2024-10-16,0,hvfhv,273,32.32
162,Manhattan,2024-10-16,0,other_fhv,1,
162,Manhattan,2024-10-16,1,yellow,15,10.11
162,Manhattan,2024-10-16,1,green,0,
162,Manhattan,2024-10-16,1,hvfhv,117,29.63
162,Manhattan,2024-10-16,1,other_fhv,2,
162,Manhattan,2024-10-16,2,yellow,6,18.52
162,Manhattan,2024-10-16,2,green,0,
162,Manhattan,2024-10-16,2,hvfhv,60,30.88
162,Manhattan,2024-10-16,2,other_fhv,0,
162,Manhattan,2024-10-16,3,yellow,7,11.1
162,Manhattan,2024-10-16,3,green,0,
162,Manhattan,2024-10-16,3,hvfhv,29,35.32
162,Manhattan,2024-10-16,3,other_fhv,0,
162,Manhattan,2024-10-16,4,yellow,6,11.12
162,Manhattan,2024-10-16,4,green,0,
162,Manhattan,2024-10-16,4,hvfhv,32,45.85
162,Manhattan,2024-10-16,4,other_fhv,1,
162,Manhattan,2024-10-16,5,yellow,18,19.77
162,Manhattan,2024-10-16,5,green,0,
162,Manhattan,2024-10-16,5,hvfhv,56,44.64
162,Manhattan,2024-10-16,5,other_fhv,0,
162,Manhattan,2024-10-16,6,yellow,82,15.31
162,Manhattan,2024-10-16,6,green,0,
162,Manhattan,2024-10-16,6,hvfhv,92,34.57
162,Manhattan,2024-10-16,6,other_fhv,2,
162,Manhattan,2024-10-16,7,yellow,179,14.05
162,Manhattan,2024-10-16,7,green,0,
162,Manhattan,2024-10-16,7,hvfhv,183,37.35
162,Manhattan,2024-10-16,7,other_fhv,0,
162,Manhattan,2024-10-16,8,yellow,196,14.36
162,Manhattan,2024-10-16,8,green,0,
162,Manhattan,2024-10-16,8,hvfhv,249,33.86
162,Manhattan,2024-10-16,8,other_fhv,0,
162,Manhattan,2024-10-16,9,yellow,239,15.71
162,Manhattan,2024-10-16,9,green,0,
162,Manhattan,2024-10-16,9,hvfhv,202,34.22
162,Manhattan,2024-10-16,9,other_fhv,2,
162,Manhattan,2024-10-16,10,yellow,227,17.2
162,Manhattan,2024-10-16,10,green,0,
162,Manhattan,2024-10-16,10,hvfhv,220,38.8
162,Manhattan,2024-10-16,10,other_fhv,1,
162,Manhattan,2024-10-16,11,yellow,231,16.39
162,Manhattan,2024-10-16,11,green,0,
162,Manhattan,2024-10-16,11,hvfhv,212,37.87
162,Manhattan,2024-10-16,11,other_fhv,1,
162,Manhattan,2024-10-16,12,yellow,273,17.53
162,Manhattan,2024-10-16,12,green,0,
162,Manhattan,2024-10-16,12,hvfhv,233,41.65
162,Manhattan,2024-10-16,12,other_fhv,2,
162,Manhattan,2024-10-16,13,yellow,272,21.42
162,Manhattan,2024-10-16,13,green,0,
162,Manhattan,2024-10-16,13,hvfhv,252,45.18
162,Manhattan,2024-10-16,13,other_fhv,4,
162,Manhattan,2024-10-16,14,yellow,291,17.84
162,Manhattan,2024-10-16,14,green,0,
162,Manhattan,2024-10-16,14,hvfhv,266,50.33
162,Manhattan,2024-10-16,14,other_fhv,3,
162,Manhattan,2024-10-16,15,yellow,283,19.91
162,Manhattan,2024-10-16,15,green,0,
162,Manhattan,2024-10-16,15,hvfhv,250,53.58
162,Manhattan,2024-10-16,15,other_fhv,2,
162,Manhattan,2024-10-16,16,yellow,284,18.34
162,Manhattan,2024-10-16,16,green,0,
162,Manhattan,2024-10-16,16,hvfhv,317,48.86
162,Manhattan,2024-10-16,16,other_fhv,3,
162,Manhattan,2024-10-16,17,yellow,418,18.03
162,Manhattan,2024-10-16,17,green,0,
162,Manhattan,2024-10-16,17,hvfhv,432,38.75
162,Manhattan,2024-10-16,17,other_fhv,3,
162,Manhattan,2024-10-16,18,yellow,508,17.16
162,Manhattan,2024-10-16,18,green,0,
162,Manhattan,2024-10-16,18,hvfhv,499,38.88
162,Manhattan,2024-10-16,18,other_fhv,4,
162,Manhattan,2024-10-16,19,yellow,515,16.17
162,Manhattan,2024-10-16,19,green,0,
162,Manhattan,2024-10-16,19,hvfhv,511,39.37
162,Manhattan,2024-10-16,19,other_fhv,3,
162,Manhattan,2024-10-16,20,yellow,476,15.84
162,Manhattan,2024-10-16,20,green,0,
162,Manhattan,2024-10-16,20,hvfhv,702,42.08
162,Manhattan,2024-10-16,20,other_fhv,6,
162,Manhattan,2024-10-16,21,yellow,468,14.72
162,Manhattan,2024-10-16,21,green,0,
162,Manhattan,2024-10-16,21,hvfhv,668,43.61
162,Manhattan,2024-10-16,21,other_fhv,7,
162,Manhattan,2024-10-16,22,yellow,332,13.83
162,Manhattan,2024-10-16,22,green,0,
162,Manhattan,2024-10-16,22,hvfhv,546,40.23
162,Manhattan,2024-10-16,22,other_fhv,3,
162,Manhattan,2024-10-16,23,yellow,224,13.93
162,Manhattan,2024-10-16,23,green,0,
162,Manhattan,2024-10-16,23,hvfhv,390,34.52
162,Manhattan,2024-10-16,23,other_fhv,5,
163,Manhattan,2024-10-16,0,yellow,76,14.59
163,Manhattan,2024-10-16,0,green,0,
163,Manhattan,2024-10-16,0,hvfhv,246,32.52
163,Manhattan,2024-10-16,0,other_fhv,3,
163,Manhattan,2024-10-16,1,yellow,17,13.54
163,Manhattan,2024-10-16,1,green,0,
163,Manhattan,2024-10-16,1,hvfhv,95,26.53
163,Manhattan,2024-10-16,1,other_fhv,0,
163,Manhattan,2024-10-16,2,yellow,11,17.45
163,Manhattan,2024-10-16,2,green,0,
163,Manhattan,2024-10-16,2,hvfhv,74,26.15
163,Manhattan,2024-10-16,2,other_fhv,0,
163,Manhattan,2024-10-16,3,yellow,2,12.1
163,Manhattan,2024-10-16,3,green,0,
163,Manhattan,2024-10-16,3,hvfhv,35,37.77
163,Manhattan,2024-10-16,3,other_fhv,0,
163,Manhattan,2024-10-16,4,yellow,11,37.79
163,Manhattan,2024-10-16,4,green,0,
163,Manhattan,2024-10-16,4,hvfhv,45,41.44
163,Manhattan,2024-10-16,4,other_fhv,1,
163,Manhattan,2024-10-16,5,yellow,16,36.74
163,Manhattan,2024-10-16,5,green,0,
163,Manhattan,2024-10-16,5,hvfhv,55,48.85
163,Manhattan,2024-10-16,5,other_fhv,0,
163,Manhattan,2024-10-16,6,yellow,30,20.81
163,Manhattan,2024-10-16,6,green,0,
163,Manhattan,2024-10-16,6,hvfhv,87,50.82
163,Manhattan,2024-10-16,6,other_fhv,1,
163,Manhattan,2024-10-16,7,yellow,82,17.91
163,Manhattan,2024-10-16,7,green,0,
163,Manhattan,2024-10-16,7,hvfhv,167,39.56
163,Manhattan,2024-10-16,7,other_fhv,1,
163,Manhattan,2024-10-16,8,yellow,128,16.96
163,Manhattan,2024-10-16,8,green,0,
163,Manhattan,2024-10-16,8,hvfhv,226,41.38
163,Manhattan,2024-10-16,8,other_fhv,1,
163,Manhattan,2024-10-16,9,yellow,119,18.71
163,Manhattan,2024-10-16,9,green,0,
163,Manhattan,2024-10-16,9,hvfhv,215,41.24
163,Manhattan,2024-10-16,9,other_fhv,1,
163,Manhattan,2024-10-16,10,yellow,175,16.51
163,Manhattan,2024-10-16,10,green,0,
163,Manhattan,2024-10-16,10,hvfhv,241,41.87
163,Manhattan,2024-10-16,10,other_fhv,1,
163,Manhattan,2024-10-16,11,yellow,228,20.21
163,Manhattan,2024-10-16,11,green,0,
163,Manhattan,2024-10-16,11,hvfhv,244,42.38
163,Manhattan,2024-10-16,11,other_fhv,2,
163,Manhattan,2024-10-16,12,yellow,219,17.71
163,Manhattan,2024-10-16,12,green,0,
163,Manhattan,2024-10-16,12,hvfhv,240,49.0
163,Manhattan,2024-10-16,12,other_fhv,2,
163,Manhattan,2024-10-16,13,yellow,236,18.58
163,Manhattan,2024-10-16,13,green,0,
163,Manhattan,2024-10-16,13,hvfhv,243,47.98
163,Manhattan,2024-10-16,13,other_fhv,1,
163,Manhattan,2024-10-16,14,yellow,257,20.48
163,Manhattan,2024-10-16,14,green,0,
163,Manhattan,2024-10-16,14,hvfhv,274,49.78
163,Manhattan,2024-10-16,14,other_fhv,3,
163,Manhattan,2024-10-16,15,yellow,242,20.32
163,Manhattan,2024-10-16,15,green,0,
163,Manhattan,2024-10-16,15,hvfhv,296,53.06
163,Manhattan,2024-10-16,15,other_fhv,1,
163,Manhattan,2024-10-16,16,yellow,257,18.72
163,Manhattan,2024-10-16,16,green,0,
163,Manhattan,2024-10-16,16,hvfhv,314,49.11
163,Manhattan,2024-10-16,16,other_fhv,2,
163,Manhattan,2024-10-16,17,yellow,342,18.2
163,Manhattan,2024-10-16,17,green,0,
163,Manhattan,2024-10-16,17,hvfhv,375,42.72
163,Manhattan,2024-10-16,17,other_fhv,5,
163,Manhattan,2024-10-16,18,yellow,382,17.33
163,Manhattan,2024-10-16,18,green,0,
163,Manhattan,2024-10-16,18,hvfhv,430,40.98
163,Manhattan,2024-10-16,18,other_fhv,2,
163,Manhattan,2024-10-16,19,yellow,333,15.58
163,Manhattan,2024-10-16,19,green,0,
163,Manhattan,2024-10-16,19,hvfhv,487,40.42
163,Manhattan,2024-10-16,19,other_fhv,6,
163,Manhattan,2024-10-16,20,yellow,369,14.63
163,Manhattan,2024-10-16,20,green,0,
163,Manhattan,2024-10-16,20,hvfhv,630,47.37
163,Manhattan,2024-10-16,20,other_fhv,5,
163,Manhattan,2024-10-16,21,yellow,379,16.09
163,Manhattan,2024-10-16,21,green,0,
163,Manhattan,2024-10-16,21,hvfhv,566,54.08
163,Manhattan,2024-10-16,21,other_fhv,7,
163,Manhattan,2024-10-16,22,yellow,400,17.07
163,Manhattan,2024-10-16,22,green,0,
163,Manhattan,2024-10-16,22,hvfhv,503,45.28
163,Manhattan,2024-10-16,22,other_fhv,3,
163,Manhattan,2024-10-16,23,yellow,230,15.75
163,Manhattan,2024-10-16,23,green,0,
163,Manhattan,2024-10-16,23,hvfhv,373,38.7
163,Manhattan,2024-10-16,23,other_fhv,3,
164,Manhattan,2024-10-16,0,yellow,59,13.4
164,Manhattan,2024-10-16,0,green,0,
164,Manhattan,2024-10-16,0,hvfhv,260,31.33
164,Manhattan,2024-10-16,0,other_fhv,3,
164,Manhattan,2024-10-16,1,yellow,28,13.81
164,Manhattan,2024-10-16,1,green,0,
164,Manhattan,2024-10-16,1,hvfhv,153,28.77
164,Manhattan,2024-10-16,1,other_fhv,1,
164,Manhattan,2024-10-16,2,yellow,13,12.09
164,Manhattan,2024-10-16,2,green,0,
164,Manhattan,2024-10-16,2,hvfhv,88,30.39
164,Manhattan,2024-10-16,2,other_fhv,0,
164,Manhattan,2024-10-16,3,yellow,5,37.52
164,Manhattan,2024-10-16,3,green,0,
164,Manhattan,2024-10-16,3,hvfhv,74,41.3
164,Manhattan,2024-10-16,3,other_fhv,2,
164,Manhattan,2024-10-16,4,yellow,5,16.66
164,Manhattan,2024-10-16,4,green,0,
164,Manhattan,2024-10-16,4,hvfhv,84,47.34
164,Manhattan,2024-10-16,4,other_fhv,1,
164,Manhattan,2024-10-16,5,yellow,4,28.72
164,Manhattan,2024-10-16,5,green,0,
164,Manhattan,2024-10-16,5,hvfhv,82,47.47
164,Manhattan,2024-10-16,5,other_fhv,1,
164,Manhattan,2024-10-16,6,yellow,28,16.4
164,Manhattan,2024-10-16,6,green,0,
164,Manhattan,2024-10-16,6,hvfhv,123,41.1
164,Manhattan,2024-10-16,6,other_fhv,1,
164,Manhattan,2024-10-16,7,yellow,82,16.42
164,Manhattan,2024-10-16,7,green,0,
164,Manhattan,2024-10-16,7,hvfhv,246,37.23
164,Manhattan,2024-10-16,7,other_fhv,1,
164,Manhattan,2024-10-16,8,yellow,131,14.47
164,Manhattan,2024-10-16,8,green,0,
164,Manhattan,2024-10-16,8,hvfhv,345,37.96
164,Manhattan,2024-10-16,8,other_fhv,2,
164,Manhattan,2024-10-16,9,yellow,111,15.28
164,Manhattan,2024-10-16,9,green,0,
164,Manhattan,2024-10-16,9,hvfhv,326,29.54
164,Manhattan,2024-10-16,9,other_fhv,5,
164,Manhattan,2024-10-16,10,yellow,110,17.04
164,Manhattan,2024-10-16,10,green,0,
164,Manhattan,2024-10-16,10,hvfhv,257,37.27
164,Manhattan,2024-10-16,10,other_fhv,2,
164,Manhattan,2024-10-16,11,yellow,149,18.22
164,Manhattan,2024-10-16,11,green,0,
164,Manhattan,2024-10-16,11,hvfhv,285,37.49
164,Manhattan,2024-10-16,11,other_fhv,2,
164,Manhattan,2024-10-16,12,yellow,144,20.53
164,Manhattan,2024-10-16,12,green,0,
164,Manhattan,2024-10-16,12,hvfhv,276,42.29
164,Manhattan,2024-10-16,12,other_fhv,2,
164,Manhattan,2024-10-16,13,yellow,158,21.73
164,Manhattan,2024-10-16,13,green,0,
164,Manhattan,2024-10-16,13,hvfhv,263,41.58
164,Manhattan,2024-10-16,13,other_fhv,0,
164,Manhattan,2024-10-16,14,yellow,193,18.64
164,Manhattan,2024-10-16,14,green,0,
164,Manhattan,2024-10-16,14,hvfhv,316,44.56
164,Manhattan,2024-10-16,14,other_fhv,3,
164,Manhattan,2024-10-16,15,yellow,148,19.07
164,Manhattan,2024-10-16,15,green,0,
164,Manhattan,2024-10-16,15,hvfhv,261,45.64
164,Manhattan,2024-10-16,15,other_fhv,2,
164,Manhattan,2024-10-16,16,yellow,185,21.07
164,Manhattan,2024-10-16,16,green,0,
164,Manhattan,2024-10-16,16,hvfhv,321,44.21
164,Manhattan,2024-10-16,16,other_fhv,1,
164,Manhattan,2024-10-16,17,yellow,202,18.08
164,Manhattan,2024-10-16,17,green,0,
164,Manhattan,2024-10-16,17,hvfhv,371,41.79
164,Manhattan,2024-10-16,17,other_fhv,1,
164,Manhattan,2024-10-16,18,yellow,256,16.8
164,Manhattan,2024-10-16,18,green,0,
164,Manhattan,2024-10-16,18,hvfhv,414,32.27
164,Manhattan,2024-10-16,18,other_fhv,3,
164,Manhattan,2024-10-16,19,yellow,237,17.7
164,Manhattan,2024-10-16,19,green,0,
164,Manhattan,2024-10-16,19,hvfhv,428,37.86
164,Manhattan,2024-10-16,19,other_fhv,2,
164,Manhattan,2024-10-16,20,yellow,232,17.35
164,Manhattan,2024-10-16,20,green,0,
164,Manhattan,2024-10-16,20,hvfhv,486,39.8
164,Manhattan,2024-10-16,20,other_fhv,6,
164,Manhattan,2024-10-16,21,yellow,274,15.92
164,Manhattan,2024-10-16,21,green,0,
164,Manhattan,2024-10-16,21,hvfhv,508,45.16
164,Manhattan,2024-10-16,21,other_fhv,8,
164,Manhattan,2024-10-16,22,yellow,294,17.17
164,Manhattan,2024-10-16,22,green,0,
164,Manhattan,2024-10-16,22,hvfhv,467,44.88
164,Manhattan,2024-10-16,22,other_fhv,8,
164,Manhattan,2024-10-16,23,yellow,256,15.84
164,Manhattan,2024-10-16,23,green,0,
164,Manhattan,2024-10-16,23,hvfhv,459,37.46
164,Manhattan,2024-10-16,23,other_fhv,9,
165,Brooklyn,2024-10-16,0,yellow,0,
165,Brooklyn,2024-10-16,0,green,0,
165,Brooklyn,2024-10-16,0,hvfhv,35,17.62
165,Brooklyn,2024-10-16,0,other_fhv,0,
165,Brooklyn,2024-10-16,1,yellow,1,3.0
165,Brooklyn,2024-10-16,1,green,0,
165,Brooklyn,2024-10-16,1,hvfhv,24,19.16
165,Brooklyn,2024-10-16,1,other_fhv,0,
165,Brooklyn,2024-10-16,2,yellow,0,
165,Brooklyn,2024-10-16,2,green,0,
165,Brooklyn,2024-10-16,2,hvfhv,10,18.25
165,Brooklyn,2024-10-16,2,other_fhv,0,
165,Brooklyn,2024-10-16,3,yellow,0,
165,Brooklyn,2024-10-16,3,green,0,
165,Brooklyn,2024-10-16,3,hvfhv,13,33.58
165,Brooklyn,2024-10-16,3,other_fhv,0,
165,Brooklyn,2024-10-16,4,yellow,0,
165,Brooklyn,2024-10-16,4,green,0,
165,Brooklyn,2024-10-16,4,hvfhv,24,39.6
165,Brooklyn,2024-10-16,4,other_fhv,0,
165,Brooklyn,2024-10-16,5,yellow,0,
165,Brooklyn,2024-10-16,5,green,0,
165,Brooklyn,2024-10-16,5,hvfhv,42,32.03
165,Brooklyn,2024-10-16,5,other_fhv,2,
165,Brooklyn,2024-10-16,6,yellow,0,
165,Brooklyn,2024-10-16,6,green,0,
165,Brooklyn,2024-10-16,6,hvfhv,54,34.36
165,Brooklyn,2024-10-16,6,other_fhv,6,
165,Brooklyn,2024-10-16,7,yellow,0,
165,Brooklyn,2024-10-16,7,green,0,
165,Brooklyn,2024-10-16,7,hvfhv,135,25.19
165,Brooklyn,2024-10-16,7,other_fhv,9,
165,Brooklyn,2024-10-16,8,yellow,2,20.0
165,Brooklyn,2024-10-16,8,green,0,
165,Brooklyn,2024-10-16,8,hvfhv,128,20.48
165,Brooklyn,2024-10-16,8,other_fhv,7,
165,Brooklyn,2024-10-16,9,yellow,1,27.5
165,Brooklyn,2024-10-16,9,green,0,
165,Brooklyn,2024-10-16,9,hvfhv,119,19.31
165,Brooklyn,2024-10-16,9,other_fhv,11,
165,Brooklyn,2024-10-16,10,yellow,1,18.95
165,Brooklyn,2024-10-16,10,green,0,
165,Brooklyn,2024-10-16,10,hvfhv,94,22.98
165,Brooklyn,2024-10-16,10,other_fhv,5,
165,Brooklyn,2024-10-16,11,yellow,1,22.5
165,Brooklyn,2024-10-16,11,green,0,
165,Brooklyn,2024-10-16,11,hvfhv,130,21.62
165,Brooklyn,2024-10-16,11,other_fhv,16,
165,Brooklyn,2024-10-16,12,yellow,1,21.5
165,Brooklyn,2024-10-16,12,green,0,
165,Brooklyn,2024-10-16,12,hvfhv,110,20.55
165,Brooklyn,2024-10-16,12,other_fhv,9,
165,Brooklyn,2024-10-16,13,yellow,3,26.83
165,Brooklyn,2024-10-16,13,green,0,
165,Brooklyn,2024-10-16,13,hvfhv,111,26.43
165,Brooklyn,2024-10-16,13,other_fhv,12,
165,Brooklyn,2024-10-16,14,yellow,0,
165,Brooklyn,2024-10-16,14,green,0,
165,Brooklyn,2024-10-16,14,hvfhv,112,26.85
165,Brooklyn,2024-10-16,14,other_fhv,7,
165,Brooklyn,2024-10-16,15,yellow,1,21.5
165,Brooklyn,2024-10-16,15,green,0,
165,Brooklyn,2024-10-16,15,hvfhv,131,28.9
165,Brooklyn,2024-10-16,15,other_fhv,6,
165,Brooklyn,2024-10-16,16,yellow,1,21.5
165,Brooklyn,2024-10-16,16,green,0,
165,Brooklyn,2024-10-16,16,hvfhv,102,23.14
165,Brooklyn,2024-10-16,16,other_fhv,9,
165,Brooklyn,2024-10-16,17,yellow,2,13.98
165,Brooklyn,2024-10-16,17,green,0,
165,Brooklyn,2024-10-16,17,hvfhv,166,16.83
165,Brooklyn,2024-10-16,17,other_fhv,11,
165,Brooklyn,2024-10-16,18,yellow,0,
165,Brooklyn,2024-10-16,18,green,0,
165,Brooklyn,2024-10-16,18,hvfhv,82,17.41
165,Brooklyn,2024-10-16,18,other_fhv,6,
165,Brooklyn,2024-10-16,19,yellow,1,47.5
165,Brooklyn,2024-10-16,19,green,0,
165,Brooklyn,2024-10-16,19,hvfhv,39,19.28
165,Brooklyn,2024-10-16,19,other_fhv,3,
165,Brooklyn,2024-10-16,20,yellow,0,
165,Brooklyn,2024-10-16,20,green,0,
165,Brooklyn,2024-10-16,20,hvfhv,39,19.21
165,Brooklyn,2024-10-16,20,other_fhv,1,
165,Brooklyn,2024-10-16,21,yellow,0,
165,Brooklyn,2024-10-16,21,green,0,
165,Brooklyn,2024-10-16,21,hvfhv,50,20.24
165,Brooklyn,2024-10-16,21,other_fhv,1,
165,Brooklyn,2024-10-16,22,yellow,2,15.74
165,Brooklyn,2024-10-16,22,green,0,
165,Brooklyn,2024-10-16,22,hvfhv,42,23.16
165,Brooklyn,2024-10-16,22,other_fhv,1,
165,Brooklyn,2024-10-16,23,yellow,0,
165,Brooklyn,2024-10-16,23,green,0,
165,Brooklyn,2024-10-16,23,hvfhv,36,17.22
165,Brooklyn,2024-10-16,23,other_fhv,1,
166,Manhattan,2024-10-16,0,yellow,4,4.47
166,Manhattan,2024-10-16,0,green,0,
166,Manhattan,2024-10-16,0,hvfhv,86,18.81
166,Manhattan,2024-10-16,0,other_fhv,0,
166,Manhattan,2024-10-16,1,yellow,4,15.5
166,Manhattan,2024-10-16,1,green,0,
166,Manhattan,2024-10-16,1,hvfhv,41,19.31
166,Manhattan,2024-10-16,1,other_fhv,1,
166,Manhattan,2024-10-16,2,yellow,1,13.96
166,Manhattan,2024-10-16,2,green,0,
166,Manhattan,2024-10-16,2,hvfhv,25,17.64
166,Manhattan,2024-10-16,2,other_fhv,0,
166,Manhattan,2024-10-16,3,yellow,1,10.48
166,Manhattan,2024-10-16,3,green,0,
166,Manhattan,2024-10-16,3,hvfhv,17,23.74
166,Manhattan,2024-10-16,3,other_fhv,0,
166,Manhattan,2024-10-16,4,yellow,2,24.0
166,Manhattan,2024-10-16,4,green,0,
166,Manhattan,2024-10-16,4,hvfhv,34,37.87
166,Manhattan,2024-10-16,4,other_fhv,1,
166,Manhattan,2024-10-16,5,yellow,8,29.46
166,Manhattan,2024-10-16,5,green,1,25.4
166,Manhattan,2024-10-16,5,hvfhv,23,36.54
166,Manhattan,2024-10-16,5,other_fhv,2,
166,Manhattan,2024-10-16,6,yellow,9,22.45
166,Manhattan,2024-10-16,6,green,1,33.8
166,Manhattan,2024-10-16,6,hvfhv,63,36.52
166,Manhattan,2024-10-16,6,other_fhv,0,
166,Manhattan,2024-10-16,7,yellow,34,19.84
166,Manhattan,2024-10-16,7,green,5,17.84
166,Manhattan,2024-10-16,7,hvfhv,91,29.44
166,Manhattan,2024-10-16,7,other_fhv,1,
166,Manhattan,2024-10-16,8,yellow,45,17.71
166,Manhattan,2024-10-16,8,green,8,14.55
166,Manhattan,2024-10-16,8,hvfhv,176,22.2
166,Manhattan,2024-10-16,8,other_fhv,0,
166,Manhattan,2024-10-16,9,yellow,35,15.01
166,Manhattan,2024-10-16,9,green,10,11.33
166,Manhattan,2024-10-16,9,hvfhv,132,25.42
166,Manhattan,2024-10-16,9,other_fhv,0,
166,Manhattan,2024-10-16,10,yellow,25,17.72
166,Manhattan,2024-10-16,10,green,7,13.6
166,Manhattan,2024-10-16,10,hvfhv,123,26.47
166,Manhattan,2024-10-16,10,other_fhv,2,
166,Manhattan,2024-10-16,11,yellow,28,16.96
166,Manhattan,2024-10-16,11,green,9,22.38
166,Manhattan,2024-10-16,11,hvfhv,127,24.57
166,Manhattan,2024-10-16,11,other_fhv,2,
166,Manhattan,2024-10-16,12,yellow,26,21.61
166,Manhattan,2024-10-16,12,green,7,10.83
166,Manhattan,2024-10-16,12,hvfhv,146,27.75
166,Manhattan,2024-10-16,12,other_fhv,0,
166,Manhattan,2024-10-16,13,yellow,32,16.53
166,Manhattan,2024-10-16,13,green,4,22.42
166,Manhattan,2024-10-16,13,hvfhv,126,26.28
166,Manhattan,2024-10-16,13,other_fhv,0,
166,Manhattan,2024-10-16,14,yellow,27,15.61
166,Manhattan,2024-10-16,14,green,10,15.18
166,Manhattan,2024-10-16,14,hvfhv,149,26.84
166,Manhattan,2024-10-16,14,other_fhv,1,
166,Manhattan,2024-10-16,15,yellow,55,16.54
166,Manhattan,2024-10-16,15,green,7,14.8
166,Manhattan,2024-10-16,15,hvfhv,170,26.31
166,Manhattan,2024-10-16,15,other_fhv,3,
166,Manhattan,2024-10-16,16,yellow,55,17.92
166,Manhattan,2024-10-16,16,green,8,12.14
166,Manhattan,2024-10-16,16,hvfhv,210,28.15
166,Manhattan,2024-10-16,16,other_fhv,1,
166,Manhattan,2024-10-16,17,yellow,60,19.2
166,Manhattan,2024-10-16,17,green,5,16.72
166,Manhattan,2024-10-16,17,hvfhv,193,26.66
166,Manhattan,2024-10-16,17,other_fhv,3,
166,Manhattan,2024-10-16,18,yellow,53,18.38
166,Manhattan,2024-10-16,18,green,11,15.09
166,Manhattan,2024-10-16,18,hvfhv,183,26.3
166,Manhattan,2024-10-16,18,other_fhv,2,
166,Manhattan,2024-10-16,19,yellow,41,20.63
166,Manhattan,2024-10-16,19,green,6,20.73
166,Manhattan,2024-10-16,19,hvfhv,183,26.81
166,Manhattan,2024-10-16,19,other_fhv,2,
166,Manhattan,2024-10-16,20,yellow,44,15.42
166,Manhattan,2024-10-16,20,green,5,16.23
166,Manhattan,2024-10-16,20,hvfhv,194,22.66
166,Manhattan,2024-10-16,20,other_fhv,0,
166,Manhattan,2024-10-16,21,yellow,31,15.83
166,Manhattan,2024-10-16,21,green,4,35.85
166,Manhattan,2024-10-16,21,hvfhv,174,24.0
166,Manhattan,2024-10-16,21,other_fhv,5,
166,Manhattan,2024-10-16,22,yellow,24,16.91
166,Manhattan,2024-10-16,22,green,4,26.45
166,Manhattan,2024-10-16,22,hvfhv,151,20.46
166,Manhattan,2024-10-16,22,other_fhv,2,
166,Manhattan,2024-10-16,23,yellow,18,16.73
166,Manhattan,2024-10-16,23,green,4,10.67
166,Manhattan,2024-10-16,23,hvfhv,138,18.58
166,Manhattan,2024-10-16,23,other_fhv,0,
167,Bronx,2024-10-16,0,yellow,0,
167,Bronx,2024-10-16,0,green,0,
167,Bronx,2024-10-16,0,hvfhv,42,12.94
167,Bronx,2024-10-16,0,other_fhv,0,
167,Bronx,2024-10-16,1,yellow,0,
167,Bronx,2024-10-16,1,green,0,
167,Bronx,2024-10-16,1,hvfhv,22,13.48
167,Bronx,2024-10-16,1,other_fhv,0,
167,Bronx,2024-10-16,2,yellow,0,
167,Bronx,2024-10-16,2,green,0,
167,Bronx,2024-10-16,2,hvfhv,18,19.65
167,Bronx,2024-10-16,2,other_fhv,0,
167,Bronx,2024-10-16,3,yellow,2,31.06
167,Bronx,2024-10-16,3,green,0,
167,Bronx,2024-10-16,3,hvfhv,16,17.6
167,Bronx,2024-10-16,3,other_fhv,0,
167,Bronx,2024-10-16,4,yellow,0,
167,Bronx,2024-10-16,4,green,0,
167,Bronx,2024-10-16,4,hvfhv,33,23.08
167,Bronx,2024-10-16,4,other_fhv,0,
167,Bronx,2024-10-16,5,yellow,0,
167,Bronx,2024-10-16,5,green,0,
167,Bronx,2024-10-16,5,hvfhv,55,20.64
167,Bronx,2024-10-16,5,other_fhv,1,
167,Bronx,2024-10-16,6,yellow,0,
167,Bronx,2024-10-16,6,green,0,
167,Bronx,2024-10-16,6,hvfhv,104,21.5
167,Bronx,2024-10-16,6,other_fhv,0,
167,Bronx,2024-10-16,7,yellow,3,25.35
167,Bronx,2024-10-16,7,green,0,
167,Bronx,2024-10-16,7,hvfhv,217,18.48
167,Bronx,2024-10-16,7,other_fhv,1,
167,Bronx,2024-10-16,8,yellow,0,
167,Bronx,2024-10-16,8,green,0,
167,Bronx,2024-10-16,8,hvfhv,221,17.91
167,Bronx,2024-10-16,8,other_fhv,1,
167,Bronx,2024-10-16,9,yellow,0,
167,Bronx,2024-10-16,9,green,0,
167,Bronx,2024-10-16,9,hvfhv,153,18.27
167,Bronx,2024-10-16,9,other_fhv,3,
167,Bronx,2024-10-16,10,yellow,0,
167,Bronx,2024-10-16,10,green,0,
167,Bronx,2024-10-16,10,hvfhv,104,18.7
167,Bronx,2024-10-16,10,other_fhv,5,
167,Bronx,2024-10-16,11,yellow,2,39.0
167,Bronx,2024-10-16,11,green,1,24.5
167,Bronx,2024-10-16,11,hvfhv,88,19.32
167,Bronx,2024-10-16,11,other_fhv,3,
167,Bronx,2024-10-16,12,yellow,0,
167,Bronx,2024-10-16,12,green,0,
167,Bronx,2024-10-16,12,hvfhv,100,21.12
167,Bronx,2024-10-16,12,other_fhv,0,
167,Bronx,2024-10-16,13,yellow,2,25.0
167,Bronx,2024-10-16,13,green,0,
167,Bronx,2024-10-16,13,hvfhv,83,18.11
167,Bronx,2024-10-16,13,other_fhv,1,
167,Bronx,2024-10-16,14,yellow,0,
167,Bronx,2024-10-16,14,green,0,
167,Bronx,2024-10-16,14,hvfhv,100,17.25
167,Bronx,2024-10-16,14,other_fhv,0,
167,Bronx,2024-10-16,15,yellow,1,23.5
167,Bronx,2024-10-16,15,green,0,
167,Bronx,2024-10-16,15,hvfhv,104,19.76
167,Bronx,2024-10-16,15,other_fhv,0,
167,Bronx,2024-10-16,16,yellow,2,9.96
167,Bronx,2024-10-16,16,green,0,
167,Bronx,2024-10-16,16,hvfhv,101,17.56
167,Bronx,2024-10-16,16,other_fhv,0,
167,Bronx,2024-10-16,17,yellow,0,
167,Bronx,2024-10-16,17,green,0,
167,Bronx,2024-10-16,17,hvfhv,114,18.01
167,Bronx,2024-10-16,17,other_fhv,1,
167,Bronx,2024-10-16,18,yellow,0,
167,Bronx,2024-10-16,18,green,0,
167,Bronx,2024-10-16,18,hvfhv,114,16.41
167,Bronx,2024-10-16,18,other_fhv,0,
167,Bronx,2024-10-16,19,yellow,0,
167,Bronx,2024-10-16,19,green,0,
167,Bronx,2024-10-16,19,hvfhv,98,16.8
167,Bronx,2024-10-16,19,other_fhv,0,
167,Bronx,2024-10-16,20,yellow,0,
167,Bronx,2024-10-16,20,green,0,
167,Bronx,2024-10-16,20,hvfhv,73,18.62
167,Bronx,2024-10-16,20,other_fhv,0,
167,Bronx,2024-10-16,21,yellow,0,
167,Bronx,2024-10-16,21,green,0,
167,Bronx,2024-10-16,21,hvfhv,79,16.29
167,Bronx,2024-10-16,21,other_fhv,0,
167,Bronx,2024-10-16,22,yellow,0,
167,Bronx,2024-10-16,22,green,0,
167,Bronx,2024-10-16,22,hvfhv,76,15.15
167,Bronx,2024-10-16,22,other_fhv,0,
167,Bronx,2024-10-16,23,yellow,0,
167,Bronx,2024-10-16,23,green,0,
167,Bronx,2024-10-16,23,hvfhv,85,15.15
167,Bronx,2024-10-16,23,other_fhv,0,
168,Bronx,2024-10-16,0,yellow,1,3.0
168,Bronx,2024-10-16,0,green,0,
168,Bronx,2024-10-16,0,hvfhv,99,15.63
168,Bronx,2024-10-16,0,other_fhv,2,
168,Bronx,2024-10-16,1,yellow,0,
168,Bronx,2024-10-16,1,green,0,
168,Bronx,2024-10-16,1,hvfhv,45,16.83
168,Bronx,2024-10-16,1,other_fhv,0,
168,Bronx,2024-10-16,2,yellow,0,
168,Bronx,2024-10-16,2,green,0,
168,Bronx,2024-10-16,2,hvfhv,37,18.88
168,Bronx,2024-10-16,2,other_fhv,0,
168,Bronx,2024-10-16,3,yellow,0,
168,Bronx,2024-10-16,3,green,0,
168,Bronx,2024-10-16,3,hvfhv,37,19.88
168,Bronx,2024-10-16,3,other_fhv,0,
168,Bronx,2024-10-16,4,yellow,0,
168,Bronx,2024-10-16,4,green,0,
168,Bronx,2024-10-16,4,hvfhv,65,23.29
168,Bronx,2024-10-16,4,other_fhv,0,
168,Bronx,2024-10-16,5,yellow,0,
168,Bronx,2024-10-16,5,green,0,
168,Bronx,2024-10-16,5,hvfhv,88,23.68
168,Bronx,2024-10-16,5,other_fhv,2,
168,Bronx,2024-10-16,6,yellow,2,31.52
168,Bronx,2024-10-16,6,green,0,
168,Bronx,2024-10-16,6,hvfhv,176,22.27
168,Bronx,2024-10-16,6,other_fhv,1,
168,Bronx,2024-10-16,7,yellow,2,18.29
168,Bronx,2024-10-16,7,green,0,
168,Bronx,2024-10-16,7,hvfhv,318,20.66
168,Bronx,2024-10-16,7,other_fhv,0,
168,Bronx,2024-10-16,8,yellow,0,
168,Bronx,2024-10-16,8,green,0,
168,Bronx,2024-10-16,8,hvfhv,306,20.05
168,Bronx,2024-10-16,8,other_fhv,4,
168,Bronx,2024-10-16,9,yellow,1,17.92
168,Bronx,2024-10-16,9,green,0,
168,Bronx,2024-10-16,9,hvfhv,212,19.95
168,Bronx,2024-10-16,9,other_fhv,1,
168,Bronx,2024-10-16,10,yellow,0,
168,Bronx,2024-10-16,10,green,0,
168,Bronx,2024-10-16,10,hvfhv,176,23.15
168,Bronx,2024-10-16,10,other_fhv,1,
168,Bronx,2024-10-16,11,yellow,0,
168,Bronx,2024-10-16,11,green,0,
168,Bronx,2024-10-16,11,hvfhv,146,19.98
168,Bronx,2024-10-16,11,other_fhv,3,
168,Bronx,2024-10-16,12,yellow,2,24.0
168,Bronx,2024-10-16,12,green,0,
168,Bronx,2024-10-16,12,hvfhv,153,21.2
168,Bronx,2024-10-16,12,other_fhv,1,
168,Bronx,2024-10-16,13,yellow,0,
168,Bronx,2024-10-16,13,green,0,
168,Bronx,2024-10-16,13,hvfhv,122,21.15
168,Bronx,2024-10-16,13,other_fhv,2,
168,Bronx,2024-10-16,14,yellow,1,40.95
168,Bronx,2024-10-16,14,green,0,
168,Bronx,2024-10-16,14,hvfhv,176,22.55
168,Bronx,2024-10-16,14,other_fhv,1,
168,Bronx,2024-10-16,15,yellow,0,
168,Bronx,2024-10-16,15,green,0,
168,Bronx,2024-10-16,15,hvfhv,172,23.72
168,Bronx,2024-10-16,15,other_fhv,1,
168,Bronx,2024-10-16,16,yellow,4,25.65
168,Bronx,2024-10-16,16,green,1,13.5
168,Bronx,2024-10-16,16,hvfhv,214,23.1
168,Bronx,2024-10-16,16,other_fhv,2,
168,Bronx,2024-10-16,17,yellow,2,35.95
168,Bronx,2024-10-16,17,green,0,
168,Bronx,2024-10-16,17,hvfhv,248,20.72
168,Bronx,2024-10-16,17,other_fhv,0,
168,Bronx,2024-10-16,18,yellow,1,29.71
168,Bronx,2024-10-16,18,green,0,
168,Bronx,2024-10-16,18,hvfhv,221,19.26
168,Bronx,2024-10-16,18,other_fhv,1,
168,Bronx,2024-10-16,19,yellow,0,
168,Bronx,2024-10-16,19,green,1,3.0
168,Bronx,2024-10-16,19,hvfhv,205,18.32
168,Bronx,2024-10-16,19,other_fhv,1,
168,Bronx,2024-10-16,20,yellow,0,
168,Bronx,2024-10-16,20,green,0,
168,Bronx,2024-10-16,20,hvfhv,170,18.37
168,Bronx,2024-10-16,20,other_fhv,0,
168,Bronx,2024-10-16,21,yellow,1,30.74
168,Bronx,2024-10-16,21,green,1,8.6
168,Bronx,2024-10-16,21,hvfhv,150,17.8
168,Bronx,2024-10-16,21,other_fhv,1,
168,Bronx,2024-10-16,22,yellow,0,
168,Bronx,2024-10-16,22,green,0,
168,Bronx,2024-10-16,22,hvfhv,140,17.53
168,Bronx,2024-10-16,22,other_fhv,1,
168,Bronx,2024-10-16,23,yellow,0,
168,Bronx,2024-10-16,23,green,0,
168,Bronx,2024-10-16,23,hvfhv,131,16.38
168,Bronx,2024-10-16,23,other_fhv,0,
169,Bronx,2024-10-16,0,yellow,0,
169,Bronx,2024-10-16,0,green,0,
169,Bronx,2024-10-16,0,hvfhv,69,16.16
169,Bronx,2024-10-16,0,other_fhv,0,
169,Bronx,2024-10-16,1,yellow,1,41.87
169,Bronx,2024-10-16,1,green,0,
169,Bronx,2024-10-16,1,hvfhv,35,13.04
169,Bronx,2024-10-16,1,other_fhv,0,
169,Bronx,2024-10-16,2,yellow,0,
169,Bronx,2024-10-16,2,green,0,
169,Bronx,2024-10-16,2,hvfhv,29,14.53
169,Bronx,2024-10-16,2,other_fhv,2,
169,Bronx,2024-10-16,3,yellow,0,
169,Bronx,2024-10-16,3,green,0,
169,Bronx,2024-10-16,3,hvfhv,26,17.78
169,Bronx,2024-10-16,3,other_fhv,0,
169,Bronx,2024-10-16,4,yellow,0,
169,Bronx,2024-10-16,4,green,0,
169,Bronx,2024-10-16,4,hvfhv,34,19.99
169,Bronx,2024-10-16,4,other_fhv,0,
169,Bronx,2024-10-16,5,yellow,0,
169,Bronx,2024-10-16,5,green,0,
169,Bronx,2024-10-16,5,hvfhv,50,18.73
169,Bronx,2024-10-16,5,other_fhv,0,
169,Bronx,2024-10-16,6,yellow,0,
169,Bronx,2024-10-16,6,green,0,
169,Bronx,2024-10-16,6,hvfhv,105,18.18
169,Bronx,2024-10-16,6,other_fhv,0,
169,Bronx,2024-10-16,7,yellow,1,51.67
169,Bronx,2024-10-16,7,green,0,
169,Bronx,2024-10-16,7,hvfhv,209,19.81
169,Bronx,2024-10-16,7,other_fhv,0,
169,Bronx,2024-10-16,8,yellow,0,
169,Bronx,2024-10-16,8,green,0,
169,Bronx,2024-10-16,8,hvfhv,235,17.62
169,Bronx,2024-10-16,8,other_fhv,0,
169,Bronx,2024-10-16,9,yellow,1,19.1
169,Bronx,2024-10-16,9,green,0,
169,Bronx,2024-10-16,9,hvfhv,161,17.15
169,Bronx,2024-10-16,9,other_fhv,1,
169,Bronx,2024-10-16,10,yellow,1,40.5
169,Bronx,2024-10-16,10,green,0,
169,Bronx,2024-10-16,10,hvfhv,141,18.43
169,Bronx,2024-10-16,10,other_fhv,0,
169,Bronx,2024-10-16,11,yellow,1,44.5
169,Bronx,2024-10-16,11,green,0,
169,Bronx,2024-10-16,11,hvfhv,104,20.49
169,Bronx,2024-10-16,11,other_fhv,1,
169,Bronx,2024-10-16,12,yellow,3,36.07
169,Bronx,2024-10-16,12,green,0,
169,Bronx,2024-10-16,12,hvfhv,109,17.71
169,Bronx,2024-10-16,12,other_fhv,2,
169,Bronx,2024-10-16,13,yellow,1,20.5
169,Bronx,2024-10-16,13,green,0,
169,Bronx,2024-10-16,13,hvfhv,120,16.47
169,Bronx,2024-10-16,13,other_fhv,1,
169,Bronx,2024-10-16,14,yellow,1,22.5
169,Bronx,2024-10-16,14,green,0,
169,Bronx,2024-10-16,14,hvfhv,137,18.91
169,Bronx,2024-10-16,14,other_fhv,3,
169,Bronx,2024-10-16,15,yellow,2,36.5
169,Bronx,2024-10-16,15,green,0,
169,Bronx,2024-10-16,15,hvfhv,133,17.6
169,Bronx,2024-10-16,15,other_fhv,1,
169,Bronx,2024-10-16,16,yellow,1,58.64
169,Bronx,2024-10-16,16,green,0,
169,Bronx,2024-10-16,16,hvfhv,139,19.04
169,Bronx,2024-10-16,16,other_fhv,0,
169,Bronx,2024-10-16,17,yellow,0,
169,Bronx,2024-10-16,17,green,0,
169,Bronx,2024-10-16,17,hvfhv,143,16.71
169,Bronx,2024-10-16,17,other_fhv,0,
169,Bronx,2024-10-16,18,yellow,0,
169,Bronx,2024-10-16,18,green,0,
169,Bronx,2024-10-16,18,hvfhv,148,15.03
169,Bronx,2024-10-16,18,other_fhv,0,
169,Bronx,2024-10-16,19,yellow,0,
169,Bronx,2024-10-16,19,green,1,15.0
169,Bronx,2024-10-16,19,hvfhv,118,16.18
169,Bronx,2024-10-16,19,other_fhv,0,
169,Bronx,2024-10-16,20,yellow,0,
169,Bronx,2024-10-16,20,green,0,
169,Bronx,2024-10-16,20,hvfhv,109,15.51
169,Bronx,2024-10-16,20,other_fhv,0,
169,Bronx,2024-10-16,21,yellow,0,
169,Bronx,2024-10-16,21,green,0,
169,Bronx,2024-10-16,21,hvfhv,117,13.35
169,Bronx,2024-10-16,21,other_fhv,0,
169,Bronx,2024-10-16,22,yellow,0,
169,Bronx,2024-10-16,22,green,0,
169,Bronx,2024-10-16,22,hvfhv,106,15.84
169,Bronx,2024-10-16,22,other_fhv,1,
169,Bronx,2024-10-16,23,yellow,0,
169,Bronx,2024-10-16,23,green,0,
169,Bronx,2024-10-16,23,hvfhv,89,14.66
169,Bronx,2024-10-16,23,other_fhv,0,
170,Manhattan,2024-10-16,0,yellow,66,12.13
170,Manhattan,2024-10-16,0,green,0,
170,Manhattan,2024-10-16,0,hvfhv,176,35.13
170,Manhattan,2024-10-16,0,other_fhv,3,
170,Manhattan,2024-10-16,1,yellow,20,12.58
170,Manhattan,2024-10-16,1,green,0,
170,Manhattan,2024-10-16,1,hvfhv,102,34.46
170,Manhattan,2024-10-16,1,other_fhv,1,
170,Manhattan,2024-10-16,2,yellow,6,13.62
170,Manhattan,2024-10-16,2,green,0,
170,Manhattan,2024-10-16,2,hvfhv,53,31.62
170,Manhattan,2024-10-16,2,other_fhv,1,
170,Manhattan,2024-10-16,3,yellow,6,14.54
170,Manhattan,2024-10-16,3,green,0,
170,Manhattan,2024-10-16,3,hvfhv,59,43.6
170,Manhattan,2024-10-16,3,other_fhv,1,
170,Manhattan,2024-10-16,4,yellow,3,15.05
170,Manhattan,2024-10-16,4,green,0,
170,Manhattan,2024-10-16,4,hvfhv,67,43.35
170,Manhattan,2024-10-16,4,other_fhv,0,
170,Manhattan,2024-10-16,5,yellow,9,18.02
170,Manhattan,2024-10-16,5,green,0,
170,Manhattan,2024-10-16,5,hvfhv,94,41.89
170,Manhattan,2024-10-16,5,other_fhv,2,
170,Manhattan,2024-10-16,6,yellow,68,13.29
170,Manhattan,2024-10-16,6,green,0,
170,Manhattan,2024-10-16,6,hvfhv,154,26.13
170,Manhattan,2024-10-16,6,other_fhv,0,
170,Manhattan,2024-10-16,7,yellow,162,13.84
170,Manhattan,2024-10-16,7,green,0,
170,Manhattan,2024-10-16,7,hvfhv,216,29.05
170,Manhattan,2024-10-16,7,other_fhv,0,
170,Manhattan,2024-10-16,8,yellow,233,15.43
170,Manhattan,2024-10-16,8,green,0,
170,Manhattan,2024-10-16,8,hvfhv,343,31.65
170,Manhattan,2024-10-16,8,other_fhv,4,
170,Manhattan,2024-10-16,9,yellow,198,15.28
170,Manhattan,2024-10-16,9,green,0,
170,Manhattan,2024-10-16,9,hvfhv,338,30.37
170,Manhattan,2024-10-16,9,other_fhv,1,
170,Manhattan,2024-10-16,10,yellow,235,16.82
170,Manhattan,2024-10-16,10,green,0,
170,Manhattan,2024-10-16,10,hvfhv,256,32.83
170,Manhattan,2024-10-16,10,other_fhv,4,
170,Manhattan,2024-10-16,11,yellow,208,16.67
170,Manhattan,2024-10-16,11,green,0,
170,Manhattan,2024-10-16,11,hvfhv,286,33.53
170,Manhattan,2024-10-16,11,other_fhv,3,
170,Manhattan,2024-10-16,12,yellow,221,17.31
170,Manhattan,2024-10-16,12,green,0,
170,Manhattan,2024-10-16,12,hvfhv,287,35.69
170,Manhattan,2024-10-16,12,other_fhv,5,
170,Manhattan,2024-10-16,13,yellow,226,17.52
170,Manhattan,2024-10-16,13,green,0,
170,Manhattan,2024-10-16,13,hvfhv,285,37.69
170,Manhattan,2024-10-16,13,other_fhv,9,
170,Manhattan,2024-10-16,14,yellow,242,18.99
170,Manhattan,2024-10-16,14,green,0,
170,Manhattan,2024-10-16,14,hvfhv,298,40.5
170,Manhattan,2024-10-16,14,other_fhv,9,
170,Manhattan,2024-10-16,15,yellow,247,23.19
170,Manhattan,2024-10-16,15,green,0,
170,Manhattan,2024-10-16,15,hvfhv,321,47.26
170,Manhattan,2024-10-16,15,other_fhv,4,
170,Manhattan,2024-10-16,16,yellow,271,19.29
170,Manhattan,2024-10-16,16,green,0,
170,Manhattan,2024-10-16,16,hvfhv,330,44.65
170,Manhattan,2024-10-16,16,other_fhv,4,
170,Manhattan,2024-10-16,17,yellow,313,17.68
170,Manhattan,2024-10-16,17,green,0,
170,Manhattan,2024-10-16,17,hvfhv,403,38.9
170,Manhattan,2024-10-16,17,other_fhv,5,
170,Manhattan,2024-10-16,18,yellow,345,16.65
170,Manhattan,2024-10-16,18,green,0,
170,Manhattan,2024-10-16,18,hvfhv,427,32.83
170,Manhattan,2024-10-16,18,other_fhv,5,
170,Manhattan,2024-10-16,19,yellow,290,17.2
170,Manhattan,2024-10-16,19,green,0,
170,Manhattan,2024-10-16,19,hvfhv,385,36.52
170,Manhattan,2024-10-16,19,other_fhv,4,
170,Manhattan,2024-10-16,20,yellow,270,16.52
170,Manhattan,2024-10-16,20,green,0,
170,Manhattan,2024-10-16,20,hvfhv,450,39.59
170,Manhattan,2024-10-16,20,other_fhv,5,
170,Manhattan,2024-10-16,21,yellow,267,17.34
170,Manhattan,2024-10-16,21,green,0,
170,Manhattan,2024-10-16,21,hvfhv,417,41.38
170,Manhattan,2024-10-16,21,other_fhv,4,
170,Manhattan,2024-10-16,22,yellow,193,15.47
170,Manhattan,2024-10-16,22,green,0,
170,Manhattan,2024-10-16,22,hvfhv,329,39.43
170,Manhattan,2024-10-16,22,other_fhv,4,
170,Manhattan,2024-10-16,23,yellow,159,14.15
170,Manhattan,2024-10-16,23,green,0,
170,Manhattan,2024-10-16,23,hvfhv,233,37.29
170,Manhattan,2024-10-16,23,other_fhv,3,
171,Queens,2024-10-16,0,yellow,0,
171,Queens,2024-10-16,0,green,0,
171,Queens,2024-10-16,0,hvfhv,20,15.7
171,Queens,2024-10-16,0,other_fhv,0,
171,Queens,2024-10-16,1,yellow,0,
171,Queens,2024-10-16,1,green,0,
171,Queens,2024-10-16,1,hvfhv,15,24.28
171,Queens,2024-10-16,1,other_fhv,0,
171,Queens,2024-10-16,2,yellow,0,
171,Queens,2024-10-16,2,green,0,
171,Queens,2024-10-16,2,hvfhv,11,16.66
171,Queens,2024-10-16,2,other_fhv,1,
171,Queens,2024-10-16,3,yellow,0,
171,Queens,2024-10-16,3,green,0,
171,Queens,2024-10-16,3,hvfhv,10,21.83
171,Queens,2024-10-16,3,other_fhv,0,
171,Queens,2024-10-16,4,yellow,1,33.18
171,Queens,2024-10-16,4,green,0,
171,Queens,2024-10-16,4,hvfhv,16,18.98
171,Queens,2024-10-16,4,other_fhv,0,
171,Queens,2024-10-16,5,yellow,0,
171,Queens,2024-10-16,5,green,0,
171,Queens,2024-10-16,5,hvfhv,28,24.16
171,Queens,2024-10-16,5,other_fhv,0,
171,Queens,2024-10-16,6,yellow,0,
171,Queens,2024-10-16,6,green,0,
171,Queens,2024-10-16,6,hvfhv,42,25.96
171,Queens,2024-10-16,6,other_fhv,1,
171,Queens,2024-10-16,7,yellow,0,
171,Queens,2024-10-16,7,green,0,
171,Queens,2024-10-16,7,hvfhv,84,22.39
171,Queens,2024-10-16,7,other_fhv,1,
171,Queens,2024-10-16,8,yellow,0,
171,Queens,2024-10-16,8,green,0,
171,Queens,2024-10-16,8,hvfhv,92,21.76
171,Queens,2024-10-16,8,other_fhv,2,
171,Queens,2024-10-16,9,yellow,0,
171,Queens,2024-10-16,9,green,0,
171,Queens,2024-10-16,9,hvfhv,63,21.19
171,Queens,2024-10-16,9,other_fhv,1,
171,Queens,2024-10-16,10,yellow,0,
171,Queens,2024-10-16,10,green,0,
171,Queens,2024-10-16,10,hvfhv,63,21.94
171,Queens,2024-10-16,10,other_fhv,2,
171,Queens,2024-10-16,11,yellow,1,17.5
171,Queens,2024-10-16,11,green,0,
171,Queens,2024-10-16,11,hvfhv,67,22.45
171,Queens,2024-10-16,11,other_fhv,1,
171,Queens,2024-10-16,12,yellow,2,47.0
171,Queens,2024-10-16,12,green,0,
171,Queens,2024-10-16,12,hvfhv,48,22.81
171,Queens,2024-10-16,12,other_fhv,1,
171,Queens,2024-10-16,13,yellow,1,22.5
171,Queens,2024-10-16,13,green,0,
171,Queens,2024-10-16,13,hvfhv,56,22.56
171,Queens,2024-10-16,13,other_fhv,0,
171,Queens,2024-10-16,14,yellow,0,
171,Queens,2024-10-16,14,green,0,
171,Queens,2024-10-16,14,hvfhv,70,16.78
171,Queens,2024-10-16,14,other_fhv,2,
171,Queens,2024-10-16,15,yellow,0,
171,Queens,2024-10-16,15,green,0,
171,Queens,2024-10-16,15,hvfhv,52,20.98
171,Queens,2024-10-16,15,other_fhv,1,
171,Queens,2024-10-16,16,yellow,0,
171,Queens,2024-10-16,16,green,0,
171,Queens,2024-10-16,16,hvfhv,51,19.31
171,Queens,2024-10-16,16,other_fhv,4,
171,Queens,2024-10-16,17,yellow,0,
171,Queens,2024-10-16,17,green,0,
171,Queens,2024-10-16,17,hvfhv,46,20.56
171,Queens,2024-10-16,17,other_fhv,0,
171,Queens,2024-10-16,18,yellow,0,
171,Queens,2024-10-16,18,green,0,
171,Queens,2024-10-16,18,hvfhv,67,21.78
171,Queens,2024-10-16,18,other_fhv,0,
171,Queens,2024-10-16,19,yellow,0,
171,Queens,2024-10-16,19,green,0,
171,Queens,2024-10-16,19,hvfhv,58,15.7
171,Queens,2024-10-16,19,other_fhv,2,
171,Queens,2024-10-16,20,yellow,0,
171,Queens,2024-10-16,20,green,0,
171,Queens,2024-10-16,20,hvfhv,53,19.0
171,Queens,2024-10-16,20,other_fhv,0,
171,Queens,2024-10-16,21,yellow,0,
171,Queens,2024-10-16,21,green,0,
171,Queens,2024-10-16,21,hvfhv,48,18.59
171,Queens,2024-10-16,21,other_fhv,1,
171,Queens,2024-10-16,22,yellow,0,
171,Queens,2024-10-16,22,green,0,
171,Queens,2024-10-16,22,hvfhv,39,22.5
171,Queens,2024-10-16,22,other_fhv,0,
171,Queens,2024-10-16,23,yellow,2,7.62
171,Queens,2024-10-16,23,green,0,
171,Queens,2024-10-16,23,hvfhv,37,21.6
171,Queens,2024-10-16,23,other_fhv,0,
172,Staten Island,2024-10-16,0,yellow,0,
172,Staten Island,2024-10-16,0,green,0,
172,Staten Island,2024-10-16,0,hvfhv,4,15.04
172,Staten Island,2024-10-16,0,other_fhv,0,
172,Staten Island,2024-10-16,1,yellow,0,
172,Staten Island,2024-10-16,1,green,0,
172,Staten Island,2024-10-16,1,hvfhv,5,21.62
172,Staten Island,2024-10-16,1,other_fhv,1,
172,Staten Island,2024-10-16,2,yellow,0,
172,Staten Island,2024-10-16,2,green,0,
172,Staten Island,2024-10-16,2,hvfhv,5,36.34
172,Staten Island,2024-10-16,2,other_fhv,0,
172,Staten Island,2024-10-16,3,yellow,0,
172,Staten Island,2024-10-16,3,green,0,
172,Staten Island,2024-10-16,3,hvfhv,0,
172,Staten Island,2024-10-16,3,other_fhv,0,
172,Staten Island,2024-10-16,4,yellow,0,
172,Staten Island,2024-10-16,4,green,0,
172,Staten Island,2024-10-16,4,hvfhv,3,77.18
172,Staten Island,2024-10-16,4,other_fhv,0,
172,Staten Island,2024-10-16,5,yellow,0,
172,Staten Island,2024-10-16,5,green,0,
172,Staten Island,2024-10-16,5,hvfhv,3,12.41
172,Staten Island,2024-10-16,5,other_fhv,0,
172,Staten Island,2024-10-16,6,yellow,0,
172,Staten Island,2024-10-16,6,green,0,
172,Staten Island,2024-10-16,6,hvfhv,11,30.81
172,Staten Island,2024-10-16,6,other_fhv,0,
172,Staten Island,2024-10-16,7,yellow,0,
172,Staten Island,2024-10-16,7,green,0,
172,Staten Island,2024-10-16,7,hvfhv,20,30.69
172,Staten Island,2024-10-16,7,other_fhv,0,
172,Staten Island,2024-10-16,8,yellow,0,
172,Staten Island,2024-10-16,8,green,0,
172,Staten Island,2024-10-16,8,hvfhv,30,24.92
172,Staten Island,2024-10-16,8,other_fhv,0,
172,Staten Island,2024-10-16,9,yellow,0,
172,Staten Island,2024-10-16,9,green,0,
172,Staten Island,2024-10-16,9,hvfhv,17,21.14
172,Staten Island,2024-10-16,9,other_fhv,3,
172,Staten Island,2024-10-16,10,yellow,0,
172,Staten Island,2024-10-16,10,green,0,
172,Staten Island,2024-10-16,10,hvfhv,27,26.45
172,Staten Island,2024-10-16,10,other_fhv,1,
172,Staten Island,2024-10-16,11,yellow,0,
172,Staten Island,2024-10-16,11,green,0,
172,Staten Island,2024-10-16,11,hvfhv,21,20.09
172,Staten Island,2024-10-16,11,other_fhv,0,
172,Staten Island,2024-10-16,12,yellow,0,
172,Staten Island,2024-10-16,12,green,0,
172,Staten Island,2024-10-16,12,hvfhv,26,19.54
172,Staten Island,2024-10-16,12,other_fhv,0,
172,Staten Island,2024-10-16,13,yellow,0,
172,Staten Island,2024-10-16,13,green,0,
172,Staten Island,2024-10-16,13,hvfhv,30,18.76
172,Staten Island,2024-10-16,13,other_fhv,4,
172,Staten Island,2024-10-16,14,yellow,0,
172,Staten Island,2024-10-16,14,green,0,
172,Staten Island,2024-10-16,14,hvfhv,40,17.82
172,Staten Island,2024-10-16,14,other_fhv,0,
172,Staten Island,2024-10-16,15,yellow,0,
172,Staten Island,2024-10-16,15,green,0,
172,Staten Island,2024-10-16,15,hvfhv,24,28.18
172,Staten Island,2024-10-16,15,other_fhv,2,
172,Staten Island,2024-10-16,16,yellow,0,
172,Staten Island,2024-10-16,16,green,0,
172,Staten Island,2024-10-16,16,hvfhv,16,24.08
172,Staten Island,2024-10-16,16,other_fhv,0,
172,Staten Island,2024-10-16,17,yellow,0,
172,Staten Island,2024-10-16,17,green,0,
172,Staten Island,2024-10-16,17,hvfhv,27,22.24
172,Staten Island,2024-10-16,17,other_fhv,0,
172,Staten Island,2024-10-16,18,yellow,0,
172,Staten Island,2024-10-16,18,green,0,
172,Staten Island,2024-10-16,18,hvfhv,20,26.51
172,Staten Island,2024-10-16,18,other_fhv,0,
172,Staten Island,2024-10-16,19,yellow,0,
172,Staten Island,2024-10-16,19,green,0,
172,Staten Island,2024-10-16,19,hvfhv,14,18.55
172,Staten Island,2024-10-16,19,other_fhv,0,
172,Staten Island,2024-10-16,20,yellow,0,
172,Staten Island,2024-10-16,20,green,0,
172,Staten Island,2024-10-16,20,hvfhv,14,19.52
172,Staten Island,2024-10-16,20,other_fhv,0,
172,Staten Island,2024-10-16,21,yellow,0,
172,Staten Island,2024-10-16,21,green,0,
172,Staten Island,2024-10-16,21,hvfhv,15,15.73
172,Staten Island,2024-10-16,21,other_fhv,0,
172,Staten Island,2024-10-16,22,yellow,0,
172,Staten Island,2024-10-16,22,green,0,
172,Staten Island,2024-10-16,22,hvfhv,13,19.5
172,Staten Island,2024-10-16,22,other_fhv,0,
172,Staten Island,2024-10-16,23,yellow,0,
172,Staten Island,2024-10-16,23,green,0,
172,Staten Island,2024-10-16,23,hvfhv,6,25.55
172,Staten Island,2024-10-16,23,other_fhv,0,
173,Queens,2024-10-16,0,yellow,1,19.94
173,Queens,2024-10-16,0,green,0,
173,Queens,2024-10-16,0,hvfhv,39,15.28
173,Queens,2024-10-16,0,other_fhv,2,
173,Queens,2024-10-16,1,yellow,1,10.7
173,Queens,2024-10-16,1,green,0,
173,Queens,2024-10-16,1,hvfhv,30,14.12
173,Queens,2024-10-16,1,other_fhv,2,
173,Queens,2024-10-16,2,yellow,1,58.3
173,Queens,2024-10-16,2,green,0,
173,Queens,2024-10-16,2,hvfhv,19,19.25
173,Queens,2024-10-16,2,other_fhv,2,
173,Queens,2024-10-16,3,yellow,0,
173,Queens,2024-10-16,3,green,0,
173,Queens,2024-10-16,3,hvfhv,23,17.98
173,Queens,2024-10-16,3,other_fhv,1,
173,Queens,2024-10-16,4,yellow,0,
173,Queens,2024-10-16,4,green,0,
173,Queens,2024-10-16,4,hvfhv,43,18.95
173,Queens,2024-10-16,4,other_fhv,2,
173,Queens,2024-10-16,5,yellow,0,
173,Queens,2024-10-16,5,green,0,
173,Queens,2024-10-16,5,hvfhv,47,19.66
173,Queens,2024-10-16,5,other_fhv,2,
173,Queens,2024-10-16,6,yellow,0,
173,Queens,2024-10-16,6,green,0,
173,Queens,2024-10-16,6,hvfhv,56,19.99
173,Queens,2024-10-16,6,other_fhv,4,
173,Queens,2024-10-16,7,yellow,2,41.95
173,Queens,2024-10-16,7,green,0,
173,Queens,2024-10-16,7,hvfhv,91,22.39
173,Queens,2024-10-16,7,other_fhv,7,
173,Queens,2024-10-16,8,yellow,0,
173,Queens,2024-10-16,8,green,0,
173,Queens,2024-10-16,8,hvfhv,87,19.21
173,Queens,2024-10-16,8,other_fhv,2,
173,Queens,2024-10-16,9,yellow,0,
173,Queens,2024-10-16,9,green,0,
173,Queens,2024-10-16,9,hvfhv,91,20.64
173,Queens,2024-10-16,9,other_fhv,5,
173,Queens,2024-10-16,10,yellow,1,32.5
173,Queens,2024-10-16,10,green,0,
173,Queens,2024-10-16,10,hvfhv,62,22.18
173,Queens,2024-10-16,10,other_fhv,3,
173,Queens,2024-10-16,11,yellow,0,
173,Queens,2024-10-16,11,green,0,
173,Queens,2024-10-16,11,hvfhv,56,18.65
173,Queens,2024-10-16,11,other_fhv,4,
173,Queens,2024-10-16,12,yellow,0,
173,Queens,2024-10-16,12,green,0,
173,Queens,2024-10-16,12,hvfhv,53,22.78
173,Queens,2024-10-16,12,other_fhv,1,
173,Queens,2024-10-16,13,yellow,0,
173,Queens,2024-10-16,13,green,0,
173,Queens,2024-10-16,13,hvfhv,52,19.19
173,Queens,2024-10-16,13,other_fhv,2,
173,Queens,2024-10-16,14,yellow,0,
173,Queens,2024-10-16,14,green,0,
173,Queens,2024-10-16,14,hvfhv,58,17.97
173,Queens,2024-10-16,14,other_fhv,1,
173,Queens,2024-10-16,15,yellow,0,
173,Queens,2024-10-16,15,green,0,
173,Queens,2024-10-16,15,hvfhv,59,21.18
173,Queens,2024-10-16,15,other_fhv,2,
173,Queens,2024-10-16,16,yellow,0,
173,Queens,2024-10-16,16,green,0,
173,Queens,2024-10-16,16,hvfhv,51,22.72
173,Queens,2024-10-16,16,other_fhv,2,
173,Queens,2024-10-16,17,yellow,0,
173,Queens,2024-10-16,17,green,0,
173,Queens,2024-10-16,17,hvfhv,52,16.41
173,Queens,2024-10-16,17,other_fhv,3,
173,Queens,2024-10-16,18,yellow,0,
173,Queens,2024-10-16,18,green,0,
173,Queens,2024-10-16,18,hvfhv,68,17.88
173,Queens,2024-10-16,18,other_fhv,1,
173,Queens,2024-10-16,19,yellow,0,
173,Queens,2024-10-16,19,green,0,
173,Queens,2024-10-16,19,hvfhv,75,15.42
173,Queens,2024-10-16,19,other_fhv,2,
173,Queens,2024-10-16,20,yellow,0,
173,Queens,2024-10-16,20,green,0,
173,Queens,2024-10-16,20,hvfhv,68,16.56
173,Queens,2024-10-16,20,other_fhv,2,
173,Queens,2024-10-16,21,yellow,0,
173,Queens,2024-10-16,21,green,0,
173,Queens,2024-10-16,21,hvfhv,59,18.66
173,Queens,2024-10-16,21,other_fhv,3,
173,Queens,2024-10-16,22,yellow,0,
173,Queens,2024-10-16,22,green,0,
173,Queens,2024-10-16,22,hvfhv,49,21.26
173,Queens,2024-10-16,22,other_fhv,4,
173,Queens,2024-10-16,23,yellow,5,26.61
173,Queens,2024-10-16,23,green,0,
173,Queens,2024-10-16,23,hvfhv,89,43.56
173,Queens,2024-10-16,23,other_fhv,2,
174,Bronx,2024-10-16,0,yellow,0,
174,Bronx,2024-10-16,0,green,0,
174,Bronx,2024-10-16,0,hvfhv,71,14.91
174,Bronx,2024-10-16,0,other_fhv,0,
174,Bronx,2024-10-16,1,yellow,0,
174,Bronx,2024-10-16,1,green,0,
174,Bronx,2024-10-16,1,hvfhv,36,13.9
174,Bronx,2024-10-16,1,other_fhv,0,
174,Bronx,2024-10-16,2,yellow,0,
174,Bronx,2024-10-16,2,green,0,
174,Bronx,2024-10-16,2,hvfhv,23,15.78
174,Bronx,2024-10-16,2,other_fhv,0,
174,Bronx,2024-10-16,3,yellow,0,
174,Bronx,2024-10-16,3,green,0,
174,Bronx,2024-10-16,3,hvfhv,12,27.1
174,Bronx,2024-10-16,3,other_fhv,0,
174,Bronx,2024-10-16,4,yellow,0,
174,Bronx,2024-10-16,4,green,0,
174,Bronx,2024-10-16,4,hvfhv,26,24.68
174,Bronx,2024-10-16,4,other_fhv,0,
174,Bronx,2024-10-16,5,yellow,0,
174,Bronx,2024-10-16,5,green,0,
174,Bronx,2024-10-16,5,hvfhv,44,20.11
174,Bronx,2024-10-16,5,other_fhv,0,
174,Bronx,2024-10-16,6,yellow,1,56.5
174,Bronx,2024-10-16,6,green,0,
174,Bronx,2024-10-16,6,hvfhv,97,22.08
174,Bronx,2024-10-16,6,other_fhv,0,
174,Bronx,2024-10-16,7,yellow,0,
174,Bronx,2024-10-16,7,green,0,
174,Bronx,2024-10-16,7,hvfhv,183,20.22
174,Bronx,2024-10-16,7,other_fhv,2,
174,Bronx,2024-10-16,8,yellow,0,
174,Bronx,2024-10-16,8,green,0,
174,Bronx,2024-10-16,8,hvfhv,203,19.95
174,Bronx,2024-10-16,8,other_fhv,0,
174,Bronx,2024-10-16,9,yellow,0,
174,Bronx,2024-10-16,9,green,0,
174,Bronx,2024-10-16,9,hvfhv,166,19.88
174,Bronx,2024-10-16,9,other_fhv,0,
174,Bronx,2024-10-16,10,yellow,0,
174,Bronx,2024-10-16,10,green,0,
174,Bronx,2024-10-16,10,hvfhv,134,20.26
174,Bronx,2024-10-16,10,other_fhv,3,
174,Bronx,2024-10-16,11,yellow,0,
174,Bronx,2024-10-16,11,green,0,
174,Bronx,2024-10-16,11,hvfhv,143,19.08
174,Bronx,2024-10-16,11,other_fhv,3,
174,Bronx,2024-10-16,12,yellow,3,34.93
174,Bronx,2024-10-16,12,green,0,
174,Bronx,2024-10-16,12,hvfhv,143,20.95
174,Bronx,2024-10-16,12,other_fhv,0,
174,Bronx,2024-10-16,13,yellow,2,47.5
174,Bronx,2024-10-16,13,green,0,
174,Bronx,2024-10-16,13,hvfhv,149,19.81
174,Bronx,2024-10-16,13,other_fhv,0,
174,Bronx,2024-10-16,14,yellow,0,
174,Bronx,2024-10-16,14,green,0,
174,Bronx,2024-10-16,14,hvfhv,157,20.13
174,Bronx,2024-10-16,14,other_fhv,0,
174,Bronx,2024-10-16,15,yellow,0,
174,Bronx,2024-10-16,15,green,0,
174,Bronx,2024-10-16,15,hvfhv,162,22.98
174,Bronx,2024-10-16,15,other_fhv,1,
174,Bronx,2024-10-16,16,yellow,0,
174,Bronx,2024-10-16,16,green,0,
174,Bronx,2024-10-16,16,hvfhv,166,21.73
174,Bronx,2024-10-16,16,other_fhv,2,
174,Bronx,2024-10-16,17,yellow,1,75.5
174,Bronx,2024-10-16,17,green,0,
174,Bronx,2024-10-16,17,hvfhv,173,18.96
174,Bronx,2024-10-16,17,other_fhv,1,
174,Bronx,2024-10-16,18,yellow,0,
174,Bronx,2024-10-16,18,green,0,
174,Bronx,2024-10-16,18,hvfhv,137,21.04
174,Bronx,2024-10-16,18,other_fhv,2,
174,Bronx,2024-10-16,19,yellow,0,
174,Bronx,2024-10-16,19,green,0,
174,Bronx,2024-10-16,19,hvfhv,136,19.96
174,Bronx,2024-10-16,19,other_fhv,0,
174,Bronx,2024-10-16,20,yellow,0,
174,Bronx,2024-10-16,20,green,0,
174,Bronx,2024-10-16,20,hvfhv,112,18.98
174,Bronx,2024-10-16,20,other_fhv,0,
174,Bronx,2024-10-16,21,yellow,0,
174,Bronx,2024-10-16,21,green,0,
174,Bronx,2024-10-16,21,hvfhv,82,17.45
174,Bronx,2024-10-16,21,other_fhv,0,
174,Bronx,2024-10-16,22,yellow,0,
174,Bronx,2024-10-16,22,green,0,
174,Bronx,2024-10-16,22,hvfhv,77,16.53
174,Bronx,2024-10-16,22,other_fhv,0,
174,Bronx,2024-10-16,23,yellow,0,
174,Bronx,2024-10-16,23,green,0,
174,Bronx,2024-10-16,23,hvfhv,102,17.38
174,Bronx,2024-10-16,23,other_fhv,0,
175,Queens,2024-10-16,0,yellow,0,
175,Queens,2024-10-16,0,green,0,
175,Queens,2024-10-16,0,hvfhv,3,25.04
175,Queens,2024-10-16,0,other_fhv,1,
175,Queens,2024-10-16,1,yellow,0,
175,Queens,2024-10-16,1,green,0,
175,Queens,2024-10-16,1,hvfhv,1,16.79
175,Queens,2024-10-16,1,other_fhv,0,
175,Queens,2024-10-16,2,yellow,0,
175,Queens,2024-10-16,2,green,0,
175,Queens,2024-10-16,2,hvfhv,2,29.94
175,Queens,2024-10-16,2,other_fhv,0,
175,Queens,2024-10-16,3,yellow,0,
175,Queens,2024-10-16,3,green,0,
175,Queens,2024-10-16,3,hvfhv,3,36.01
175,Queens,2024-10-16,3,other_fhv,0,
175,Queens,2024-10-16,4,yellow,0,
175,Queens,2024-10-16,4,green,0,
175,Queens,2024-10-16,4,hvfhv,4,29.54
175,Queens,2024-10-16,4,other_fhv,0,
175,Queens,2024-10-16,5,yellow,0,
175,Queens,2024-10-16,5,green,0,
175,Queens,2024-10-16,5,hvfhv,18,34.43
175,Queens,2024-10-16,5,other_fhv,0,
175,Queens,2024-10-16,6,yellow,0,
175,Queens,2024-10-16,6,green,0,
175,Queens,2024-10-16,6,hvfhv,16,38.76
175,Queens,2024-10-16,6,other_fhv,0,
175,Queens,2024-10-16,7,yellow,0,
175,Queens,2024-10-16,7,green,0,
175,Queens,2024-10-16,7,hvfhv,42,22.95
175,Queens,2024-10-16,7,other_fhv,0,
175,Queens,2024-10-16,8,yellow,0,
175,Queens,2024-10-16,8,green,0,
175,Queens,2024-10-16,8,hvfhv,61,24.25
175,Queens,2024-10-16,8,other_fhv,0,
175,Queens,2024-10-16,9,yellow,0,
175,Queens,2024-10-16,9,green,0,
175,Queens,2024-10-16,9,hvfhv,32,20.09
175,Queens,2024-10-16,9,other_fhv,0,
175,Queens,2024-10-16,10,yellow,0,
175,Queens,2024-10-16,10,green,0,
175,Queens,2024-10-16,10,hvfhv,33,17.19
175,Queens,2024-10-16,10,other_fhv,0,
175,Queens,2024-10-16,11,yellow,1,42.5
175,Queens,2024-10-16,11,green,0,
175,Queens,2024-10-16,11,hvfhv,35,23.22
175,Queens,2024-10-16,11,other_fhv,1,
175,Queens,2024-10-16,12,yellow,0,
175,Queens,2024-10-16,12,green,0,
175,Queens,2024-10-16,12,hvfhv,34,24.96
175,Queens,2024-10-16,12,other_fhv,0,
175,Queens,2024-10-16,13,yellow,0,
175,Queens,2024-10-16,13,green,0,
175,Queens,2024-10-16,13,hvfhv,37,19.37
175,Queens,2024-10-16,13,other_fhv,3,
175,Queens,2024-10-16,14,yellow,1,40.5
175,Queens,2024-10-16,14,green,0,
175,Queens,2024-10-16,14,hvfhv,35,22.06
175,Queens,2024-10-16,14,other_fhv,1,
175,Queens,2024-10-16,15,yellow,0,
175,Queens,2024-10-16,15,green,0,
175,Queens,2024-10-16,15,hvfhv,41,23.92
175,Queens,2024-10-16,15,other_fhv,2,
175,Queens,2024-10-16,16,yellow,0,
175,Queens,2024-10-16,16,green,0,
175,Queens,2024-10-16,16,hvfhv,38,25.09
175,Queens,2024-10-16,16,other_fhv,0,
175,Queens,2024-10-16,17,yellow,0,
175,Queens,2024-10-16,17,green,0,
175,Queens,2024-10-16,17,hvfhv,53,27.94
175,Queens,2024-10-16,17,other_fhv,0,
175,Queens,2024-10-16,18,yellow,0,
175,Queens,2024-10-16,18,green,0,
175,Queens,2024-10-16,18,hvfhv,34,22.87
175,Queens,2024-10-16,18,other_fhv,0,
175,Queens,2024-10-16,19,yellow,0,
175,Queens,2024-10-16,19,green,0,
175,Queens,2024-10-16,19,hvfhv,22,25.42
175,Queens,2024-10-16,19,other_fhv,1,
175,Queens,2024-10-16,20,yellow,0,
175,Queens,2024-10-16,20,green,0,
175,Queens,2024-10-16,20,hvfhv,24,26.7
175,Queens,2024-10-16,20,other_fhv,0,
175,Queens,2024-10-16,21,yellow,0,
175,Queens,2024-10-16,21,green,0,
175,Queens,2024-10-16,21,hvfhv,12,21.45
175,Queens,2024-10-16,21,other_fhv,0,
175,Queens,2024-10-16,22,yellow,0,
175,Queens,2024-10-16,22,green,0,
175,Queens,2024-10-16,22,hvfhv,19,26.37
175,Queens,2024-10-16,22,other_fhv,0,
175,Queens,2024-10-16,23,yellow,0,
175,Queens,2024-10-16,23,green,0,
175,Queens,2024-10-16,23,hvfhv,8,22.08
175,Queens,2024-10-16,23,other_fhv,0,
176,Staten Island,2024-10-16,0,yellow,0,
176,Staten Island,2024-10-16,0,green,0,
176,Staten Island,2024-10-16,0,hvfhv,3,19.13
176,Staten Island,2024-10-16,0,other_fhv,0,
176,Staten Island,2024-10-16,1,yellow,0,
176,Staten Island,2024-10-16,1,green,0,
176,Staten Island,2024-10-16,1,hvfhv,1,26.46
176,Staten Island,2024-10-16,1,other_fhv,0,
176,Staten Island,2024-10-16,2,yellow,0,
176,Staten Island,2024-10-16,2,green,0,
176,Staten Island,2024-10-16,2,hvfhv,2,12.3
176,Staten Island,2024-10-16,2,other_fhv,0,
176,Staten Island,2024-10-16,3,yellow,0,
176,Staten Island,2024-10-16,3,green,0,
176,Staten Island,2024-10-16,3,hvfhv,3,51.51
176,Staten Island,2024-10-16,3,other_fhv,1,
176,Staten Island,2024-10-16,4,yellow,0,
176,Staten Island,2024-10-16,4,green,0,
176,Staten Island,2024-10-16,4,hvfhv,7,39.53
176,Staten Island,2024-10-16,4,other_fhv,0,
176,Staten Island,2024-10-16,5,yellow,0,
176,Staten Island,2024-10-16,5,green,0,
176,Staten Island,2024-10-16,5,hvfhv,2,35.39
176,Staten Island,2024-10-16,5,other_fhv,0,
176,Staten Island,2024-10-16,6,yellow,0,
176,Staten Island,2024-10-16,6,green,0,
176,Staten Island,2024-10-16,6,hvfhv,16,37.18
176,Staten Island,2024-10-16,6,other_fhv,0,
176,Staten Island,2024-10-16,7,yellow,0,
176,Staten Island,2024-10-16,7,green,0,
176,Staten Island,2024-10-16,7,hvfhv,15,40.31
176,Staten Island,2024-10-16,7,other_fhv,1,
176,Staten Island,2024-10-16,8,yellow,0,
176,Staten Island,2024-10-16,8,green,0,
176,Staten Island,2024-10-16,8,hvfhv,26,25.51
176,Staten Island,2024-10-16,8,other_fhv,3,
176,Staten Island,2024-10-16,9,yellow,0,
176,Staten Island,2024-10-16,9,green,0,
176,Staten Island,2024-10-16,9,hvfhv,12,19.31
176,Staten Island,2024-10-16,9,other_fhv,1,
176,Staten Island,2024-10-16,10,yellow,0,
176,Staten Island,2024-10-16,10,green,0,
176,Staten Island,2024-10-16,10,hvfhv,19,24.89
176,Staten Island,2024-10-16,10,other_fhv,2,
176,Staten Island,2024-10-16,11,yellow,0,
176,Staten Island,2024-10-16,11,green,0,
176,Staten Island,2024-10-16,11,hvfhv,16,28.59
176,Staten Island,2024-10-16,11,other_fhv,1,
176,Staten Island,2024-10-16,12,yellow,0,
176,Staten Island,2024-10-16,12,green,0,
176,Staten Island,2024-10-16,12,hvfhv,12,16.7
176,Staten Island,2024-10-16,12,other_fhv,1,
176,Staten Island,2024-10-16,13,yellow,0,
176,Staten Island,2024-10-16,13,green,0,
176,Staten Island,2024-10-16,13,hvfhv,7,22.37
176,Staten Island,2024-10-16,13,other_fhv,1,
176,Staten Island,2024-10-16,14,yellow,0,
176,Staten Island,2024-10-16,14,green,0,
176,Staten Island,2024-10-16,14,hvfhv,19,27.76
176,Staten Island,2024-10-16,14,other_fhv,0,
176,Staten Island,2024-10-16,15,yellow,0,
176,Staten Island,2024-10-16,15,green,0,
176,Staten Island,2024-10-16,15,hvfhv,9,32.31
176,Staten Island,2024-10-16,15,other_fhv,0,
176,Staten Island,2024-10-16,16,yellow,0,
176,Staten Island,2024-10-16,16,green,0,
176,Staten Island,2024-10-16,16,hvfhv,16,31.12
176,Staten Island,2024-10-16,16,other_fhv,1,
176,Staten Island,2024-10-16,17,yellow,0,
176,Staten Island,2024-10-16,17,green,0,
176,Staten Island,2024-10-16,17,hvfhv,10,27.93
176,Staten Island,2024-10-16,17,other_fhv,1,
176,Staten Island,2024-10-16,18,yellow,0,
176,Staten Island,2024-10-16,18,green,0,
176,Staten Island,2024-10-16,18,hvfhv,9,26.38
176,Staten Island,2024-10-16,18,other_fhv,0,
176,Staten Island,2024-10-16,19,yellow,0,
176,Staten Island,2024-10-16,19,green,0,
176,Staten Island,2024-10-16,19,hvfhv,6,17.33
176,Staten Island,2024-10-16,19,other_fhv,0,
176,Staten Island,2024-10-16,20,yellow,0,
176,Staten Island,2024-10-16,20,green,0,
176,Staten Island,2024-10-16,20,hvfhv,7,27.89
176,Staten Island,2024-10-16,20,other_fhv,1,
176,Staten Island,2024-10-16,21,yellow,0,
176,Staten Island,2024-10-16,21,green,0,
176,Staten Island,2024-10-16,21,hvfhv,6,23.19
176,Staten Island,2024-10-16,21,other_fhv,0,
176,Staten Island,2024-10-16,22,yellow,0,
176,Staten Island,2024-10-16,22,green,0,
176,Staten Island,2024-10-16,22,hvfhv,4,10.08
176,Staten Island,2024-10-16,22,other_fhv,0,
176,Staten Island,2024-10-16,23,yellow,0,
176,Staten Island,2024-10-16,23,green,0,
176,Staten Island,2024-10-16,23,hvfhv,6,32.46
176,Staten Island,2024-10-16,23,other_fhv,1,
177,Brooklyn,2024-10-16,0,yellow,1,20.96
177,Brooklyn,2024-10-16,0,green,0,
177,Brooklyn,2024-10-16,0,hvfhv,76,14.31
177,Brooklyn,2024-10-16,0,other_fhv,1,
177,Brooklyn,2024-10-16,1,yellow,0,
177,Brooklyn,2024-10-16,1,green,0,
177,Brooklyn,2024-10-16,1,hvfhv,40,15.97
177,Brooklyn,2024-10-16,1,other_fhv,0,
177,Brooklyn,2024-10-16,2,yellow,0,
177,Brooklyn,2024-10-16,2,green,0,
177,Brooklyn,2024-10-16,2,hvfhv,28,16.91
177,Brooklyn,2024-10-16,2,other_fhv,1,
177,Brooklyn,2024-10-16,3,yellow,0,
177,Brooklyn,2024-10-16,3,green,0,
177,Brooklyn,2024-10-16,3,hvfhv,23,18.38
177,Brooklyn,2024-10-16,3,other_fhv,0,
177,Brooklyn,2024-10-16,4,yellow,0,
177,Brooklyn,2024-10-16,4,green,0,
177,Brooklyn,2024-10-16,4,hvfhv,50,26.06
177,Brooklyn,2024-10-16,4,other_fhv,0,
177,Brooklyn,2024-10-16,5,yellow,0,
177,Brooklyn,2024-10-16,5,green,0,
177,Brooklyn,2024-10-16,5,hvfhv,59,24.99
177,Brooklyn,2024-10-16,5,other_fhv,0,
177,Brooklyn,2024-10-16,6,yellow,3,56.37
177,Brooklyn,2024-10-16,6,green,0,
177,Brooklyn,2024-10-16,6,hvfhv,96,26.18
177,Brooklyn,2024-10-16,6,other_fhv,1,
177,Brooklyn,2024-10-16,7,yellow,1,49.59
177,Brooklyn,2024-10-16,7,green,0,
177,Brooklyn,2024-10-16,7,hvfhv,158,26.55
177,Brooklyn,2024-10-16,7,other_fhv,0,
177,Brooklyn,2024-10-16,8,yellow,3,50.29
177,Brooklyn,2024-10-16,8,green,0,
177,Brooklyn,2024-10-16,8,hvfhv,203,22.9
177,Brooklyn,2024-10-16,8,other_fhv,1,
177,Brooklyn,2024-10-16,9,yellow,4,26.75
177,Brooklyn,2024-10-16,9,green,0,
177,Brooklyn,2024-10-16,9,hvfhv,148,19.66
177,Brooklyn,2024-10-16,9,other_fhv,3,
177,Brooklyn,2024-10-16,10,yellow,0,
177,Brooklyn,2024-10-16,10,green,0,
177,Brooklyn,2024-10-16,10,hvfhv,92,18.99
177,Brooklyn,2024-10-16,10,other_fhv,0,
177,Brooklyn,2024-10-16,11,yellow,1,42.5
177,Brooklyn,2024-10-16,11,green,0,
177,Brooklyn,2024-10-16,11,hvfhv,78,21.44
177,Brooklyn,2024-10-16,11,other_fhv,1,
177,Brooklyn,2024-10-16,12,yellow,1,19.5
177,Brooklyn,2024-10-16,12,green,0,
177,Brooklyn,2024-10-16,12,hvfhv,84,20.25
177,Brooklyn,2024-10-16,12,other_fhv,1,
177,Brooklyn,2024-10-16,13,yellow,1,67.45
177,Brooklyn,2024-10-16,13,green,0,
177,Brooklyn,2024-10-16,13,hvfhv,90,21.79
177,Brooklyn,2024-10-16,13,other_fhv,0,
177,Brooklyn,2024-10-16,14,yellow,0,
177,Brooklyn,2024-10-16,14,green,0,
177,Brooklyn,2024-10-16,14,hvfhv,123,20.17
177,Brooklyn,2024-10-16,14,other_fhv,2,
177,Brooklyn,2024-10-16,15,yellow,1,20.5
177,Brooklyn,2024-10-16,15,green,0,
177,Brooklyn,2024-10-16,15,hvfhv,97,19.38
177,Brooklyn,2024-10-16,15,other_fhv,2,
177,Brooklyn,2024-10-16,16,yellow,0,
177,Brooklyn,2024-10-16,16,green,0,
177,Brooklyn,2024-10-16,16,hvfhv,116,20.84
177,Brooklyn,2024-10-16,16,other_fhv,4,
177,Brooklyn,2024-10-16,17,yellow,0,
177,Brooklyn,2024-10-16,17,green,0,
177,Brooklyn,2024-10-16,17,hvfhv,125,17.77
177,Brooklyn,2024-10-16,17,other_fhv,3,
177,Brooklyn,2024-10-16,18,yellow,0,
177,Brooklyn,2024-10-16,18,green,0,
177,Brooklyn,2024-10-16,18,hvfhv,127,17.99
177,Brooklyn,2024-10-16,18,other_fhv,1,
177,Brooklyn,2024-10-16,19,yellow,0,
177,Brooklyn,2024-10-16,19,green,0,
177,Brooklyn,2024-10-16,19,hvfhv,92,17.35
177,Brooklyn,2024-10-16,19,other_fhv,2,
177,Brooklyn,2024-10-16,20,yellow,1,26.5
177,Brooklyn,2024-10-16,20,green,0,
177,Brooklyn,2024-10-16,20,hvfhv,93,16.02
177,Brooklyn,2024-10-16,20,other_fhv,3,
177,Brooklyn,2024-10-16,21,yellow,0,
177,Brooklyn,2024-10-16,21,green,0,
177,Brooklyn,2024-10-16,21,hvfhv,101,16.33
177,Brooklyn,2024-10-16,21,other_fhv,1,
177,Brooklyn,2024-10-16,22,yellow,0,
177,Brooklyn,2024-10-16,22,green,0,
177,Brooklyn,2024-10-16,22,hvfhv,88,15.74
177,Brooklyn,2024-10-16,22,other_fhv,0,
177,Brooklyn,2024-10-16,23,yellow,2,32.8
177,Brooklyn,2024-10-16,23,green,0,
177,Brooklyn,2024-10-16,23,hvfhv,114,16.74
177,Brooklyn,2024-10-16,23,other_fhv,0,
178,Brooklyn,2024-10-16,0,yellow,0,
178,Brooklyn,2024-10-16,0,green,0,
178,Brooklyn,2024-10-16,0,hvfhv,8,13.56
178,Brooklyn,2024-10-16,0,other_fhv,0,
178,Brooklyn,2024-10-16,1,yellow,0,
178,Brooklyn,2024-10-16,1,green,0,
178,Brooklyn,2024-10-16,1,hvfhv,8,35.26
178,Brooklyn,2024-10-16,1,other_fhv,0,
178,Brooklyn,2024-10-16,2,yellow,0,
178,Brooklyn,2024-10-16,2,green,0,
178,Brooklyn,2024-10-16,2,hvfhv,5,17.33
178,Brooklyn,2024-10-16,2,other_fhv,0,
178,Brooklyn,2024-10-16,3,yellow,0,
178,Brooklyn,2024-10-16,3,green,0,
178,Brooklyn,2024-10-16,3,hvfhv,5,35.17
178,Brooklyn,2024-10-16,3,other_fhv,0,
178,Brooklyn,2024-10-16,4,yellow,0,
178,Brooklyn,2024-10-16,4,green,0,
178,Brooklyn,2024-10-16,4,hvfhv,6,57.13
178,Brooklyn,2024-10-16,4,other_fhv,0,
178,Brooklyn,2024-10-16,5,yellow,0,
178,Brooklyn,2024-10-16,5,green,0,
178,Brooklyn,2024-10-16,5,hvfhv,14,37.38
178,Brooklyn,2024-10-16,5,other_fhv,0,
178,Brooklyn,2024-10-16,6,yellow,0,
178,Brooklyn,2024-10-16,6,green,0,
178,Brooklyn,2024-10-16,6,hvfhv,17,33.56
178,Brooklyn,2024-10-16,6,other_fhv,0,
178,Brooklyn,2024-10-16,7,yellow,0,
178,Brooklyn,2024-10-16,7,green,0,
178,Brooklyn,2024-10-16,7,hvfhv,23,23.24
178,Brooklyn,2024-10-16,7,other_fhv,0,
178,Brooklyn,2024-10-16,8,yellow,0,
178,Brooklyn,2024-10-16,8,green,0,
178,Brooklyn,2024-10-16,8,hvfhv,53,19.26
178,Brooklyn,2024-10-16,8,other_fhv,4,
178,Brooklyn,2024-10-16,9,yellow,1,28.5
178,Brooklyn,2024-10-16,9,green,0,
178,Brooklyn,2024-10-16,9,hvfhv,48,19.11
178,Brooklyn,2024-10-16,9,other_fhv,4,
178,Brooklyn,2024-10-16,10,yellow,0,
178,Brooklyn,2024-10-16,10,green,0,
178,Brooklyn,2024-10-16,10,hvfhv,30,17.94
178,Brooklyn,2024-10-16,10,other_fhv,2,
178,Brooklyn,2024-10-16,11,yellow,0,
178,Brooklyn,2024-10-16,11,green,0,
178,Brooklyn,2024-10-16,11,hvfhv,44,22.92
178,Brooklyn,2024-10-16,11,other_fhv,2,
178,Brooklyn,2024-10-16,12,yellow,0,
178,Brooklyn,2024-10-16,12,green,0,
178,Brooklyn,2024-10-16,12,hvfhv,40,20.65
178,Brooklyn,2024-10-16,12,other_fhv,1,
178,Brooklyn,2024-10-16,13,yellow,0,
178,Brooklyn,2024-10-16,13,green,0,
178,Brooklyn,2024-10-16,13,hvfhv,45,15.84
178,Brooklyn,2024-10-16,13,other_fhv,2,
178,Brooklyn,2024-10-16,14,yellow,0,
178,Brooklyn,2024-10-16,14,green,0,
178,Brooklyn,2024-10-16,14,hvfhv,41,32.82
178,Brooklyn,2024-10-16,14,other_fhv,0,
178,Brooklyn,2024-10-16,15,yellow,0,
178,Brooklyn,2024-10-16,15,green,0,
178,Brooklyn,2024-10-16,15,hvfhv,31,19.46
178,Brooklyn,2024-10-16,15,other_fhv,1,
178,Brooklyn,2024-10-16,16,yellow,0,
178,Brooklyn,2024-10-16,16,green,0,
178,Brooklyn,2024-10-16,16,hvfhv,28,18.58
178,Brooklyn,2024-10-16,16,other_fhv,0,
178,Brooklyn,2024-10-16,17,yellow,0,
178,Brooklyn,2024-10-16,17,green,0,
178,Brooklyn,2024-10-16,17,hvfhv,101,13.48
178,Brooklyn,2024-10-16,17,other_fhv,0,
178,Brooklyn,2024-10-16,18,yellow,0,
178,Brooklyn,2024-10-16,18,green,0,
178,Brooklyn,2024-10-16,18,hvfhv,39,12.15
178,Brooklyn,2024-10-16,18,other_fhv,1,
178,Brooklyn,2024-10-16,19,yellow,0,
178,Brooklyn,2024-10-16,19,green,0,
178,Brooklyn,2024-10-16,19,hvfhv,9,14.85
178,Brooklyn,2024-10-16,19,other_fhv,0,
178,Brooklyn,2024-10-16,20,yellow,0,
178,Brooklyn,2024-10-16,20,green,0,
178,Brooklyn,2024-10-16,20,hvfhv,13,17.59
178,Brooklyn,2024-10-16,20,other_fhv,0,
178,Brooklyn,2024-10-16,21,yellow,0,
178,Brooklyn,2024-10-16,21,green,0,
178,Brooklyn,2024-10-16,21,hvfhv,17,20.13
178,Brooklyn,2024-10-16,21,other_fhv,0,
178,Brooklyn,2024-10-16,22,yellow,0,
178,Brooklyn,2024-10-16,22,green,0,
178,Brooklyn,2024-10-16,22,hvfhv,19,15.88
178,Brooklyn,2024-10-16,22,other_fhv,0,
178,Brooklyn,2024-10-16,23,yellow,0,
178,Brooklyn,2024-10-16,23,green,0,
178,Brooklyn,2024-10-16,23,hvfhv,13,17.38
178,Brooklyn,2024-10-16,23,other_fhv,0,
179,Queens,2024-10-16,0,yellow,0,
179,Queens,2024-10-16,0,green,0,
179,Queens,2024-10-16,0,hvfhv,35,16.43
179,Queens,2024-10-16,0,other_fhv,0,
179,Queens,2024-10-16,1,yellow,0,
179,Queens,2024-10-16,1,green,0,
179,Queens,2024-10-16,1,hvfhv,20,23.29
179,Queens,2024-10-16,1,other_fhv,3,
179,Queens,2024-10-16,2,yellow,0,
179,Queens,2024-10-16,2,green,0,
179,Queens,2024-10-16,2,hvfhv,8,16.08
179,Queens,2024-10-16,2,other_fhv,0,
179,Queens,2024-10-16,3,yellow,0,
179,Queens,2024-10-16,3,green,0,
179,Queens,2024-10-16,3,hvfhv,18,17.46
179,Queens,2024-10-16,3,other_fhv,0,
179,Queens,2024-10-16,4,yellow,0,
179,Queens,2024-10-16,4,green,0,
179,Queens,2024-10-16,4,hvfhv,30,18.53
179,Queens,2024-10-16,4,other_fhv,4,
179,Queens,2024-10-16,5,yellow,0,
179,Queens,2024-10-16,5,green,0,
179,Queens,2024-10-16,5,hvfhv,59,18.74
179,Queens,2024-10-16,5,other_fhv,2,
179,Queens,2024-10-16,6,yellow,1,19.8
179,Queens,2024-10-16,6,green,0,
179,Queens,2024-10-16,6,hvfhv,119,24.31
179,Queens,2024-10-16,6,other_fhv,1,
179,Queens,2024-10-16,7,yellow,2,26.54
179,Queens,2024-10-16,7,green,0,
179,Queens,2024-10-16,7,hvfhv,165,26.0
179,Queens,2024-10-16,7,other_fhv,6,
179,Queens,2024-10-16,8,yellow,1,25.46
179,Queens,2024-10-16,8,green,0,
179,Queens,2024-10-16,8,hvfhv,187,24.57
179,Queens,2024-10-16,8,other_fhv,8,
179,Queens,2024-10-16,9,yellow,2,41.34
179,Queens,2024-10-16,9,green,0,
179,Queens,2024-10-16,9,hvfhv,142,23.11
179,Queens,2024-10-16,9,other_fhv,10,
179,Queens,2024-10-16,10,yellow,3,14.97
179,Queens,2024-10-16,10,green,1,55.5
179,Queens,2024-10-16,10,hvfhv,85,23.09
179,Queens,2024-10-16,10,other_fhv,11,
179,Queens,2024-10-16,11,yellow,1,22.5
179,Queens,2024-10-16,11,green,0,
179,Queens,2024-10-16,11,hvfhv,90,20.49
179,Queens,2024-10-16,11,other_fhv,3,
179,Queens,2024-10-16,12,yellow,1,13.02
179,Queens,2024-10-16,12,green,0,
179,Queens,2024-10-16,12,hvfhv,87,21.53
179,Queens,2024-10-16,12,other_fhv,3,
179,Queens,2024-10-16,13,yellow,3,17.48
179,Queens,2024-10-16,13,green,0,
179,Queens,2024-10-16,13,hvfhv,86,20.44
179,Queens,2024-10-16,13,other_fhv,7,
179,Queens,2024-10-16,14,yellow,3,20.34
179,Queens,2024-10-16,14,green,0,
179,Queens,2024-10-16,14,hvfhv,98,23.55
179,Queens,2024-10-16,14,other_fhv,7,
179,Queens,2024-10-16,15,yellow,3,14.47
179,Queens,2024-10-16,15,green,0,
179,Queens,2024-10-16,15,hvfhv,106,24.93
179,Queens,2024-10-16,15,other_fhv,2,
179,Queens,2024-10-16,16,yellow,1,20.5
179,Queens,2024-10-16,16,green,0,
179,Queens,2024-10-16,16,hvfhv,103,20.94
179,Queens,2024-10-16,16,other_fhv,2,
179,Queens,2024-10-16,17,yellow,0,
179,Queens,2024-10-16,17,green,0,
179,Queens,2024-10-16,17,hvfhv,116,23.58
179,Queens,2024-10-16,17,other_fhv,2,
179,Queens,2024-10-16,18,yellow,0,
179,Queens,2024-10-16,18,green,1,23.7
179,Queens,2024-10-16,18,hvfhv,126,19.27
179,Queens,2024-10-16,18,other_fhv,3,
179,Queens,2024-10-16,19,yellow,1,70.0
179,Queens,2024-10-16,19,green,0,
179,Queens,2024-10-16,19,hvfhv,116,18.92
179,Queens,2024-10-16,19,other_fhv,1,
179,Queens,2024-10-16,20,yellow,0,
179,Queens,2024-10-16,20,green,0,
179,Queens,2024-10-16,20,hvfhv,93,20.68
179,Queens,2024-10-16,20,other_fhv,2,
179,Queens,2024-10-16,21,yellow,0,
179,Queens,2024-10-16,21,green,0,
179,Queens,2024-10-16,21,hvfhv,73,19.63
179,Queens,2024-10-16,21,other_fhv,1,
179,Queens,2024-10-16,22,yellow,2,19.74
179,Queens,2024-10-16,22,green,1,7.2
179,Queens,2024-10-16,22,hvfhv,81,20.44
179,Queens,2024-10-16,22,other_fhv,1,
179,Queens,2024-10-16,23,yellow,1,60.0
179,Queens,2024-10-16,23,green,0,
179,Queens,2024-10-16,23,hvfhv,52,20.72
179,Queens,2024-10-16,23,other_fhv,0,
180,Queens,2024-10-16,0,yellow,0,
180,Queens,2024-10-16,0,green,0,
180,Queens,2024-10-16,0,hvfhv,25,15.94
180,Queens,2024-10-16,0,other_fhv,0,
180,Queens,2024-10-16,1,yellow,0,
180,Queens,2024-10-16,1,green,0,
180,Queens,2024-10-16,1,hvfhv,19,17.57
180,Queens,2024-10-16,1,other_fhv,0,
180,Queens,2024-10-16,2,yellow,0,
180,Queens,2024-10-16,2,green,0,
180,Queens,2024-10-16,2,hvfhv,11,18.01
180,Queens,2024-10-16,2,other_fhv,0,
180,Queens,2024-10-16,3,yellow,0,
180,Queens,2024-10-16,3,green,0,
180,Queens,2024-10-16,3,hvfhv,8,18.71
180,Queens,2024-10-16,3,other_fhv,0,
180,Queens,2024-10-16,4,yellow,0,
180,Queens,2024-10-16,4,green,0,
180,Queens,2024-10-16,4,hvfhv,19,17.08
180,Queens,2024-10-16,4,other_fhv,0,
180,Queens,2024-10-16,5,yellow,0,
180,Queens,2024-10-16,5,green,0,
180,Queens,2024-10-16,5,hvfhv,29,20.99
180,Queens,2024-10-16,5,other_fhv,0,
180,Queens,2024-10-16,6,yellow,0,
180,Queens,2024-10-16,6,green,0,
180,Queens,2024-10-16,6,hvfhv,33,23.69
180,Queens,2024-10-16,6,other_fhv,0,
180,Queens,2024-10-16,7,yellow,0,
180,Queens,2024-10-16,7,green,0,
180,Queens,2024-10-16,7,hvfhv,72,20.61
180,Queens,2024-10-16,7,other_fhv,0,
180,Queens,2024-10-16,8,yellow,1,64.5
180,Queens,2024-10-16,8,green,0,
180,Queens,2024-10-16,8,hvfhv,79,19.87
180,Queens,2024-10-16,8,other_fhv,1,
180,Queens,2024-10-16,9,yellow,1,30.5
180,Queens,2024-10-16,9,green,0,
180,Queens,2024-10-16,9,hvfhv,52,19.08
180,Queens,2024-10-16,9,other_fhv,0,
180,Queens,2024-10-16,10,yellow,0,
180,Queens,2024-10-16,10,green,0,
180,Queens,2024-10-16,10,hvfhv,38,19.24
180,Queens,2024-10-16,10,other_fhv,0,
180,Queens,2024-10-16,11,yellow,0,
180,Queens,2024-10-16,11,green,0,
180,Queens,2024-10-16,11,hvfhv,43,20.72
180,Queens,2024-10-16,11,other_fhv,0,
180,Queens,2024-10-16,12,yellow,0,
180,Queens,2024-10-16,12,green,0,
180,Queens,2024-10-16,12,hvfhv,51,21.19
180,Queens,2024-10-16,12,other_fhv,0,
180,Queens,2024-10-16,13,yellow,0,
180,Queens,2024-10-16,13,green,0,
180,Queens,2024-10-16,13,hvfhv,48,16.29
180,Queens,2024-10-16,13,other_fhv,0,
180,Queens,2024-10-16,14,yellow,0,
180,Queens,2024-10-16,14,green,0,
180,Queens,2024-10-16,14,hvfhv,54,16.77
180,Queens,2024-10-16,14,other_fhv,0,
180,Queens,2024-10-16,15,yellow,0,
180,Queens,2024-10-16,15,green,0,
180,Queens,2024-10-16,15,hvfhv,47,21.03
180,Queens,2024-10-16,15,other_fhv,0,
180,Queens,2024-10-16,16,yellow,0,
180,Queens,2024-10-16,16,green,0,
180,Queens,2024-10-16,16,hvfhv,56,19.01
180,Queens,2024-10-16,16,other_fhv,0,
180,Queens,2024-10-16,17,yellow,0,
180,Queens,2024-10-16,17,green,0,
180,Queens,2024-10-16,17,hvfhv,64,19.51
180,Queens,2024-10-16,17,other_fhv,0,
180,Queens,2024-10-16,18,yellow,0,
180,Queens,2024-10-16,18,green,0,
180,Queens,2024-10-16,18,hvfhv,62,15.22
180,Queens,2024-10-16,18,other_fhv,0,
180,Queens,2024-10-16,19,yellow,0,
180,Queens,2024-10-16,19,green,0,
180,Queens,2024-10-16,19,hvfhv,52,13.99
180,Queens,2024-10-16,19,other_fhv,0,
180,Queens,2024-10-16,20,yellow,0,
180,Queens,2024-10-16,20,green,0,
180,Queens,2024-10-16,20,hvfhv,49,14.49
180,Queens,2024-10-16,20,other_fhv,0,
180,Queens,2024-10-16,21,yellow,0,
180,Queens,2024-10-16,21,green,0,
180,Queens,2024-10-16,21,hvfhv,43,12.99
180,Queens,2024-10-16,21,other_fhv,1,
180,Queens,2024-10-16,22,yellow,0,
180,Queens,2024-10-16,22,green,0,
180,Queens,2024-10-16,22,hvfhv,35,14.79
180,Queens,2024-10-16,22,other_fhv,0,
180,Queens,2024-10-16,23,yellow,0,
180,Queens,2024-10-16,23,green,0,
180,Queens,2024-10-16,23,hvfhv,34,15.9
180,Queens,2024-10-16,23,other_fhv,0,
181,Brooklyn,2024-10-16,0,yellow,1,11.4
181,Brooklyn,2024-10-16,0,green,0,
181,Brooklyn,2024-10-16,0,hvfhv,146,21.42
181,Brooklyn,2024-10-16,0,other_fhv,3,
181,Brooklyn,2024-10-16,1,yellow,0,
181,Brooklyn,2024-10-16,1,green,0,
181,Brooklyn,2024-10-16,1,hvfhv,58,21.6
181,Brooklyn,2024-10-16,1,other_fhv,0,
181,Brooklyn,2024-10-16,2,yellow,0,
181,Brooklyn,2024-10-16,2,green,0,
181,Brooklyn,2024-10-16,2,hvfhv,26,16.87
181,Brooklyn,2024-10-16,2,other_fhv,0,
181,Brooklyn,2024-10-16,3,yellow,0,
181,Brooklyn,2024-10-16,3,green,0,
181,Brooklyn,2024-10-16,3,hvfhv,26,24.16
181,Brooklyn,2024-10-16,3,other_fhv,0,
181,Brooklyn,2024-10-16,4,yellow,0,
181,Brooklyn,2024-10-16,4,green,0,
181,Brooklyn,2024-10-16,4,hvfhv,54,42.25
181,Brooklyn,2024-10-16,4,other_fhv,0,
181,Brooklyn,2024-10-16,5,yellow,1,41.52
181,Brooklyn,2024-10-16,5,green,0,
181,Brooklyn,2024-10-16,5,hvfhv,109,42.31
181,Brooklyn,2024-10-16,5,other_fhv,0,
181,Brooklyn,2024-10-16,6,yellow,0,
181,Brooklyn,2024-10-16,6,green,0,
181,Brooklyn,2024-10-16,6,hvfhv,154,41.38
181,Brooklyn,2024-10-16,6,other_fhv,1,
181,Brooklyn,2024-10-16,7,yellow,4,27.57
181,Brooklyn,2024-10-16,7,green,0,
181,Brooklyn,2024-10-16,7,hvfhv,258,35.14
181,Brooklyn,2024-10-16,7,other_fhv,0,
181,Brooklyn,2024-10-16,8,yellow,6,29.96
181,Brooklyn,2024-10-16,8,green,0,
181,Brooklyn,2024-10-16,8,hvfhv,335,32.05
181,Brooklyn,2024-10-16,8,other_fhv,3,
181,Brooklyn,2024-10-16,9,yellow,4,41.19
181,Brooklyn,2024-10-16,9,green,0,
181,Brooklyn,2024-10-16,9,hvfhv,262,29.55
181,Brooklyn,2024-10-16,9,other_fhv,1,
181,Brooklyn,2024-10-16,10,yellow,2,13.05
181,Brooklyn,2024-10-16,10,green,0,
181,Brooklyn,2024-10-16,10,hvfhv,230,29.02
181,Brooklyn,2024-10-16,10,other_fhv,5,
181,Brooklyn,2024-10-16,11,yellow,3,30.83
181,Brooklyn,2024-10-16,11,green,0,
181,Brooklyn,2024-10-16,11,hvfhv,212,25.81
181,Brooklyn,2024-10-16,11,other_fhv,6,
181,Brooklyn,2024-10-16,12,yellow,6,23.38
181,Brooklyn,2024-10-16,12,green,0,
181,Brooklyn,2024-10-16,12,hvfhv,222,29.95
181,Brooklyn,2024-10-16,12,other_fhv,4,
181,Brooklyn,2024-10-16,13,yellow,2,30.5
181,Brooklyn,2024-10-16,13,green,0,
181,Brooklyn,2024-10-16,13,hvfhv,234,25.7
181,Brooklyn,2024-10-16,13,other_fhv,4,
181,Brooklyn,2024-10-16,14,yellow,2,39.0
181,Brooklyn,2024-10-16,14,green,0,
181,Brooklyn,2024-10-16,14,hvfhv,253,27.04
181,Brooklyn,2024-10-16,14,other_fhv,3,
181,Brooklyn,2024-10-16,15,yellow,2,16.7
181,Brooklyn,2024-10-16,15,green,0,
181,Brooklyn,2024-10-16,15,hvfhv,295,29.36
181,Brooklyn,2024-10-16,15,other_fhv,2,
181,Brooklyn,2024-10-16,16,yellow,4,31.06
181,Brooklyn,2024-10-16,16,green,0,
181,Brooklyn,2024-10-16,16,hvfhv,254,25.52
181,Brooklyn,2024-10-16,16,other_fhv,1,
181,Brooklyn,2024-10-16,17,yellow,1,31.81
181,Brooklyn,2024-10-16,17,green,1,29.5
181,Brooklyn,2024-10-16,17,hvfhv,327,23.37
181,Brooklyn,2024-10-16,17,other_fhv,1,
181,Brooklyn,2024-10-16,18,yellow,2,17.7
181,Brooklyn,2024-10-16,18,green,0,
181,Brooklyn,2024-10-16,18,hvfhv,358,22.31
181,Brooklyn,2024-10-16,18,other_fhv,1,
181,Brooklyn,2024-10-16,19,yellow,1,41.64
181,Brooklyn,2024-10-16,19,green,0,
181,Brooklyn,2024-10-16,19,hvfhv,426,20.29
181,Brooklyn,2024-10-16,19,other_fhv,5,
181,Brooklyn,2024-10-16,20,yellow,4,21.33
181,Brooklyn,2024-10-16,20,green,0,
181,Brooklyn,2024-10-16,20,hvfhv,352,20.37
181,Brooklyn,2024-10-16,20,other_fhv,1,
181,Brooklyn,2024-10-16,21,yellow,0,
181,Brooklyn,2024-10-16,21,green,0,
181,Brooklyn,2024-10-16,21,hvfhv,334,19.69
181,Brooklyn,2024-10-16,21,other_fhv,5,
181,Brooklyn,2024-10-16,22,yellow,3,16.4
181,Brooklyn,2024-10-16,22,green,0,
181,Brooklyn,2024-10-16,22,hvfhv,343,20.5
181,Brooklyn,2024-10-16,22,other_fhv,4,
181,Brooklyn,2024-10-16,23,yellow,2,26.8
181,Brooklyn,2024-10-16,23,green,0,
181,Brooklyn,2024-10-16,23,hvfhv,245,19.37
181,Brooklyn,2024-10-16,23,other_fhv,2,
182,Bronx,2024-10-16,0,yellow,0,
182,Bronx,2024-10-16,0,green,0,
182,Bronx,2024-10-16,0,hvfhv,29,16.75
182,Bronx,2024-10-16,0,other_fhv,0,
182,Bronx,2024-10-16,1,yellow,0,
182,Bronx,2024-10-16,1,green,0,
182,Bronx,2024-10-16,1,hvfhv,8,21.52
182,Bronx,2024-10-16,1,other_fhv,0,
182,Bronx,2024-10-16,2,yellow,1,6.72
182,Bronx,2024-10-16,2,green,0,
182,Bronx,2024-10-16,2,hvfhv,8,17.0
182,Bronx,2024-10-16,2,other_fhv,0,
182,Bronx,2024-10-16,3,yellow,0,
182,Bronx,2024-10-16,3,green,0,
182,Bronx,2024-10-16,3,hvfhv,14,25.98
182,Bronx,2024-10-16,3,other_fhv,0,
182,Bronx,2024-10-16,4,yellow,0,
182,Bronx,2024-10-16,4,green,0,
182,Bronx,2024-10-16,4,hvfhv,22,31.27
182,Bronx,2024-10-16,4,other_fhv,0,
182,Bronx,2024-10-16,5,yellow,0,
182,Bronx,2024-10-16,5,green,0,
182,Bronx,2024-10-16,5,hvfhv,37,21.54
182,Bronx,2024-10-16,5,other_fhv,0,
182,Bronx,2024-10-16,6,yellow,0,
182,Bronx,2024-10-16,6,green,0,
182,Bronx,2024-10-16,6,hvfhv,91,23.57
182,Bronx,2024-10-16,6,other_fhv,1,
182,Bronx,2024-10-16,7,yellow,4,49.09
182,Bronx,2024-10-16,7,green,0,
182,Bronx,2024-10-16,7,hvfhv,155,25.54
182,Bronx,2024-10-16,7,other_fhv,1,
182,Bronx,2024-10-16,8,yellow,2,48.38
182,Bronx,2024-10-16,8,green,0,
182,Bronx,2024-10-16,8,hvfhv,177,20.19
182,Bronx,2024-10-16,8,other_fhv,1,
182,Bronx,2024-10-16,9,yellow,4,45.25
182,Bronx,2024-10-16,9,green,0,
182,Bronx,2024-10-16,9,hvfhv,121,17.62
182,Bronx,2024-10-16,9,other_fhv,0,
182,Bronx,2024-10-16,10,yellow,1,27.5
182,Bronx,2024-10-16,10,green,0,
182,Bronx,2024-10-16,10,hvfhv,86,22.37
182,Bronx,2024-10-16,10,other_fhv,2,
182,Bronx,2024-10-16,11,yellow,0,
182,Bronx,2024-10-16,11,green,0,
182,Bronx,2024-10-16,11,hvfhv,81,18.76
182,Bronx,2024-10-16,11,other_fhv,0,
182,Bronx,2024-10-16,12,yellow,1,25.5
182,Bronx,2024-10-16,12,green,0,
182,Bronx,2024-10-16,12,hvfhv,59,22.19
182,Bronx,2024-10-16,12,other_fhv,0,
182,Bronx,2024-10-16,13,yellow,1,28.5
182,Bronx,2024-10-16,13,green,0,
182,Bronx,2024-10-16,13,hvfhv,84,22.0
182,Bronx,2024-10-16,13,other_fhv,1,
182,Bronx,2024-10-16,14,yellow,0,
182,Bronx,2024-10-16,14,green,0,
182,Bronx,2024-10-16,14,hvfhv,76,19.28
182,Bronx,2024-10-16,14,other_fhv,0,
182,Bronx,2024-10-16,15,yellow,0,
182,Bronx,2024-10-16,15,green,0,
182,Bronx,2024-10-16,15,hvfhv,55,22.38
182,Bronx,2024-10-16,15,other_fhv,0,
182,Bronx,2024-10-16,16,yellow,0,
182,Bronx,2024-10-16,16,green,0,
182,Bronx,2024-10-16,16,hvfhv,54,17.12
182,Bronx,2024-10-16,16,other_fhv,1,
182,Bronx,2024-10-16,17,yellow,1,29.5
182,Bronx,2024-10-16,17,green,0,
182,Bronx,2024-10-16,17,hvfhv,71,18.15
182,Bronx,2024-10-16,17,other_fhv,0,
182,Bronx,2024-10-16,18,yellow,0,
182,Bronx,2024-10-16,18,green,0,
182,Bronx,2024-10-16,18,hvfhv,70,17.31
182,Bronx,2024-10-16,18,other_fhv,0,
182,Bronx,2024-10-16,19,yellow,0,
182,Bronx,2024-10-16,19,green,0,
182,Bronx,2024-10-16,19,hvfhv,50,20.09
182,Bronx,2024-10-16,19,other_fhv,0,
182,Bronx,2024-10-16,20,yellow,0,
182,Bronx,2024-10-16,20,green,0,
182,Bronx,2024-10-16,20,hvfhv,70,15.79
182,Bronx,2024-10-16,20,other_fhv,0,
182,Bronx,2024-10-16,21,yellow,0,
182,Bronx,2024-10-16,21,green,0,
182,Bronx,2024-10-16,21,hvfhv,56,16.96
182,Bronx,2024-10-16,21,other_fhv,0,
182,Bronx,2024-10-16,22,yellow,0,
182,Bronx,2024-10-16,22,green,0,
182,Bronx,2024-10-16,22,hvfhv,58,17.59
182,Bronx,2024-10-16,22,other_fhv,0,
182,Bronx,2024-10-16,23,yellow,0,
182,Bronx,2024-10-16,23,green,0,
182,Bronx,2024-10-16,23,hvfhv,35,14.26
182,Bronx,2024-10-16,23,other_fhv,0,
183,Bronx,2024-10-16,0,yellow,0,
183,Bronx,2024-10-16,0,green,0,
183,Bronx,2024-10-16,0,hvfhv,12,14.29
183,Bronx,2024-10-16,0,other_fhv,0,
183,Bronx,2024-10-16,1,yellow,0,
183,Bronx,2024-10-16,1,green,0,
183,Bronx,2024-10-16,1,hvfhv,9,16.08
183,Bronx,2024-10-16,1,other_fhv,0,
183,Bronx,2024-10-16,2,yellow,0,
183,Bronx,2024-10-16,2,green,0,
183,Bronx,2024-10-16,2,hvfhv,2,13.34
183,Bronx,2024-10-16,2,other_fhv,0,
183,Bronx,2024-10-16,3,yellow,0,
183,Bronx,2024-10-16,3,green,0,
183,Bronx,2024-10-16,3,hvfhv,7,26.06
183,Bronx,2024-10-16,3,other_fhv,0,
183,Bronx,2024-10-16,4,yellow,0,
183,Bronx,2024-10-16,4,green,0,
183,Bronx,2024-10-16,4,hvfhv,12,21.86
183,Bronx,2024-10-16,4,other_fhv,0,
183,Bronx,2024-10-16,5,yellow,1,41.78
183,Bronx,2024-10-16,5,green,0,
183,Bronx,2024-10-16,5,hvfhv,18,27.36
183,Bronx,2024-10-16,5,other_fhv,0,
183,Bronx,2024-10-16,6,yellow,0,
183,Bronx,2024-10-16,6,green,0,
183,Bronx,2024-10-16,6,hvfhv,39,28.04
183,Bronx,2024-10-16,6,other_fhv,0,
183,Bronx,2024-10-16,7,yellow,1,51.5
183,Bronx,2024-10-16,7,green,0,
183,Bronx,2024-10-16,7,hvfhv,58,21.28
183,Bronx,2024-10-16,7,other_fhv,0,
183,Bronx,2024-10-16,8,yellow,0,
183,Bronx,2024-10-16,8,green,0,
183,Bronx,2024-10-16,8,hvfhv,83,20.89
183,Bronx,2024-10-16,8,other_fhv,0,
183,Bronx,2024-10-16,9,yellow,0,
183,Bronx,2024-10-16,9,green,0,
183,Bronx,2024-10-16,9,hvfhv,38,21.52
183,Bronx,2024-10-16,9,other_fhv,0,
183,Bronx,2024-10-16,10,yellow,0,
183,Bronx,2024-10-16,10,green,0,
183,Bronx,2024-10-16,10,hvfhv,25,25.26
183,Bronx,2024-10-16,10,other_fhv,0,
183,Bronx,2024-10-16,11,yellow,0,
183,Bronx,2024-10-16,11,green,0,
183,Bronx,2024-10-16,11,hvfhv,38,25.66
183,Bronx,2024-10-16,11,other_fhv,0,
183,Bronx,2024-10-16,12,yellow,0,
183,Bronx,2024-10-16,12,green,0,
183,Bronx,2024-10-16,12,hvfhv,34,22.71
183,Bronx,2024-10-16,12,other_fhv,0,
183,Bronx,2024-10-16,13,yellow,2,46.5
183,Bronx,2024-10-16,13,green,0,
183,Bronx,2024-10-16,13,hvfhv,29,19.72
183,Bronx,2024-10-16,13,other_fhv,1,
183,Bronx,2024-10-16,14,yellow,0,
183,Bronx,2024-10-16,14,green,0,
183,Bronx,2024-10-16,14,hvfhv,34,17.79
183,Bronx,2024-10-16,14,other_fhv,0,
183,Bronx,2024-10-16,15,yellow,0,
183,Bronx,2024-10-16,15,green,0,
183,Bronx,2024-10-16,15,hvfhv,37,15.33
183,Bronx,2024-10-16,15,other_fhv,0,
183,Bronx,2024-10-16,16,yellow,0,
183,Bronx,2024-10-16,16,green,0,
183,Bronx,2024-10-16,16,hvfhv,35,19.06
183,Bronx,2024-10-16,16,other_fhv,0,
183,Bronx,2024-10-16,17,yellow,0,
183,Bronx,2024-10-16,17,green,0,
183,Bronx,2024-10-16,17,hvfhv,44,17.37
183,Bronx,2024-10-16,17,other_fhv,0,
183,Bronx,2024-10-16,18,yellow,0,
183,Bronx,2024-10-16,18,green,0,
183,Bronx,2024-10-16,18,hvfhv,44,17.25
183,Bronx,2024-10-16,18,other_fhv,0,
183,Bronx,2024-10-16,19,yellow,0,
183,Bronx,2024-10-16,19,green,0,
183,Bronx,2024-10-16,19,hvfhv,47,18.39
183,Bronx,2024-10-16,19,other_fhv,0,
183,Bronx,2024-10-16,20,yellow,1,60.0
183,Bronx,2024-10-16,20,green,0,
183,Bronx,2024-10-16,20,hvfhv,33,16.08
183,Bronx,2024-10-16,20,other_fhv,0,
183,Bronx,2024-10-16,21,yellow,0,
183,Bronx,2024-10-16,21,green,0,
183,Bronx,2024-10-16,21,hvfhv,34,23.64
183,Bronx,2024-10-16,21,other_fhv,0,
183,Bronx,2024-10-16,22,yellow,0,
183,Bronx,2024-10-16,22,green,0,
183,Bronx,2024-10-16,22,hvfhv,28,19.51
183,Bronx,2024-10-16,22,other_fhv,0,
183,Bronx,2024-10-16,23,yellow,0,
183,Bronx,2024-10-16,23,green,0,
183,Bronx,2024-10-16,23,hvfhv,19,20.26
183,Bronx,2024-10-16,23,other_fhv,0,
184,Bronx,2024-10-16,0,yellow,0,
184,Bronx,2024-10-16,0,green,0,
184,Bronx,2024-10-16,0,hvfhv,4,10.54
184,Bronx,2024-10-16,0,other_fhv,0,
184,Bronx,2024-10-16,1,yellow,0,
184,Bronx,2024-10-16,1,green,0,
184,Bronx,2024-10-16,1,hvfhv,0,
184,Bronx,2024-10-16,1,other_fhv,0,
184,Bronx,2024-10-16,2,yellow,0,
184,Bronx,2024-10-16,2,green,0,
184,Bronx,2024-10-16,2,hvfhv,1,57.08
184,Bronx,2024-10-16,2,other_fhv,0,
184,Bronx,2024-10-16,3,yellow,0,
184,Bronx,2024-10-16,3,green,0,
184,Bronx,2024-10-16,3,hvfhv,1,8.34
184,Bronx,2024-10-16,3,other_fhv,0,
184,Bronx,2024-10-16,4,yellow,0,
184,Bronx,2024-10-16,4,green,0,
184,Bronx,2024-10-16,4,hvfhv,1,13.92
184,Bronx,2024-10-16,4,other_fhv,0,
184,Bronx,2024-10-16,5,yellow,0,
184,Bronx,2024-10-16,5,green,0,
184,Bronx,2024-10-16,5,hvfhv,2,31.46
184,Bronx,2024-10-16,5,other_fhv,0,
184,Bronx,2024-10-16,6,yellow,0,
184,Bronx,2024-10-16,6,green,0,
184,Bronx,2024-10-16,6,hvfhv,0,
184,Bronx,2024-10-16,6,other_fhv,0,
184,Bronx,2024-10-16,7,yellow,0,
184,Bronx,2024-10-16,7,green,0,
184,Bronx,2024-10-16,7,hvfhv,8,14.23
184,Bronx,2024-10-16,7,other_fhv,0,
184,Bronx,2024-10-16,8,yellow,0,
184,Bronx,2024-10-16,8,green,0,
184,Bronx,2024-10-16,8,hvfhv,10,29.27
184,Bronx,2024-10-16,8,other_fhv,0,
184,Bronx,2024-10-16,9,yellow,0,
184,Bronx,2024-10-16,9,green,0,
184,Bronx,2024-10-16,9,hvfhv,6,13.01
184,Bronx,2024-10-16,9,other_fhv,0,
184,Bronx,2024-10-16,10,yellow,0,
184,Bronx,2024-10-16,10,green,0,
184,Bronx,2024-10-16,10,hvfhv,3,14.88
184,Bronx,2024-10-16,10,other_fhv,0,
184,Bronx,2024-10-16,11,yellow,0,
184,Bronx,2024-10-16,11,green,0,
184,Bronx,2024-10-16,11,hvfhv,3,24.87
184,Bronx,2024-10-16,11,other_fhv,0,
184,Bronx,2024-10-16,12,yellow,0,
184,Bronx,2024-10-16,12,green,0,
184,Bronx,2024-10-16,12,hvfhv,4,22.2
184,Bronx,2024-10-16,12,other_fhv,0,
184,Bronx,2024-10-16,13,yellow,0,
184,Bronx,2024-10-16,13,green,0,
184,Bronx,2024-10-16,13,hvfhv,10,30.89
184,Bronx,2024-10-16,13,other_fhv,0,
184,Bronx,2024-10-16,14,yellow,0,
184,Bronx,2024-10-16,14,green,0,
184,Bronx,2024-10-16,14,hvfhv,6,9.93
184,Bronx,2024-10-16,14,other_fhv,0,
184,Bronx,2024-10-16,15,yellow,0,
184,Bronx,2024-10-16,15,green,0,
184,Bronx,2024-10-16,15,hvfhv,11,15.0
184,Bronx,2024-10-16,15,other_fhv,0,
184,Bronx,2024-10-16,16,yellow,0,
184,Bronx,2024-10-16,16,green,0,
184,Bronx,2024-10-16,16,hvfhv,9,21.08
184,Bronx,2024-10-16,16,other_fhv,0,
184,Bronx,2024-10-16,17,yellow,0,
184,Bronx,2024-10-16,17,green,0,
184,Bronx,2024-10-16,17,hvfhv,6,20.94
184,Bronx,2024-10-16,17,other_fhv,0,
184,Bronx,2024-10-16,18,yellow,0,
184,Bronx,2024-10-16,18,green,0,
184,Bronx,2024-10-16,18,hvfhv,6,22.62
184,Bronx,2024-10-16,18,other_fhv,0,
184,Bronx,2024-10-16,19,yellow,0,
184,Bronx,2024-10-16,19,green,0,
184,Bronx,2024-10-16,19,hvfhv,11,16.09
184,Bronx,2024-10-16,19,other_fhv,0,
184,Bronx,2024-10-16,20,yellow,0,
184,Bronx,2024-10-16,20,green,0,
184,Bronx,2024-10-16,20,hvfhv,3,21.69
184,Bronx,2024-10-16,20,other_fhv,0,
184,Bronx,2024-10-16,21,yellow,0,
184,Bronx,2024-10-16,21,green,0,
184,Bronx,2024-10-16,21,hvfhv,3,10.38
184,Bronx,2024-10-16,21,other_fhv,0,
184,Bronx,2024-10-16,22,yellow,0,
184,Bronx,2024-10-16,22,green,0,
184,Bronx,2024-10-16,22,hvfhv,5,10.03
184,Bronx,2024-10-16,22,other_fhv,0,
184,Bronx,2024-10-16,23,yellow,0,
184,Bronx,2024-10-16,23,green,0,
184,Bronx,2024-10-16,23,hvfhv,6,23.81
184,Bronx,2024-10-16,23,other_fhv,0,
185,Bronx,2024-10-16,0,yellow,0,
185,Bronx,2024-10-16,0,green,0,
185,Bronx,2024-10-16,0,hvfhv,36,18.96
185,Bronx,2024-10-16,0,other_fhv,0,
185,Bronx,2024-10-16,1,yellow,0,
185,Bronx,2024-10-16,1,green,0,
185,Bronx,2024-10-16,1,hvfhv,25,15.25
185,Bronx,2024-10-16,1,other_fhv,0,
185,Bronx,2024-10-16,2,yellow,0,
185,Bronx,2024-10-16,2,green,0,
185,Bronx,2024-10-16,2,hvfhv,20,23.79
185,Bronx,2024-10-16,2,other_fhv,0,
185,Bronx,2024-10-16,3,yellow,0,
185,Bronx,2024-10-16,3,green,0,
185,Bronx,2024-10-16,3,hvfhv,11,21.92
185,Bronx,2024-10-16,3,other_fhv,0,
185,Bronx,2024-10-16,4,yellow,0,
185,Bronx,2024-10-16,4,green,0,
185,Bronx,2024-10-16,4,hvfhv,17,18.92
185,Bronx,2024-10-16,4,other_fhv,0,
185,Bronx,2024-10-16,5,yellow,0,
185,Bronx,2024-10-16,5,green,0,
185,Bronx,2024-10-16,5,hvfhv,44,24.11
185,Bronx,2024-10-16,5,other_fhv,0,
185,Bronx,2024-10-16,6,yellow,1,30.5
185,Bronx,2024-10-16,6,green,0,
185,Bronx,2024-10-16,6,hvfhv,85,26.04
185,Bronx,2024-10-16,6,other_fhv,0,
185,Bronx,2024-10-16,7,yellow,0,
185,Bronx,2024-10-16,7,green,0,
185,Bronx,2024-10-16,7,hvfhv,145,22.67
185,Bronx,2024-10-16,7,other_fhv,1,
185,Bronx,2024-10-16,8,yellow,0,
185,Bronx,2024-10-16,8,green,0,
185,Bronx,2024-10-16,8,hvfhv,168,19.98
185,Bronx,2024-10-16,8,other_fhv,2,
185,Bronx,2024-10-16,9,yellow,0,
185,Bronx,2024-10-16,9,green,0,
185,Bronx,2024-10-16,9,hvfhv,117,20.0
185,Bronx,2024-10-16,9,other_fhv,1,
185,Bronx,2024-10-16,10,yellow,0,
185,Bronx,2024-10-16,10,green,0,
185,Bronx,2024-10-16,10,hvfhv,102,19.26
185,Bronx,2024-10-16,10,other_fhv,2,
185,Bronx,2024-10-16,11,yellow,1,18.5
185,Bronx,2024-10-16,11,green,0,
185,Bronx,2024-10-16,11,hvfhv,121,21.6
185,Bronx,2024-10-16,11,other_fhv,0,
185,Bronx,2024-10-16,12,yellow,1,19.5
185,Bronx,2024-10-16,12,green,0,
185,Bronx,2024-10-16,12,hvfhv,103,18.29
185,Bronx,2024-10-16,12,other_fhv,1,
185,Bronx,2024-10-16,13,yellow,0,
185,Bronx,2024-10-16,13,green,0,
185,Bronx,2024-10-16,13,hvfhv,100,23.16
185,Bronx,2024-10-16,13,other_fhv,0,
185,Bronx,2024-10-16,14,yellow,0,
185,Bronx,2024-10-16,14,green,0,
185,Bronx,2024-10-16,14,hvfhv,110,22.44
185,Bronx,2024-10-16,14,other_fhv,0,
185,Bronx,2024-10-16,15,yellow,1,19.5
185,Bronx,2024-10-16,15,green,0,
185,Bronx,2024-10-16,15,hvfhv,102,22.81
185,Bronx,2024-10-16,15,other_fhv,1,
185,Bronx,2024-10-16,16,yellow,0,
185,Bronx,2024-10-16,16,green,0,
185,Bronx,2024-10-16,16,hvfhv,125,23.2
185,Bronx,2024-10-16,16,other_fhv,1,
185,Bronx,2024-10-16,17,yellow,1,26.05
185,Bronx,2024-10-16,17,green,0,
185,Bronx,2024-10-16,17,hvfhv,126,25.0
185,Bronx,2024-10-16,17,other_fhv,1,
185,Bronx,2024-10-16,18,yellow,0,
185,Bronx,2024-10-16,18,green,0,
185,Bronx,2024-10-16,18,hvfhv,108,19.93
185,Bronx,2024-10-16,18,other_fhv,0,
185,Bronx,2024-10-16,19,yellow,0,
185,Bronx,2024-10-16,19,green,0,
185,Bronx,2024-10-16,19,hvfhv,93,20.54
185,Bronx,2024-10-16,19,other_fhv,0,
185,Bronx,2024-10-16,20,yellow,0,
185,Bronx,2024-10-16,20,green,0,
185,Bronx,2024-10-16,20,hvfhv,74,19.92
185,Bronx,2024-10-16,20,other_fhv,0,
185,Bronx,2024-10-16,21,yellow,0,
185,Bronx,2024-10-16,21,green,1,14.0
185,Bronx,2024-10-16,21,hvfhv,75,19.87
185,Bronx,2024-10-16,21,other_fhv,0,
185,Bronx,2024-10-16,22,yellow,0,
185,Bronx,2024-10-16,22,green,0,
185,Bronx,2024-10-16,22,hvfhv,58,16.57
185,Bronx,2024-10-16,22,other_fhv,0,
185,Bronx,2024-10-16,23,yellow,0,
185,Bronx,2024-10-16,23,green,0,
185,Bronx,2024-10-16,23,hvfhv,66,17.78
185,Bronx,2024-10-16,23,other_fhv,0,
186,Manhattan,2024-10-16,0,yellow,88,14.82
186,Manhattan,2024-10-16,0,green,0,
186,Manhattan,2024-10-16,0,hvfhv,141,38.45
186,Manhattan,2024-10-16,0,other_fhv,1,
186,Manhattan,2024-10-16,1,yellow,39,24.74
186,Manhattan,2024-10-16,1,green,0,
186,Manhattan,2024-10-16,1,hvfhv,62,29.4
186,Manhattan,2024-10-16,1,other_fhv,2,
186,Manhattan,2024-10-16,2,yellow,10,11.33
186,Manhattan,2024-10-16,2,green,0,
186,Manhattan,2024-10-16,2,hvfhv,26,30.92
186,Manhattan,2024-10-16,2,other_fhv,0,
186,Manhattan,2024-10-16,3,yellow,18,15.02
186,Manhattan,2024-10-16,3,green,0,
186,Manhattan,2024-10-16,3,hvfhv,26,38.99
186,Manhattan,2024-10-16,3,other_fhv,0,
186,Manhattan,2024-10-16,4,yellow,6,22.25
186,Manhattan,2024-10-16,4,green,0,
186,Manhattan,2024-10-16,4,hvfhv,37,42.81
186,Manhattan,2024-10-16,4,other_fhv,0,
186,Manhattan,2024-10-16,5,yellow,42,13.15
186,Manhattan,2024-10-16,5,green,0,
186,Manhattan,2024-10-16,5,hvfhv,56,36.74
186,Manhattan,2024-10-16,5,other_fhv,0,
186,Manhattan,2024-10-16,6,yellow,129,11.51
186,Manhattan,2024-10-16,6,green,0,
186,Manhattan,2024-10-16,6,hvfhv,94,35.77
186,Manhattan,2024-10-16,6,other_fhv,0,
186,Manhattan,2024-10-16,7,yellow,223,11.95
186,Manhattan,2024-10-16,7,green,0,
186,Manhattan,2024-10-16,7,hvfhv,147,26.93
186,Manhattan,2024-10-16,7,other_fhv,2,
186,Manhattan,2024-10-16,8,yellow,303,15.29
186,Manhattan,2024-10-16,8,green,0,
186,Manhattan,2024-10-16,8,hvfhv,223,31.78
186,Manhattan,2024-10-16,8,other_fhv,0,
186,Manhattan,2024-10-16,9,yellow,272,16.64
186,Manhattan,2024-10-16,9,green,0,
186,Manhattan,2024-10-16,9,hvfhv,267,30.42
186,Manhattan,2024-10-16,9,other_fhv,0,
186,Manhattan,2024-10-16,10,yellow,275,18.84
186,Manhattan,2024-10-16,10,green,0,
186,Manhattan,2024-10-16,10,hvfhv,201,37.55
186,Manhattan,2024-10-16,10,other_fhv,1,
186,Manhattan,2024-10-16,11,yellow,255,21.27
186,Manhattan,2024-10-16,11,green,0,
186,Manhattan,2024-10-16,11,hvfhv,172,32.4
186,Manhattan,2024-10-16,11,other_fhv,3,
186,Manhattan,2024-10-16,12,yellow,188,19.74
186,Manhattan,2024-10-16,12,green,0,
186,Manhattan,2024-10-16,12,hvfhv,148,39.07
186,Manhattan,2024-10-16,12,other_fhv,4,
186,Manhattan,2024-10-16,13,yellow,252,19.24
186,Manhattan,2024-10-16,13,green,0,
186,Manhattan,2024-10-16,13,hvfhv,187,36.69
186,Manhattan,2024-10-16,13,other_fhv,1,
186,Manhattan,2024-10-16,14,yellow,180,21.58
186,Manhattan,2024-10-16,14,green,0,
186,Manhattan,2024-10-16,14,hvfhv,166,41.09
186,Manhattan,2024-10-16,14,other_fhv,0,
186,Manhattan,2024-10-16,15,yellow,229,18.98
186,Manhattan,2024-10-16,15,green,0,
186,Manhattan,2024-10-16,15,hvfhv,164,37.94
186,Manhattan,2024-10-16,15,other_fhv,4,
186,Manhattan,2024-10-16,16,yellow,208,17.46
186,Manhattan,2024-10-16,16,green,0,
186,Manhattan,2024-10-16,16,hvfhv,174,38.74
186,Manhattan,2024-10-16,16,other_fhv,2,
186,Manhattan,2024-10-16,17,yellow,244,18.62
186,Manhattan,2024-10-16,17,green,0,
186,Manhattan,2024-10-16,17,hvfhv,204,31.17
186,Manhattan,2024-10-16,17,other_fhv,2,
186,Manhattan,2024-10-16,18,yellow,255,16.95
186,Manhattan,2024-10-16,18,green,0,
186,Manhattan,2024-10-16,18,hvfhv,223,33.25
186,Manhattan,2024-10-16,18,other_fhv,1,
186,Manhattan,2024-10-16,19,yellow,192,18.98
186,Manhattan,2024-10-16,19,green,0,
186,Manhattan,2024-10-16,19,hvfhv,222,35.37
186,Manhattan,2024-10-16,19,other_fhv,0,
186,Manhattan,2024-10-16,20,yellow,178,18.01
186,Manhattan,2024-10-16,20,green,0,
186,Manhattan,2024-10-16,20,hvfhv,189,36.64
186,Manhattan,2024-10-16,20,other_fhv,3,
186,Manhattan,2024-10-16,21,yellow,219,17.23
186,Manhattan,2024-10-16,21,green,0,
186,Manhattan,2024-10-16,21,hvfhv,202,41.14
186,Manhattan,2024-10-16,21,other_fhv,4,
186,Manhattan,2024-10-16,22,yellow,204,16.68
186,Manhattan,2024-10-16,22,green,0,
186,Manhattan,2024-10-16,22,hvfhv,402,52.6
186,Manhattan,2024-10-16,22,other_fhv,7,
186,Manhattan,2024-10-16,23,yellow,243,17.04
186,Manhattan,2024-10-16,23,green,0,
186,Manhattan,2024-10-16,23,hvfhv,322,43.39
186,Manhattan,2024-10-16,23,other_fhv,4,
187,Staten Island,2024-10-16,0,yellow,0,
187,Staten Island,2024-10-16,0,green,0,
187,Staten Island,2024-10-16,0,hvfhv,6,13.96
187,Staten Island,2024-10-16,0,other_fhv,0,
187,Staten Island,2024-10-16,1,yellow,0,
187,Staten Island,2024-10-16,1,green,0,
187,Staten Island,2024-10-16,1,hvfhv,4,17.89
187,Staten Island,2024-10-16,1,other_fhv,0,
187,Staten Island,2024-10-16,2,yellow,0,
187,Staten Island,2024-10-16,2,green,0,
187,Staten Island,2024-10-16,2,hvfhv,4,15.09
187,Staten Island,2024-10-16,2,other_fhv,0,
187,Staten Island,2024-10-16,3,yellow,0,
187,Staten Island,2024-10-16,3,green,0,
187,Staten Island,2024-10-16,3,hvfhv,6,26.39
187,Staten Island,2024-10-16,3,other_fhv,0,
187,Staten Island,2024-10-16,4,yellow,0,
187,Staten Island,2024-10-16,4,green,0,
187,Staten Island,2024-10-16,4,hvfhv,4,30.08
187,Staten Island,2024-10-16,4,other_fhv,0,
187,Staten Island,2024-10-16,5,yellow,0,
187,Staten Island,2024-10-16,5,green,0,
187,Staten Island,2024-10-16,5,hvfhv,10,24.48
187,Staten Island,2024-10-16,5,other_fhv,0,
187,Staten Island,2024-10-16,6,yellow,0,
187,Staten Island,2024-10-16,6,green,0,
187,Staten Island,2024-10-16,6,hvfhv,19,15.38
187,Staten Island,2024-10-16,6,other_fhv,0,
187,Staten Island,2024-10-16,7,yellow,0,
187,Staten Island,2024-10-16,7,green,0,
187,Staten Island,2024-10-16,7,hvfhv,36,19.1
187,Staten Island,2024-10-16,7,other_fhv,1,
187,Staten Island,2024-10-16,8,yellow,0,
187,Staten Island,2024-10-16,8,green,0,
187,Staten Island,2024-10-16,8,hvfhv,42,18.5
187,Staten Island,2024-10-16,8,other_fhv,2,
187,Staten Island,2024-10-16,9,yellow,0,
187,Staten Island,2024-10-16,9,green,0,
187,Staten Island,2024-10-16,9,hvfhv,31,19.72
187,Staten Island,2024-10-16,9,other_fhv,5,
187,Staten Island,2024-10-16,10,yellow,0,
187,Staten Island,2024-10-16,10,green,0,
187,Staten Island,2024-10-16,10,hvfhv,18,15.79
187,Staten Island,2024-10-16,10,other_fhv,2,
187,Staten Island,2024-10-16,11,yellow,0,
187,Staten Island,2024-10-16,11,green,0,
187,Staten Island,2024-10-16,11,hvfhv,28,20.63
187,Staten Island,2024-10-16,11,other_fhv,2,
187,Staten Island,2024-10-16,12,yellow,0,
187,Staten Island,2024-10-16,12,green,0,
187,Staten Island,2024-10-16,12,hvfhv,19,17.31
187,Staten Island,2024-10-16,12,other_fhv,1,
187,Staten Island,2024-10-16,13,yellow,0,
187,Staten Island,2024-10-16,13,green,0,
187,Staten Island,2024-10-16,13,hvfhv,23,17.89
187,Staten Island,2024-10-16,13,other_fhv,10,
187,Staten Island,2024-10-16,14,yellow,0,
187,Staten Island,2024-10-16,14,green,0,
187,Staten Island,2024-10-16,14,hvfhv,31,17.48
187,Staten Island,2024-10-16,14,other_fhv,4,
187,Staten Island,2024-10-16,15,yellow,0,
187,Staten Island,2024-10-16,15,green,0,
187,Staten Island,2024-10-16,15,hvfhv,26,21.02
187,Staten Island,2024-10-16,15,other_fhv,1,
187,Staten Island,2024-10-16,16,yellow,0,
187,Staten Island,2024-10-16,16,green,0,
187,Staten Island,2024-10-16,16,hvfhv,19,18.55
187,Staten Island,2024-10-16,16,other_fhv,1,
187,Staten Island,2024-10-16,17,yellow,0,
187,Staten Island,2024-10-16,17,green,0,
187,Staten Island,2024-10-16,17,hvfhv,19,18.11
187,Staten Island,2024-10-16,17,other_fhv,0,
187,Staten Island,2024-10-16,18,yellow,0,
187,Staten Island,2024-10-16,18,green,0,
187,Staten Island,2024-10-16,18,hvfhv,25,19.76
187,Staten Island,2024-10-16,18,other_fhv,1,
187,Staten Island,2024-10-16,19,yellow,0,
187,Staten Island,2024-10-16,19,green,0,
187,Staten Island,2024-10-16,19,hvfhv,23,23.2
187,Staten Island,2024-10-16,19,other_fhv,1,
187,Staten Island,2024-10-16,20,yellow,0,
187,Staten Island,2024-10-16,20,green,0,
187,Staten Island,2024-10-16,20,hvfhv,26,20.57
187,Staten Island,2024-10-16,20,other_fhv,2,
187,Staten Island,2024-10-16,21,yellow,0,
187,Staten Island,2024-10-16,21,green,0,
187,Staten Island,2024-10-16,21,hvfhv,13,20.46
187,Staten Island,2024-10-16,21,other_fhv,0,
187,Staten Island,2024-10-16,22,yellow,0,
187,Staten Island,2024-10-16,22,green,0,
187,Staten Island,2024-10-16,22,hvfhv,16,16.1
187,Staten Island,2024-10-16,22,other_fhv,0,
187,Staten Island,2024-10-16,23,yellow,0,
187,Staten Island,2024-10-16,23,green,0,
187,Staten Island,2024-10-16,23,hvfhv,11,10.03
187,Staten Island,2024-10-16,23,other_fhv,1,
188,Brooklyn,2024-10-16,0,yellow,0,
188,Brooklyn,2024-10-16,0,green,0,
188,Brooklyn,2024-10-16,0,hvfhv,113,15.16
188,Brooklyn,2024-10-16,0,other_fhv,1,
188,Brooklyn,2024-10-16,1,yellow,0,
188,Brooklyn,2024-10-16,1,green,0,
188,Brooklyn,2024-10-16,1,hvfhv,55,16.7
188,Brooklyn,2024-10-16,1,other_fhv,0,
188,Brooklyn,2024-10-16,2,yellow,0,
188,Brooklyn,2024-10-16,2,green,0,
188,Brooklyn,2024-10-16,2,hvfhv,40,19.6
188,Brooklyn,2024-10-16,2,other_fhv,0,
188,Brooklyn,2024-10-16,3,yellow,0,
188,Brooklyn,2024-10-16,3,green,0,
188,Brooklyn,2024-10-16,3,hvfhv,51,28.59
188,Brooklyn,2024-10-16,3,other_fhv,1,
188,Brooklyn,2024-10-16,4,yellow,0,
188,Brooklyn,2024-10-16,4,green,0,
188,Brooklyn,2024-10-16,4,hvfhv,60,28.44
188,Brooklyn,2024-10-16,4,other_fhv,2,
188,Brooklyn,2024-10-16,5,yellow,3,22.1
188,Brooklyn,2024-10-16,5,green,0,
188,Brooklyn,2024-10-16,5,hvfhv,77,33.59
188,Brooklyn,2024-10-16,5,other_fhv,1,
188,Brooklyn,2024-10-16,6,yellow,4,35.4
188,Brooklyn,2024-10-16,6,green,0,
188,Brooklyn,2024-10-16,6,hvfhv,140,37.68
188,Brooklyn,2024-10-16,6,other_fhv,2,
188,Brooklyn,2024-10-16,7,yellow,7,28.37
188,Brooklyn,2024-10-16,7,green,0,
188,Brooklyn,2024-10-16,7,hvfhv,240,29.6
188,Brooklyn,2024-10-16,7,other_fhv,5,
188,Brooklyn,2024-10-16,8,yellow,4,36.48
188,Brooklyn,2024-10-16,8,green,0,
188,Brooklyn,2024-10-16,8,hvfhv,318,22.22
188,Brooklyn,2024-10-16,8,other_fhv,6,
188,Brooklyn,2024-10-16,9,yellow,3,22.83
188,Brooklyn,2024-10-16,9,green,0,
188,Brooklyn,2024-10-16,9,hvfhv,255,22.06
188,Brooklyn,2024-10-16,9,other_fhv,4,
188,Brooklyn,2024-10-16,10,yellow,3,34.5
188,Brooklyn,2024-10-16,10,green,0,
188,Brooklyn,2024-10-16,10,hvfhv,203,20.92
188,Brooklyn,2024-10-16,10,other_fhv,8,
188,Brooklyn,2024-10-16,11,yellow,1,15.5
188,Brooklyn,2024-10-16,11,green,1,9.3
188,Brooklyn,2024-10-16,11,hvfhv,187,22.36
188,Brooklyn,2024-10-16,11,other_fhv,4,
188,Brooklyn,2024-10-16,12,yellow,3,21.49
188,Brooklyn,2024-10-16,12,green,0,
188,Brooklyn,2024-10-16,12,hvfhv,201,19.73
188,Brooklyn,2024-10-16,12,other_fhv,7,
188,Brooklyn,2024-10-16,13,yellow,2,28.41
188,Brooklyn,2024-10-16,13,green,0,
188,Brooklyn,2024-10-16,13,hvfhv,209,21.48
188,Brooklyn,2024-10-16,13,other_fhv,3,
188,Brooklyn,2024-10-16,14,yellow,5,25.18
188,Brooklyn,2024-10-16,14,green,0,
188,Brooklyn,2024-10-16,14,hvfhv,223,23.08
188,Brooklyn,2024-10-16,14,other_fhv,1,
188,Brooklyn,2024-10-16,15,yellow,1,58.5
188,Brooklyn,2024-10-16,15,green,0,
188,Brooklyn,2024-10-16,15,hvfhv,213,21.75
188,Brooklyn,2024-10-16,15,other_fhv,3,
188,Brooklyn,2024-10-16,16,yellow,1,22.5
188,Brooklyn,2024-10-16,16,green,0,
188,Brooklyn,2024-10-16,16,hvfhv,215,21.6
188,Brooklyn,2024-10-16,16,other_fhv,4,
188,Brooklyn,2024-10-16,17,yellow,2,32.5
188,Brooklyn,2024-10-16,17,green,0,
188,Brooklyn,2024-10-16,17,hvfhv,264,19.08
188,Brooklyn,2024-10-16,17,other_fhv,2,
188,Brooklyn,2024-10-16,18,yellow,1,26.78
188,Brooklyn,2024-10-16,18,green,0,
188,Brooklyn,2024-10-16,18,hvfhv,239,18.7
188,Brooklyn,2024-10-16,18,other_fhv,3,
188,Brooklyn,2024-10-16,19,yellow,1,7.9
188,Brooklyn,2024-10-16,19,green,0,
188,Brooklyn,2024-10-16,19,hvfhv,218,20.37
188,Brooklyn,2024-10-16,19,other_fhv,2,
188,Brooklyn,2024-10-16,20,yellow,2,29.06
188,Brooklyn,2024-10-16,20,green,0,
188,Brooklyn,2024-10-16,20,hvfhv,191,17.79
188,Brooklyn,2024-10-16,20,other_fhv,2,
188,Brooklyn,2024-10-16,21,yellow,0,
188,Brooklyn,2024-10-16,21,green,0,
188,Brooklyn,2024-10-16,21,hvfhv,187,15.64
188,Brooklyn,2024-10-16,21,other_fhv,3,
188,Brooklyn,2024-10-16,22,yellow,0,
188,Brooklyn,2024-10-16,22,green,0,
188,Brooklyn,2024-10-16,22,hvfhv,178,17.52
188,Brooklyn,2024-10-16,22,other_fhv,1,
188,Brooklyn,2024-10-16,23,yellow,2,12.1
188,Brooklyn,2024-10-16,23,green,0,
188,Brooklyn,2024-10-16,23,hvfhv,154,16.25
188,Brooklyn,2024-10-16,23,other_fhv,0,
189,Brooklyn,2024-10-16,0,yellow,0,
189,Brooklyn,2024-10-16,0,green,0,
189,Brooklyn,2024-10-16,0,hvfhv,53,19.3
189,Brooklyn,2024-10-16,0,other_fhv,0,
189,Brooklyn,2024-10-16,1,yellow,0,
189,Brooklyn,2024-10-16,1,green,0,
189,Brooklyn,2024-10-16,1,hvfhv,38,20.32
189,Brooklyn,2024-10-16,1,other_fhv,0,
189,Brooklyn,2024-10-16,2,yellow,0,
189,Brooklyn,2024-10-16,2,green,0,
189,Brooklyn,2024-10-16,2,hvfhv,12,19.31
189,Brooklyn,2024-10-16,2,other_fhv,0,
189,Brooklyn,2024-10-16,3,yellow,0,
189,Brooklyn,2024-10-16,3,green,0,
189,Brooklyn,2024-10-16,3,hvfhv,10,26.44
189,Brooklyn,2024-10-16,3,other_fhv,1,
189,Brooklyn,2024-10-16,4,yellow,0,
189,Brooklyn,2024-10-16,4,green,0,
189,Brooklyn,2024-10-16,4,hvfhv,26,45.75
189,Brooklyn,2024-10-16,4,other_fhv,1,
189,Brooklyn,2024-10-16,5,yellow,1,35.76
189,Brooklyn,2024-10-16,5,green,0,
189,Brooklyn,2024-10-16,5,hvfhv,59,50.76
189,Brooklyn,2024-10-16,5,other_fhv,1,
189,Brooklyn,2024-10-16,6,yellow,1,18.5
189,Brooklyn,2024-10-16,6,green,0,
189,Brooklyn,2024-10-16,6,hvfhv,58,54.0
189,Brooklyn,2024-10-16,6,other_fhv,1,
189,Brooklyn,2024-10-16,7,yellow,3,34.03
189,Brooklyn,2024-10-16,7,green,0,
189,Brooklyn,2024-10-16,7,hvfhv,66,39.11
189,Brooklyn,2024-10-16,7,other_fhv,3,
189,Brooklyn,2024-10-16,8,yellow,2,29.5
189,Brooklyn,2024-10-16,8,green,0,
189,Brooklyn,2024-10-16,8,hvfhv,111,36.39
189,Brooklyn,2024-10-16,8,other_fhv,2,
189,Brooklyn,2024-10-16,9,yellow,3,27.83
189,Brooklyn,2024-10-16,9,green,0,
189,Brooklyn,2024-10-16,9,hvfhv,92,27.15
189,Brooklyn,2024-10-16,9,other_fhv,1,
189,Brooklyn,2024-10-16,10,yellow,1,40.5
189,Brooklyn,2024-10-16,10,green,0,
189,Brooklyn,2024-10-16,10,hvfhv,75,25.01
189,Brooklyn,2024-10-16,10,other_fhv,1,
189,Brooklyn,2024-10-16,11,yellow,0,
189,Brooklyn,2024-10-16,11,green,0,
189,Brooklyn,2024-10-16,11,hvfhv,61,25.36
189,Brooklyn,2024-10-16,11,other_fhv,0,
189,Brooklyn,2024-10-16,12,yellow,1,16.5
189,Brooklyn,2024-10-16,12,green,0,
189,Brooklyn,2024-10-16,12,hvfhv,58,30.41
189,Brooklyn,2024-10-16,12,other_fhv,2,
189,Brooklyn,2024-10-16,13,yellow,0,
189,Brooklyn,2024-10-16,13,green,0,
189,Brooklyn,2024-10-16,13,hvfhv,67,29.03
189,Brooklyn,2024-10-16,13,other_fhv,1,
189,Brooklyn,2024-10-16,14,yellow,0,
189,Brooklyn,2024-10-16,14,green,0,
189,Brooklyn,2024-10-16,14,hvfhv,72,27.01
189,Brooklyn,2024-10-16,14,other_fhv,1,
189,Brooklyn,2024-10-16,15,yellow,0,
189,Brooklyn,2024-10-16,15,green,0,
189,Brooklyn,2024-10-16,15,hvfhv,62,27.9
189,Brooklyn,2024-10-16,15,other_fhv,1,
189,Brooklyn,2024-10-16,16,yellow,2,19.85
189,Brooklyn,2024-10-16,16,green,0,
189,Brooklyn,2024-10-16,16,hvfhv,90,28.12
189,Brooklyn,2024-10-16,16,other_fhv,1,
189,Brooklyn,2024-10-16,17,yellow,1,14.9
189,Brooklyn,2024-10-16,17,green,0,
189,Brooklyn,2024-10-16,17,hvfhv,108,26.38
189,Brooklyn,2024-10-16,17,other_fhv,0,
189,Brooklyn,2024-10-16,18,yellow,1,20.5
189,Brooklyn,2024-10-16,18,green,0,
189,Brooklyn,2024-10-16,18,hvfhv,129,21.77
189,Brooklyn,2024-10-16,18,other_fhv,1,
189,Brooklyn,2024-10-16,19,yellow,2,12.5
189,Brooklyn,2024-10-16,19,green,0,
189,Brooklyn,2024-10-16,19,hvfhv,137,20.97
189,Brooklyn,2024-10-16,19,other_fhv,2,
189,Brooklyn,2024-10-16,20,yellow,1,17.7
189,Brooklyn,2024-10-16,20,green,0,
189,Brooklyn,2024-10-16,20,hvfhv,135,18.0
189,Brooklyn,2024-10-16,20,other_fhv,5,
189,Brooklyn,2024-10-16,21,yellow,1,18.67
189,Brooklyn,2024-10-16,21,green,0,
189,Brooklyn,2024-10-16,21,hvfhv,131,20.92
189,Brooklyn,2024-10-16,21,other_fhv,5,
189,Brooklyn,2024-10-16,22,yellow,2,0.0
189,Brooklyn,2024-10-16,22,green,0,
189,Brooklyn,2024-10-16,22,hvfhv,140,17.66
189,Brooklyn,2024-10-16,22,other_fhv,1,
189,Brooklyn,2024-10-16,23,yellow,1,20.5
189,Brooklyn,2024-10-16,23,green,0,
189,Brooklyn,2024-10-16,23,hvfhv,91,17.91
189,Brooklyn,2024-10-16,23,other_fhv,0,
190,Brooklyn,2024-10-16,0,yellow,1,14.9
190,Brooklyn,2024-10-16,0,green,0,
190,Brooklyn,2024-10-16,0,hvfhv,6,26.86
190,Brooklyn,2024-10-16,0,other_fhv,0,
190,Brooklyn,2024-10-16,1,yellow,0,
190,Brooklyn,2024-10-16,1,green,0,
190,Brooklyn,2024-10-16,1,hvfhv,3,13.89
190,Brooklyn,2024-10-16,1,other_fhv,0,
190,Brooklyn,2024-10-16,2,yellow,0,
190,Brooklyn,2024-10-16,2,green,0,
190,Brooklyn,2024-10-16,2,hvfhv,4,28.5
190,Brooklyn,2024-10-16,2,other_fhv,0,
190,Brooklyn,2024-10-16,3,yellow,0,
190,Brooklyn,2024-10-16,3,green,0,
190,Brooklyn,2024-10-16,3,hvfhv,2,42.38
190,Brooklyn,2024-10-16,3,other_fhv,0,
190,Brooklyn,2024-10-16,4,yellow,0,
190,Brooklyn,2024-10-16,4,green,0,
190,Brooklyn,2024-10-16,4,hvfhv,0,
190,Brooklyn,2024-10-16,4,other_fhv,0,
190,Brooklyn,2024-10-16,5,yellow,0,
190,Brooklyn,2024-10-16,5,green,0,
190,Brooklyn,2024-10-16,5,hvfhv,2,26.08
190,Brooklyn,2024-10-16,5,other_fhv,0,
190,Brooklyn,2024-10-16,6,yellow,0,
190,Brooklyn,2024-10-16,6,green,0,
190,Brooklyn,2024-10-16,6,hvfhv,1,53.86
190,Brooklyn,2024-10-16,6,other_fhv,0,
190,Brooklyn,2024-10-16,7,yellow,1,33.53
190,Brooklyn,2024-10-16,7,green,0,
190,Brooklyn,2024-10-16,7,hvfhv,5,36.19
190,Brooklyn,2024-10-16,7,other_fhv,1,
190,Brooklyn,2024-10-16,8,yellow,0,
190,Brooklyn,2024-10-16,8,green,0,
190,Brooklyn,2024-10-16,8,hvfhv,12,26.04
190,Brooklyn,2024-10-16,8,other_fhv,0,
190,Brooklyn,2024-10-16,9,yellow,0,
190,Brooklyn,2024-10-16,9,green,0,
190,Brooklyn,2024-10-16,9,hvfhv,5,27.24
190,Brooklyn,2024-10-16,9,other_fhv,0,
190,Brooklyn,2024-10-16,10,yellow,0,
190,Brooklyn,2024-10-16,10,green,0,
190,Brooklyn,2024-10-16,10,hvfhv,11,29.31
190,Brooklyn,2024-10-16,10,other_fhv,0,
190,Brooklyn,2024-10-16,11,yellow,0,
190,Brooklyn,2024-10-16,11,green,0,
190,Brooklyn,2024-10-16,11,hvfhv,18,28.56
190,Brooklyn,2024-10-16,11,other_fhv,0,
190,Brooklyn,2024-10-16,12,yellow,0,
190,Brooklyn,2024-10-16,12,green,1,29.5
190,Brooklyn,2024-10-16,12,hvfhv,11,23.74
190,Brooklyn,2024-10-16,12,other_fhv,0,
190,Brooklyn,2024-10-16,13,yellow,0,
190,Brooklyn,2024-10-16,13,green,0,
190,Brooklyn,2024-10-16,13,hvfhv,11,28.44
190,Brooklyn,2024-10-16,13,other_fhv,0,
190,Brooklyn,2024-10-16,14,yellow,1,31.7
190,Brooklyn,2024-10-16,14,green,0,
190,Brooklyn,2024-10-16,14,hvfhv,22,18.98
190,Brooklyn,2024-10-16,14,other_fhv,0,
190,Brooklyn,2024-10-16,15,yellow,0,
190,Brooklyn,2024-10-16,15,green,0,
190,Brooklyn,2024-10-16,15,hvfhv,16,17.42
190,Brooklyn,2024-10-16,15,other_fhv,1,
190,Brooklyn,2024-10-16,16,yellow,0,
190,Brooklyn,2024-10-16,16,green,0,
190,Brooklyn,2024-10-16,16,hvfhv,18,32.12
190,Brooklyn,2024-10-16,16,other_fhv,0,
190,Brooklyn,2024-10-16,17,yellow,0,
190,Brooklyn,2024-10-16,17,green,0,
190,Brooklyn,2024-10-16,17,hvfhv,16,23.56
190,Brooklyn,2024-10-16,17,other_fhv,0,
190,Brooklyn,2024-10-16,18,yellow,0,
190,Brooklyn,2024-10-16,18,green,0,
190,Brooklyn,2024-10-16,18,hvfhv,17,21.58
190,Brooklyn,2024-10-16,18,other_fhv,0,
190,Brooklyn,2024-10-16,19,yellow,0,
190,Brooklyn,2024-10-16,19,green,0,
190,Brooklyn,2024-10-16,19,hvfhv,17,23.05
190,Brooklyn,2024-10-16,19,other_fhv,1,
190,Brooklyn,2024-10-16,20,yellow,0,
190,Brooklyn,2024-10-16,20,green,0,
190,Brooklyn,2024-10-16,20,hvfhv,5,24.59
190,Brooklyn,2024-10-16,20,other_fhv,0,
190,Brooklyn,2024-10-16,21,yellow,0,
190,Brooklyn,2024-10-16,21,green,0,
190,Brooklyn,2024-10-16,21,hvfhv,9,17.54
190,Brooklyn,2024-10-16,21,other_fhv,1,
190,Brooklyn,2024-10-16,22,yellow,0,
190,Brooklyn,2024-10-16,22,green,0,
190,Brooklyn,2024-10-16,22,hvfhv,12,16.43
190,Brooklyn,2024-10-16,22,other_fhv,1,
190,Brooklyn,2024-10-16,23,yellow,0,
190,Brooklyn,2024-10-16,23,green,0,
190,Brooklyn,2024-10-16,23,hvfhv,10,17.46
190,Brooklyn,2024-10-16,23,other_fhv,0,
191,Queens,2024-10-16,0,yellow,0,
191,Queens,2024-10-16,0,green,0,
191,Queens,2024-10-16,0,hvfhv,25,16.58
191,Queens,2024-10-16,0,other_fhv,0,
191,Queens,2024-10-16,1,yellow,0,
191,Queens,2024-10-16,1,green,0,
191,Queens,2024-10-16,1,hvfhv,24,17.74
191,Queens,2024-10-16,1,other_fhv,0,
191,Queens,2024-10-16,2,yellow,1,36.4
191,Queens,2024-10-16,2,green,0,
191,Queens,2024-10-16,2,hvfhv,16,19.6
191,Queens,2024-10-16,2,other_fhv,0,
191,Queens,2024-10-16,3,yellow,0,
191,Queens,2024-10-16,3,green,0,
191,Queens,2024-10-16,3,hvfhv,24,23.92
191,Queens,2024-10-16,3,other_fhv,0,
191,Queens,2024-10-16,4,yellow,0,
191,Queens,2024-10-16,4,green,0,
191,Queens,2024-10-16,4,hvfhv,21,28.73
191,Queens,2024-10-16,4,other_fhv,0,
191,Queens,2024-10-16,5,yellow,2,23.98
191,Queens,2024-10-16,5,green,0,
191,Queens,2024-10-16,5,hvfhv,50,27.22
191,Queens,2024-10-16,5,other_fhv,1,
191,Queens,2024-10-16,6,yellow,0,
191,Queens,2024-10-16,6,green,0,
191,Queens,2024-10-16,6,hvfhv,101,28.41
191,Queens,2024-10-16,6,other_fhv,0,
191,Queens,2024-10-16,7,yellow,0,
191,Queens,2024-10-16,7,green,0,
191,Queens,2024-10-16,7,hvfhv,168,24.12
191,Queens,2024-10-16,7,other_fhv,0,
191,Queens,2024-10-16,8,yellow,0,
191,Queens,2024-10-16,8,green,0,
191,Queens,2024-10-16,8,hvfhv,208,20.05
191,Queens,2024-10-16,8,other_fhv,3,
191,Queens,2024-10-16,9,yellow,0,
191,Queens,2024-10-16,9,green,0,
191,Queens,2024-10-16,9,hvfhv,116,23.01
191,Queens,2024-10-16,9,other_fhv,4,
191,Queens,2024-10-16,10,yellow,2,29.59
191,Queens,2024-10-16,10,green,0,
191,Queens,2024-10-16,10,hvfhv,98,25.03
191,Queens,2024-10-16,10,other_fhv,2,
191,Queens,2024-10-16,11,yellow,1,46.5
191,Queens,2024-10-16,11,green,0,
191,Queens,2024-10-16,11,hvfhv,77,23.04
191,Queens,2024-10-16,11,other_fhv,1,
191,Queens,2024-10-16,12,yellow,0,
191,Queens,2024-10-16,12,green,0,
191,Queens,2024-10-16,12,hvfhv,68,22.86
191,Queens,2024-10-16,12,other_fhv,2,
191,Queens,2024-10-16,13,yellow,0,
191,Queens,2024-10-16,13,green,0,
191,Queens,2024-10-16,13,hvfhv,76,21.87
191,Queens,2024-10-16,13,other_fhv,2,
191,Queens,2024-10-16,14,yellow,1,43.5
191,Queens,2024-10-16,14,green,0,
191,Queens,2024-10-16,14,hvfhv,114,21.63
191,Queens,2024-10-16,14,other_fhv,0,
191,Queens,2024-10-16,15,yellow,1,37.5
191,Queens,2024-10-16,15,green,0,
191,Queens,2024-10-16,15,hvfhv,84,20.17
191,Queens,2024-10-16,15,other_fhv,1,
191,Queens,2024-10-16,16,yellow,0,
191,Queens,2024-10-16,16,green,0,
191,Queens,2024-10-16,16,hvfhv,108,19.45
191,Queens,2024-10-16,16,other_fhv,0,
191,Queens,2024-10-16,17,yellow,0,
191,Queens,2024-10-16,17,green,0,
191,Queens,2024-10-16,17,hvfhv,102,18.42
191,Queens,2024-10-16,17,other_fhv,1,
191,Queens,2024-10-16,18,yellow,0,
191,Queens,2024-10-16,18,green,0,
191,Queens,2024-10-16,18,hvfhv,85,17.91
191,Queens,2024-10-16,18,other_fhv,0,
191,Queens,2024-10-16,19,yellow,0,
191,Queens,2024-10-16,19,green,0,
191,Queens,2024-10-16,19,hvfhv,94,19.17
191,Queens,2024-10-16,19,other_fhv,0,
191,Queens,2024-10-16,20,yellow,0,
191,Queens,2024-10-16,20,green,0,
191,Queens,2024-10-16,20,hvfhv,58,17.04
191,Queens,2024-10-16,20,other_fhv,1,
191,Queens,2024-10-16,21,yellow,0,
191,Queens,2024-10-16,21,green,0,
191,Queens,2024-10-16,21,hvfhv,51,21.79
191,Queens,2024-10-16,21,other_fhv,0,
191,Queens,2024-10-16,22,yellow,2,19.13
191,Queens,2024-10-16,22,green,0,
191,Queens,2024-10-16,22,hvfhv,54,21.62
191,Queens,2024-10-16,22,other_fhv,2,
191,Queens,2024-10-16,23,yellow,0,
191,Queens,2024-10-16,23,green,0,
191,Queens,2024-10-16,23,hvfhv,49,21.93
191,Queens,2024-10-16,23,other_fhv,0,
192,Queens,2024-10-16,0,yellow,0,
192,Queens,2024-10-16,0,green,0,
192,Queens,2024-10-16,0,hvfhv,9,15.86
192,Queens,2024-10-16,0,other_fhv,0,
192,Queens,2024-10-16,1,yellow,0,
192,Queens,2024-10-16,1,green,0,
192,Queens,2024-10-16,1,hvfhv,8,17.11
192,Queens,2024-10-16,1,other_fhv,0,
192,Queens,2024-10-16,2,yellow,0,
192,Queens,2024-10-16,2,green,0,
192,Queens,2024-10-16,2,hvfhv,5,14.88
192,Queens,2024-10-16,2,other_fhv,0,
192,Queens,2024-10-16,3,yellow,0,
192,Queens,2024-10-16,3,green,0,
192,Queens,2024-10-16,3,hvfhv,14,18.73
192,Queens,2024-10-16,3,other_fhv,0,
192,Queens,2024-10-16,4,yellow,0,
192,Queens,2024-10-16,4,green,0,
192,Queens,2024-10-16,4,hvfhv,8,21.03
192,Queens,2024-10-16,4,other_fhv,0,
192,Queens,2024-10-16,5,yellow,0,
192,Queens,2024-10-16,5,green,0,
192,Queens,2024-10-16,5,hvfhv,23,17.94
192,Queens,2024-10-16,5,other_fhv,0,
192,Queens,2024-10-16,6,yellow,0,
192,Queens,2024-10-16,6,green,0,
192,Queens,2024-10-16,6,hvfhv,38,24.08
192,Queens,2024-10-16,6,other_fhv,0,
192,Queens,2024-10-16,7,yellow,0,
192,Queens,2024-10-16,7,green,0,
192,Queens,2024-10-16,7,hvfhv,61,23.48
192,Queens,2024-10-16,7,other_fhv,0,
192,Queens,2024-10-16,8,yellow,0,
192,Queens,2024-10-16,8,green,0,
192,Queens,2024-10-16,8,hvfhv,63,21.54
192,Queens,2024-10-16,8,other_fhv,1,
192,Queens,2024-10-16,9,yellow,0,
192,Queens,2024-10-16,9,green,0,
192,Queens,2024-10-16,9,hvfhv,61,23.82
192,Queens,2024-10-16,9,other_fhv,1,
192,Queens,2024-10-16,10,yellow,0,
192,Queens,2024-10-16,10,green,0,
192,Queens,2024-10-16,10,hvfhv,47,21.16
192,Queens,2024-10-16,10,other_fhv,2,
192,Queens,2024-10-16,11,yellow,0,
192,Queens,2024-10-16,11,green,0,
192,Queens,2024-10-16,11,hvfhv,47,23.94
192,Queens,2024-10-16,11,other_fhv,1,
192,Queens,2024-10-16,12,yellow,0,
192,Queens,2024-10-16,12,green,0,
192,Queens,2024-10-16,12,hvfhv,51,21.29
192,Queens,2024-10-16,12,other_fhv,0,
192,Queens,2024-10-16,13,yellow,0,
192,Queens,2024-10-16,13,green,0,
192,Queens,2024-10-16,13,hvfhv,36,25.94
192,Queens,2024-10-16,13,other_fhv,0,
192,Queens,2024-10-16,14,yellow,0,
192,Queens,2024-10-16,14,green,0,
192,Queens,2024-10-16,14,hvfhv,43,25.22
192,Queens,2024-10-16,14,other_fhv,2,
192,Queens,2024-10-16,15,yellow,0,
192,Queens,2024-10-16,15,green,0,
192,Queens,2024-10-16,15,hvfhv,39,21.5
192,Queens,2024-10-16,15,other_fhv,0,
192,Queens,2024-10-16,16,yellow,0,
192,Queens,2024-10-16,16,green,0,
192,Queens,2024-10-16,16,hvfhv,49,22.32
192,Queens,2024-10-16,16,other_fhv,0,
192,Queens,2024-10-16,17,yellow,0,
192,Queens,2024-10-16,17,green,0,
192,Queens,2024-10-16,17,hvfhv,39,23.03
192,Queens,2024-10-16,17,other_fhv,1,
192,Queens,2024-10-16,18,yellow,0,
192,Queens,2024-10-16,18,green,0,
192,Queens,2024-10-16,18,hvfhv,46,19.85
192,Queens,2024-10-16,18,other_fhv,1,
192,Queens,2024-10-16,19,yellow,0,
192,Queens,2024-10-16,19,green,0,
192,Queens,2024-10-16,19,hvfhv,36,23.68
192,Queens,2024-10-16,19,other_fhv,0,
192,Queens,2024-10-16,20,yellow,0,
192,Queens,2024-10-16,20,green,0,
192,Queens,2024-10-16,20,hvfhv,28,19.44
192,Queens,2024-10-16,20,other_fhv,1,
192,Queens,2024-10-16,21,yellow,0,
192,Queens,2024-10-16,21,green,0,
192,Queens,2024-10-16,21,hvfhv,37,17.35
192,Queens,2024-10-16,21,other_fhv,1,
192,Queens,2024-10-16,22,yellow,0,
192,Queens,2024-10-16,22,green,0,
192,Queens,2024-10-16,22,hvfhv,27,16.81
192,Queens,2024-10-16,22,other_fhv,0,
192,Queens,2024-10-16,23,yellow,2,43.48
192,Queens,2024-10-16,23,green,0,
192,Queens,2024-10-16,23,hvfhv,25,18.95
192,Queens,2024-10-16,23,other_fhv,0,
193,Queens,2024-10-16,0,yellow,0,
193,Queens,2024-10-16,0,green,1,23.3
193,Queens,2024-10-16,0,hvfhv,26,21.78
193,Queens,2024-10-16,0,other_fhv,0,
193,Queens,2024-10-16,1,yellow,0,
193,Queens,2024-10-16,1,green,0,
193,Queens,2024-10-16,1,hvfhv,11,19.62
193,Queens,2024-10-16,1,other_fhv,0,
193,Queens,2024-10-16,2,yellow,0,
193,Queens,2024-10-16,2,green,0,
193,Queens,2024-10-16,2,hvfhv,2,38.35
193,Queens,2024-10-16,2,other_fhv,0,
193,Queens,2024-10-16,3,yellow,1,5.1
193,Queens,2024-10-16,3,green,0,
193,Queens,2024-10-16,3,hvfhv,5,19.87
193,Queens,2024-10-16,3,other_fhv,0,
193,Queens,2024-10-16,4,yellow,0,
193,Queens,2024-10-16,4,green,0,
193,Queens,2024-10-16,4,hvfhv,24,24.0
193,Queens,2024-10-16,4,other_fhv,0,
193,Queens,2024-10-16,5,yellow,0,
193,Queens,2024-10-16,5,green,0,
193,Queens,2024-10-16,5,hvfhv,25,23.57
193,Queens,2024-10-16,5,other_fhv,0,
193,Queens,2024-10-16,6,yellow,1,37.5
193,Queens,2024-10-16,6,green,0,
193,Queens,2024-10-16,6,hvfhv,48,20.8
193,Queens,2024-10-16,6,other_fhv,1,
193,Queens,2024-10-16,7,yellow,1,4.4
193,Queens,2024-10-16,7,green,0,
193,Queens,2024-10-16,7,hvfhv,72,24.95
193,Queens,2024-10-16,7,other_fhv,0,
193,Queens,2024-10-16,8,yellow,3,1.23
193,Queens,2024-10-16,8,green,0,
193,Queens,2024-10-16,8,hvfhv,89,20.21
193,Queens,2024-10-16,8,other_fhv,1,
193,Queens,2024-10-16,9,yellow,7,4.93
193,Queens,2024-10-16,9,green,0,
193,Queens,2024-10-16,9,hvfhv,56,30.8
193,Queens,2024-10-16,9,other_fhv,4,
193,Queens,2024-10-16,10,yellow,4,1.5
193,Queens,2024-10-16,10,green,0,
193,Queens,2024-10-16,10,hvfhv,52,25.84
193,Queens,2024-10-16,10,other_fhv,0,
193,Queens,2024-10-16,11,yellow,8,0.75
193,Queens,2024-10-16,11,green,0,
193,Queens,2024-10-16,11,hvfhv,55,26.47
193,Queens,2024-10-16,11,other_fhv,2,
193,Queens,2024-10-16,12,yellow,1,36.5
193,Queens,2024-10-16,12,green,0,
193,Queens,2024-10-16,12,hvfhv,44,23.31
193,Queens,2024-10-16,12,other_fhv,1,
193,Queens,2024-10-16,13,yellow,2,0.0
193,Queens,2024-10-16,13,green,0,
193,Queens,2024-10-16,13,hvfhv,48,26.76
193,Queens,2024-10-16,13,other_fhv,2,
193,Queens,2024-10-16,14,yellow,3,88.14
193,Queens,2024-10-16,14,green,0,
193,Queens,2024-10-16,14,hvfhv,46,22.91
193,Queens,2024-10-16,14,other_fhv,2,
193,Queens,2024-10-16,15,yellow,1,3.0
193,Queens,2024-10-16,15,green,3,4.73
193,Queens,2024-10-16,15,hvfhv,42,24.35
193,Queens,2024-10-16,15,other_fhv,4,
193,Queens,2024-10-16,16,yellow,5,8.59
193,Queens,2024-10-16,16,green,3,10.32
193,Queens,2024-10-16,16,hvfhv,46,23.05
193,Queens,2024-10-16,16,other_fhv,0,
193,Queens,2024-10-16,17,yellow,3,3.67
193,Queens,2024-10-16,17,green,4,18.94
193,Queens,2024-10-16,17,hvfhv,60,24.7
193,Queens,2024-10-16,17,other_fhv,0,
193,Queens,2024-10-16,18,yellow,6,14.26
193,Queens,2024-10-16,18,green,4,18.81
193,Queens,2024-10-16,18,hvfhv,74,21.67
193,Queens,2024-10-16,18,other_fhv,2,
193,Queens,2024-10-16,19,yellow,2,15.9
193,Queens,2024-10-16,19,green,0,
193,Queens,2024-10-16,19,hvfhv,48,17.22
193,Queens,2024-10-16,19,other_fhv,0,
193,Queens,2024-10-16,20,yellow,2,0.0
193,Queens,2024-10-16,20,green,5,16.5
193,Queens,2024-10-16,20,hvfhv,49,18.32
193,Queens,2024-10-16,20,other_fhv,0,
193,Queens,2024-10-16,21,yellow,2,0.0
193,Queens,2024-10-16,21,green,0,
193,Queens,2024-10-16,21,hvfhv,33,17.67
193,Queens,2024-10-16,21,other_fhv,2,
193,Queens,2024-10-16,22,yellow,1,39.08
193,Queens,2024-10-16,22,green,0,
193,Queens,2024-10-16,22,hvfhv,26,21.93
193,Queens,2024-10-16,22,other_fhv,1,
193,Queens,2024-10-16,23,yellow,2,21.5
193,Queens,2024-10-16,23,green,0,
193,Queens,2024-10-16,23,hvfhv,33,19.42
193,Queens,2024-10-16,23,other_fhv,1,
194,Manhattan,2024-10-16,0,yellow,0,
194,Manhattan,2024-10-16,0,green,0,
194,Manhattan,2024-10-16,0,hvfhv,1,22.21
194,Manhattan,2024-10-16,0,other_fhv,0,
194,Manhattan,2024-10-16,1,yellow,0,
194,Manhattan,2024-10-16,1,green,0,
194,Manhattan,2024-10-16,1,hvfhv,1,26.02
194,Manhattan,2024-10-16,1,other_fhv,0,
194,Manhattan,2024-10-16,2,yellow,0,
194,Manhattan,2024-10-16,2,green,0,
194,Manhattan,2024-10-16,2,hvfhv,0,
194,Manhattan,2024-10-16,2,other_fhv,0,
194,Manhattan,2024-10-16,3,yellow,0,
194,Manhattan,2024-10-16,3,green,0,
194,Manhattan,2024-10-16,3,hvfhv,0,
194,Manhattan,2024-10-16,3,other_fhv,0,
194,Manhattan,2024-10-16,4,yellow,0,
194,Manhattan,2024-10-16,4,green,0,
194,Manhattan,2024-10-16,4,hvfhv,0,
194,Manhattan,2024-10-16,4,other_fhv,0,
194,Manhattan,2024-10-16,5,yellow,0,
194,Manhattan,2024-10-16,5,green,0,
194,Manhattan,2024-10-16,5,hvfhv,0,
194,Manhattan,2024-10-16,5,other_fhv,0,
194,Manhattan,2024-10-16,6,yellow,0,
194,Manhattan,2024-10-16,6,green,0,
194,Manhattan,2024-10-16,6,hvfhv,2,20.27
194,Manhattan,2024-10-16,6,other_fhv,0,
194,Manhattan,2024-10-16,7,yellow,0,
194,Manhattan,2024-10-16,7,green,0,
194,Manhattan,2024-10-16,7,hvfhv,1,14.61
194,Manhattan,2024-10-16,7,other_fhv,0,
194,Manhattan,2024-10-16,8,yellow,0,
194,Manhattan,2024-10-16,8,green,0,
194,Manhattan,2024-10-16,8,hvfhv,4,53.87
194,Manhattan,2024-10-16,8,other_fhv,0,
194,Manhattan,2024-10-16,9,yellow,1,56.56
194,Manhattan,2024-10-16,9,green,0,
194,Manhattan,2024-10-16,9,hvfhv,3,46.68
194,Manhattan,2024-10-16,9,other_fhv,0,
194,Manhattan,2024-10-16,10,yellow,0,
194,Manhattan,2024-10-16,10,green,0,
194,Manhattan,2024-10-16,10,hvfhv,2,33.56
194,Manhattan,2024-10-16,10,other_fhv,0,
194,Manhattan,2024-10-16,11,yellow,0,
194,Manhattan,2024-10-16,11,green,0,
194,Manhattan,2024-10-16,11,hvfhv,4,29.29
194,Manhattan,2024-10-16,11,other_fhv,0,
194,Manhattan,2024-10-16,12,yellow,0,
194,Manhattan,2024-10-16,12,green,0,
194,Manhattan,2024-10-16,12,hvfhv,3,37.39
194,Manhattan,2024-10-16,12,other_fhv,0,
194,Manhattan,2024-10-16,13,yellow,0,
194,Manhattan,2024-10-16,13,green,0,
194,Manhattan,2024-10-16,13,hvfhv,5,47.25
194,Manhattan,2024-10-16,13,other_fhv,0,
194,Manhattan,2024-10-16,14,yellow,0,
194,Manhattan,2024-10-16,14,green,0,
194,Manhattan,2024-10-16,14,hvfhv,7,51.71
194,Manhattan,2024-10-16,14,other_fhv,0,
194,Manhattan,2024-10-16,15,yellow,0,
194,Manhattan,2024-10-16,15,green,0,
194,Manhattan,2024-10-16,15,hvfhv,9,42.74
194,Manhattan,2024-10-16,15,other_fhv,0,
194,Manhattan,2024-10-16,16,yellow,1,70.0
194,Manhattan,2024-10-16,16,green,0,
194,Manhattan,2024-10-16,16,hvfhv,8,33.51
194,Manhattan,2024-10-16,16,other_fhv,0,
194,Manhattan,2024-10-16,17,yellow,0,
194,Manhattan,2024-10-16,17,green,0,
194,Manhattan,2024-10-16,17,hvfhv,11,38.35
194,Manhattan,2024-10-16,17,other_fhv,0,
194,Manhattan,2024-10-16,18,yellow,0,
194,Manhattan,2024-10-16,18,green,0,
194,Manhattan,2024-10-16,18,hvfhv,21,32.44
194,Manhattan,2024-10-16,18,other_fhv,0,
194,Manhattan,2024-10-16,19,yellow,0,
194,Manhattan,2024-10-16,19,green,0,
194,Manhattan,2024-10-16,19,hvfhv,13,37.09
194,Manhattan,2024-10-16,19,other_fhv,0,
194,Manhattan,2024-10-16,20,yellow,2,18.92
194,Manhattan,2024-10-16,20,green,0,
194,Manhattan,2024-10-16,20,hvfhv,11,35.28
194,Manhattan,2024-10-16,20,other_fhv,1,
194,Manhattan,2024-10-16,21,yellow,0,
194,Manhattan,2024-10-16,21,green,0,
194,Manhattan,2024-10-16,21,hvfhv,15,34.16
194,Manhattan,2024-10-16,21,other_fhv,0,
194,Manhattan,2024-10-16,22,yellow,0,
194,Manhattan,2024-10-16,22,green,0,
194,Manhattan,2024-10-16,22,hvfhv,13,27.71
194,Manhattan,2024-10-16,22,other_fhv,0,
194,Manhattan,2024-10-16,23,yellow,0,
194,Manhattan,2024-10-16,23,green,0,
194,Manhattan,2024-10-16,23,hvfhv,6,17.24
194,Manhattan,2024-10-16,23,other_fhv,0,
195,Brooklyn,2024-10-16,0,yellow,0,
195,Brooklyn,2024-10-16,0,green,0,
195,Brooklyn,2024-10-16,0,hvfhv,23,21.83
195,Brooklyn,2024-10-16,0,other_fhv,0,
195,Brooklyn,2024-10-16,1,yellow,0,
195,Brooklyn,2024-10-16,1,green,0,
195,Brooklyn,2024-10-16,1,hvfhv,11,21.8
195,Brooklyn,2024-10-16,1,other_fhv,1,
195,Brooklyn,2024-10-16,2,yellow,0,
195,Brooklyn,2024-10-16,2,green,0,
195,Brooklyn,2024-10-16,2,hvfhv,8,13.96
195,Brooklyn,2024-10-16,2,other_fhv,0,
195,Brooklyn,2024-10-16,3,yellow,0,
195,Brooklyn,2024-10-16,3,green,0,
195,Brooklyn,2024-10-16,3,hvfhv,6,20.32
195,Brooklyn,2024-10-16,3,other_fhv,0,
195,Brooklyn,2024-10-16,4,yellow,0,
195,Brooklyn,2024-10-16,4,green,0,
195,Brooklyn,2024-10-16,4,hvfhv,13,26.05
195,Brooklyn,2024-10-16,4,other_fhv,1,
195,Brooklyn,2024-10-16,5,yellow,0,
195,Brooklyn,2024-10-16,5,green,0,
195,Brooklyn,2024-10-16,5,hvfhv,16,25.59
195,Brooklyn,2024-10-16,5,other_fhv,1,
195,Brooklyn,2024-10-16,6,yellow,0,
195,Brooklyn,2024-10-16,6,green,0,
195,Brooklyn,2024-10-16,6,hvfhv,30,25.67
195,Brooklyn,2024-10-16,6,other_fhv,1,
195,Brooklyn,2024-10-16,7,yellow,0,
195,Brooklyn,2024-10-16,7,green,0,
195,Brooklyn,2024-10-16,7,hvfhv,45,23.73
195,Brooklyn,2024-10-16,7,other_fhv,0,
195,Brooklyn,2024-10-16,8,yellow,1,21.2
195,Brooklyn,2024-10-16,8,green,0,
195,Brooklyn,2024-10-16,8,hvfhv,67,23.93
195,Brooklyn,2024-10-16,8,other_fhv,0,
195,Brooklyn,2024-10-16,9,yellow,0,
195,Brooklyn,2024-10-16,9,green,0,
195,Brooklyn,2024-10-16,9,hvfhv,45,27.29
195,Brooklyn,2024-10-16,9,other_fhv,1,
195,Brooklyn,2024-10-16,10,yellow,1,16.82
195,Brooklyn,2024-10-16,10,green,1,52.15
195,Brooklyn,2024-10-16,10,hvfhv,50,29.95
195,Brooklyn,2024-10-16,10,other_fhv,2,
195,Brooklyn,2024-10-16,11,yellow,0,
195,Brooklyn,2024-10-16,11,green,0,
195,Brooklyn,2024-10-16,11,hvfhv,39,24.86
195,Brooklyn,2024-10-16,11,other_fhv,1,
195,Brooklyn,2024-10-16,12,yellow,1,29.33
195,Brooklyn,2024-10-16,12,green,0,
195,Brooklyn,2024-10-16,12,hvfhv,44,29.08
195,Brooklyn,2024-10-16,12,other_fhv,0,
195,Brooklyn,2024-10-16,13,yellow,1,51.01
195,Brooklyn,2024-10-16,13,green,0,
195,Brooklyn,2024-10-16,13,hvfhv,41,30.4
195,Brooklyn,2024-10-16,13,other_fhv,0,
195,Brooklyn,2024-10-16,14,yellow,1,22.03
195,Brooklyn,2024-10-16,14,green,0,
195,Brooklyn,2024-10-16,14,hvfhv,52,29.94
195,Brooklyn,2024-10-16,14,other_fhv,1,
195,Brooklyn,2024-10-16,15,yellow,0,
195,Brooklyn,2024-10-16,15,green,0,
195,Brooklyn,2024-10-16,15,hvfhv,48,26.59
195,Brooklyn,2024-10-16,15,other_fhv,0,
195,Brooklyn,2024-10-16,16,yellow,0,
195,Brooklyn,2024-10-16,16,green,0,
195,Brooklyn,2024-10-16,16,hvfhv,69,31.25
195,Brooklyn,2024-10-16,16,other_fhv,0,
195,Brooklyn,2024-10-16,17,yellow,2,84.5
195,Brooklyn,2024-10-16,17,green,0,
195,Brooklyn,2024-10-16,17,hvfhv,72,33.31
195,Brooklyn,2024-10-16,17,other_fhv,0,
195,Brooklyn,2024-10-16,18,yellow,0,
195,Brooklyn,2024-10-16,18,green,0,
195,Brooklyn,2024-10-16,18,hvfhv,69,27.75
195,Brooklyn,2024-10-16,18,other_fhv,0,
195,Brooklyn,2024-10-16,19,yellow,0,
195,Brooklyn,2024-10-16,19,green,0,
195,Brooklyn,2024-10-16,19,hvfhv,61,27.81
195,Brooklyn,2024-10-16,19,other_fhv,2,
195,Brooklyn,2024-10-16,20,yellow,0,
195,Brooklyn,2024-10-16,20,green,0,
195,Brooklyn,2024-10-16,20,hvfhv,51,22.55
195,Brooklyn,2024-10-16,20,other_fhv,1,
195,Brooklyn,2024-10-16,21,yellow,0,
195,Brooklyn,2024-10-16,21,green,0,
195,Brooklyn,2024-10-16,21,hvfhv,43,25.45
195,Brooklyn,2024-10-16,21,other_fhv,1,
195,Brooklyn,2024-10-16,22,yellow,0,
195,Brooklyn,2024-10-16,22,green,0,
195,Brooklyn,2024-10-16,22,hvfhv,71,26.08
195,Brooklyn,2024-10-16,22,other_fhv,1,
195,Brooklyn,2024-10-16,23,yellow,1,28.2
195,Brooklyn,2024-10-16,23,green,0,
195,Brooklyn,2024-10-16,23,hvfhv,31,22.86
195,Brooklyn,2024-10-16,23,other_fhv,0,
196,Queens,2024-10-16,0,yellow,0,
196,Queens,2024-10-16,0,green,0,
196,Queens,2024-10-16,0,hvfhv,13,16.65
196,Queens,2024-10-16,0,other_fhv,1,
196,Queens,2024-10-16,1,yellow,0,
196,Queens,2024-10-16,1,green,0,
196,Queens,2024-10-16,1,hvfhv,12,15.82
196,Queens,2024-10-16,1,other_fhv,0,
196,Queens,2024-10-16,2,yellow,0,
196,Queens,2024-10-16,2,green,0,
196,Queens,2024-10-16,2,hvfhv,4,37.06
196,Queens,2024-10-16,2,other_fhv,0,
196,Queens,2024-10-16,3,yellow,0,
196,Queens,2024-10-16,3,green,0,
196,Queens,2024-10-16,3,hvfhv,14,22.17
196,Queens,2024-10-16,3,other_fhv,1,
196,Queens,2024-10-16,4,yellow,0,
196,Queens,2024-10-16,4,green,0,
196,Queens,2024-10-16,4,hvfhv,18,25.98
196,Queens,2024-10-16,4,other_fhv,0,
196,Queens,2024-10-16,5,yellow,0,
196,Queens,2024-10-16,5,green,0,
196,Queens,2024-10-16,5,hvfhv,28,22.2
196,Queens,2024-10-16,5,other_fhv,0,
196,Queens,2024-10-16,6,yellow,1,45.97
196,Queens,2024-10-16,6,green,0,
196,Queens,2024-10-16,6,hvfhv,55,26.58
196,Queens,2024-10-16,6,other_fhv,1,
196,Queens,2024-10-16,7,yellow,4,23.5
196,Queens,2024-10-16,7,green,0,
196,Queens,2024-10-16,7,hvfhv,97,24.25
196,Queens,2024-10-16,7,other_fhv,2,
196,Queens,2024-10-16,8,yellow,1,36.5
196,Queens,2024-10-16,8,green,0,
196,Queens,2024-10-16,8,hvfhv,126,22.51
196,Queens,2024-10-16,8,other_fhv,2,
196,Queens,2024-10-16,9,yellow,0,
196,Queens,2024-10-16,9,green,0,
196,Queens,2024-10-16,9,hvfhv,87,22.31
196,Queens,2024-10-16,9,other_fhv,1,
196,Queens,2024-10-16,10,yellow,0,
196,Queens,2024-10-16,10,green,0,
196,Queens,2024-10-16,10,hvfhv,95,18.53
196,Queens,2024-10-16,10,other_fhv,5,
196,Queens,2024-10-16,11,yellow,1,38.5
196,Queens,2024-10-16,11,green,0,
196,Queens,2024-10-16,11,hvfhv,93,20.29
196,Queens,2024-10-16,11,other_fhv,6,
196,Queens,2024-10-16,12,yellow,2,20.03
196,Queens,2024-10-16,12,green,0,
196,Queens,2024-10-16,12,hvfhv,84,20.02
196,Queens,2024-10-16,12,other_fhv,9,
196,Queens,2024-10-16,13,yellow,0,
196,Queens,2024-10-16,13,green,0,
196,Queens,2024-10-16,13,hvfhv,80,19.97
196,Queens,2024-10-16,13,other_fhv,3,
196,Queens,2024-10-16,14,yellow,1,33.8
196,Queens,2024-10-16,14,green,0,
196,Queens,2024-10-16,14,hvfhv,98,21.25
196,Queens,2024-10-16,14,other_fhv,3,
196,Queens,2024-10-16,15,yellow,2,40.42
196,Queens,2024-10-16,15,green,2,16.3
196,Queens,2024-10-16,15,hvfhv,95,22.66
196,Queens,2024-10-16,15,other_fhv,4,
196,Queens,2024-10-16,16,yellow,0,
196,Queens,2024-10-16,16,green,2,13.5
196,Queens,2024-10-16,16,hvfhv,88,21.1
196,Queens,2024-10-16,16,other_fhv,1,
196,Queens,2024-10-16,17,yellow,0,
196,Queens,2024-10-16,17,green,2,14.55
196,Queens,2024-10-16,17,hvfhv,109,20.13
196,Queens,2024-10-16,17,other_fhv,2,
196,Queens,2024-10-16,18,yellow,2,78.0
196,Queens,2024-10-16,18,green,0,
196,Queens,2024-10-16,18,hvfhv,112,18.28
196,Queens,2024-10-16,18,other_fhv,0,
196,Queens,2024-10-16,19,yellow,1,6.5
196,Queens,2024-10-16,19,green,1,8.6
196,Queens,2024-10-16,19,hvfhv,93,19.36
196,Queens,2024-10-16,19,other_fhv,0,
196,Queens,2024-10-16,20,yellow,1,51.34
196,Queens,2024-10-16,20,green,2,24.7
196,Queens,2024-10-16,20,hvfhv,73,18.48
196,Queens,2024-10-16,20,other_fhv,0,
196,Queens,2024-10-16,21,yellow,1,38.0
196,Queens,2024-10-16,21,green,0,
196,Queens,2024-10-16,21,hvfhv,54,20.05
196,Queens,2024-10-16,21,other_fhv,0,
196,Queens,2024-10-16,22,yellow,0,
196,Queens,2024-10-16,22,green,0,
196,Queens,2024-10-16,22,hvfhv,48,15.88
196,Queens,2024-10-16,22,other_fhv,1,
196,Queens,2024-10-16,23,yellow,1,17.91
196,Queens,2024-10-16,23,green,0,
196,Queens,2024-10-16,23,hvfhv,35,16.89
196,Queens,2024-10-16,23,other_fhv,0,
197,Queens,2024-10-16,0,yellow,1,27.38
197,Queens,2024-10-16,0,green,0,
197,Queens,2024-10-16,0,hvfhv,28,17.2
197,Queens,2024-10-16,0,other_fhv,0,
197,Queens,2024-10-16,1,yellow,1,20.34
197,Queens,2024-10-16,1,green,0,
197,Queens,2024-10-16,1,hvfhv,27,15.92
197,Queens,2024-10-16,1,other_fhv,0,
197,Queens,2024-10-16,2,yellow,0,
197,Queens,2024-10-16,2,green,0,
197,Queens,2024-10-16,2,hvfhv,19,16.74
197,Queens,2024-10-16,2,other_fhv,0,
197,Queens,2024-10-16,3,yellow,0,
197,Queens,2024-10-16,3,green,0,
197,Queens,2024-10-16,3,hvfhv,21,15.33
197,Queens,2024-10-16,3,other_fhv,0,
197,Queens,2024-10-16,4,yellow,0,
197,Queens,2024-10-16,4,green,0,
197,Queens,2024-10-16,4,hvfhv,50,19.58
197,Queens,2024-10-16,4,other_fhv,0,
197,Queens,2024-10-16,5,yellow,1,45.5
197,Queens,2024-10-16,5,green,0,
197,Queens,2024-10-16,5,hvfhv,82,18.6
197,Queens,2024-10-16,5,other_fhv,0,
197,Queens,2024-10-16,6,yellow,5,36.95
197,Queens,2024-10-16,6,green,0,
197,Queens,2024-10-16,6,hvfhv,126,21.87
197,Queens,2024-10-16,6,other_fhv,3,
197,Queens,2024-10-16,7,yellow,3,38.23
197,Queens,2024-10-16,7,green,0,
197,Queens,2024-10-16,7,hvfhv,204,22.56
197,Queens,2024-10-16,7,other_fhv,3,
197,Queens,2024-10-16,8,yellow,1,85.0
197,Queens,2024-10-16,8,green,0,
197,Queens,2024-10-16,8,hvfhv,228,18.66
197,Queens,2024-10-16,8,other_fhv,3,
197,Queens,2024-10-16,9,yellow,1,35.5
197,Queens,2024-10-16,9,green,0,
197,Queens,2024-10-16,9,hvfhv,179,20.12
197,Queens,2024-10-16,9,other_fhv,6,
197,Queens,2024-10-16,10,yellow,1,23.5
197,Queens,2024-10-16,10,green,0,
197,Queens,2024-10-16,10,hvfhv,151,17.8
197,Queens,2024-10-16,10,other_fhv,0,
197,Queens,2024-10-16,11,yellow,1,55.5
197,Queens,2024-10-16,11,green,0,
197,Queens,2024-10-16,11,hvfhv,134,19.52
197,Queens,2024-10-16,11,other_fhv,2,
197,Queens,2024-10-16,12,yellow,1,97.5
197,Queens,2024-10-16,12,green,0,
197,Queens,2024-10-16,12,hvfhv,109,20.19
197,Queens,2024-10-16,12,other_fhv,2,
197,Queens,2024-10-16,13,yellow,4,17.0
197,Queens,2024-10-16,13,green,0,
197,Queens,2024-10-16,13,hvfhv,128,20.97
197,Queens,2024-10-16,13,other_fhv,2,
197,Queens,2024-10-16,14,yellow,1,17.56
197,Queens,2024-10-16,14,green,0,
197,Queens,2024-10-16,14,hvfhv,150,20.3
197,Queens,2024-10-16,14,other_fhv,2,
197,Queens,2024-10-16,15,yellow,2,14.28
197,Queens,2024-10-16,15,green,0,
197,Queens,2024-10-16,15,hvfhv,150,18.37
197,Queens,2024-10-16,15,other_fhv,1,
197,Queens,2024-10-16,16,yellow,8,45.88
197,Queens,2024-10-16,16,green,0,
197,Queens,2024-10-16,16,hvfhv,132,20.99
197,Queens,2024-10-16,16,other_fhv,2,
197,Queens,2024-10-16,17,yellow,3,1.0
197,Queens,2024-10-16,17,green,0,
197,Queens,2024-10-16,17,hvfhv,139,19.99
197,Queens,2024-10-16,17,other_fhv,1,
197,Queens,2024-10-16,18,yellow,0,
197,Queens,2024-10-16,18,green,0,
197,Queens,2024-10-16,18,hvfhv,146,17.79
197,Queens,2024-10-16,18,other_fhv,0,
197,Queens,2024-10-16,19,yellow,1,86.0
197,Queens,2024-10-16,19,green,0,
197,Queens,2024-10-16,19,hvfhv,115,20.18
197,Queens,2024-10-16,19,other_fhv,1,
197,Queens,2024-10-16,20,yellow,1,11.96
197,Queens,2024-10-16,20,green,0,
197,Queens,2024-10-16,20,hvfhv,93,16.4
197,Queens,2024-10-16,20,other_fhv,0,
197,Queens,2024-10-16,21,yellow,0,
197,Queens,2024-10-16,21,green,0,
197,Queens,2024-10-16,21,hvfhv,85,17.21
197,Queens,2024-10-16,21,other_fhv,0,
197,Queens,2024-10-16,22,yellow,0,
197,Queens,2024-10-16,22,green,1,15.0
197,Queens,2024-10-16,22,hvfhv,88,16.43
197,Queens,2024-10-16,22,other_fhv,0,
197,Queens,2024-10-16,23,yellow,0,
197,Queens,2024-10-16,23,green,0,
197,Queens,2024-10-16,23,hvfhv,65,16.12
197,Queens,2024-10-16,23,other_fhv,0,
198,Queens,2024-10-16,0,yellow,1,55.0
198,Queens,2024-10-16,0,green,0,
198,Queens,2024-10-16,0,hvfhv,81,16.38
198,Queens,2024-10-16,0,other_fhv,1,
198,Queens,2024-10-16,1,yellow,0,
198,Queens,2024-10-16,1,green,0,
198,Queens,2024-10-16,1,hvfhv,60,17.8
198,Queens,2024-10-16,1,other_fhv,0,
198,Queens,2024-10-16,2,yellow,0,
198,Queens,2024-10-16,2,green,0,
198,Queens,2024-10-16,2,hvfhv,36,20.2
198,Queens,2024-10-16,2,other_fhv,0,
198,Queens,2024-10-16,3,yellow,0,
198,Queens,2024-10-16,3,green,0,
198,Queens,2024-10-16,3,hvfhv,29,21.75
198,Queens,2024-10-16,3,other_fhv,0,
198,Queens,2024-10-16,4,yellow,0,
198,Queens,2024-10-16,4,green,0,
198,Queens,2024-10-16,4,hvfhv,55,29.75
198,Queens,2024-10-16,4,other_fhv,0,
198,Queens,2024-10-16,5,yellow,0,
198,Queens,2024-10-16,5,green,0,
198,Queens,2024-10-16,5,hvfhv,73,30.3
198,Queens,2024-10-16,5,other_fhv,0,
198,Queens,2024-10-16,6,yellow,1,29.5
198,Queens,2024-10-16,6,green,0,
198,Queens,2024-10-16,6,hvfhv,114,30.26
198,Queens,2024-10-16,6,other_fhv,2,
198,Queens,2024-10-16,7,yellow,1,38.15
198,Queens,2024-10-16,7,green,1,35.0
198,Queens,2024-10-16,7,hvfhv,174,28.56
198,Queens,2024-10-16,7,other_fhv,1,
198,Queens,2024-10-16,8,yellow,2,29.0
198,Queens,2024-10-16,8,green,0,
198,Queens,2024-10-16,8,hvfhv,205,25.34
198,Queens,2024-10-16,8,other_fhv,2,
198,Queens,2024-10-16,9,yellow,1,32.5
198,Queens,2024-10-16,9,green,0,
198,Queens,2024-10-16,9,hvfhv,163,25.03
198,Queens,2024-10-16,9,other_fhv,2,
198,Queens,2024-10-16,10,yellow,0,
198,Queens,2024-10-16,10,green,0,
198,Queens,2024-10-16,10,hvfhv,122,23.26
198,Queens,2024-10-16,10,other_fhv,3,
198,Queens,2024-10-16,11,yellow,1,23.5
198,Queens,2024-10-16,11,green,0,
198,Queens,2024-10-16,11,hvfhv,137,22.31
198,Queens,2024-10-16,11,other_fhv,2,
198,Queens,2024-10-16,12,yellow,0,
198,Queens,2024-10-16,12,green,0,
198,Queens,2024-10-16,12,hvfhv,111,24.93
198,Queens,2024-10-16,12,other_fhv,1,
198,Queens,2024-10-16,13,yellow,0,
198,Queens,2024-10-16,13,green,0,
198,Queens,2024-10-16,13,hvfhv,148,24.16
198,Queens,2024-10-16,13,other_fhv,1,
198,Queens,2024-10-16,14,yellow,1,28.5
198,Queens,2024-10-16,14,green,0,
198,Queens,2024-10-16,14,hvfhv,143,21.83
198,Queens,2024-10-16,14,other_fhv,0,
198,Queens,2024-10-16,15,yellow,0,
198,Queens,2024-10-16,15,green,0,
198,Queens,2024-10-16,15,hvfhv,151,21.88
198,Queens,2024-10-16,15,other_fhv,1,
198,Queens,2024-10-16,16,yellow,1,3.5
198,Queens,2024-10-16,16,green,0,
198,Queens,2024-10-16,16,hvfhv,141,21.88
198,Queens,2024-10-16,16,other_fhv,2,
198,Queens,2024-10-16,17,yellow,0,
198,Queens,2024-10-16,17,green,0,
198,Queens,2024-10-16,17,hvfhv,159,22.69
198,Queens,2024-10-16,17,other_fhv,2,
198,Queens,2024-10-16,18,yellow,1,25.23
198,Queens,2024-10-16,18,green,0,
198,Queens,2024-10-16,18,hvfhv,189,18.71
198,Queens,2024-10-16,18,other_fhv,1,
198,Queens,2024-10-16,19,yellow,0,
198,Queens,2024-10-16,19,green,1,55.0
198,Queens,2024-10-16,19,hvfhv,192,20.68
198,Queens,2024-10-16,19,other_fhv,0,
198,Queens,2024-10-16,20,yellow,1,28.9
198,Queens,2024-10-16,20,green,0,
198,Queens,2024-10-16,20,hvfhv,165,19.05
198,Queens,2024-10-16,20,other_fhv,0,
198,Queens,2024-10-16,21,yellow,1,28.5
198,Queens,2024-10-16,21,green,0,
198,Queens,2024-10-16,21,hvfhv,148,18.47
198,Queens,2024-10-16,21,other_fhv,1,
198,Queens,2024-10-16,22,yellow,0,
198,Queens,2024-10-16,22,green,0,
198,Queens,2024-10-16,22,hvfhv,151,17.35
198,Queens,2024-10-16,22,other_fhv,1,
198,Queens,2024-10-16,23,yellow,1,34.5
198,Queens,2024-10-16,23,green,0,
198,Queens,2024-10-16,23,hvfhv,176,17.75
198,Queens,2024-10-16,23,other_fhv,1,
199,Bronx,2024-10-16,0,yellow,0,
199,Bronx,2024-10-16,0,green,0,
199,Bronx,2024-10-16,0,hvfhv,0,
199,Bronx,2024-10-16,0,other_fhv,0,
199,Bronx,2024-10-16,1,yellow,0,
199,Bronx,2024-10-16,1,green,0,
199,Bronx,2024-10-16,1,hvfhv,0,
199,Bronx,2024-10-16,1,other_fhv,0,
199,Bronx,2024-10-16,2,yellow,0,
199,Bronx,2024-10-16,2,green,0,
199,Bronx,2024-10-16,2,hvfhv,0,
199,Bronx,2024-10-16,2,other_fhv,0,
199,Bronx,2024-10-16,3,yellow,0,
199,Bronx,2024-10-16,3,green,0,
199,Bronx,2024-10-16,3,hvfhv,0,
199,Bronx,2024-10-16,3,other_fhv,0,
199,Bronx,2024-10-16,4,yellow,0,
199,Bronx,2024-10-16,4,green,0,
199,Bronx,2024-10-16,4,hvfhv,0,
199,Bronx,2024-10-16,4,other_fhv,0,
199,Bronx,2024-10-16,5,yellow,0,
199,Bronx,2024-10-16,5,green,0,
199,Bronx,2024-10-16,5,hvfhv,0,
199,Bronx,2024-10-16,5,other_fhv,0,
199,Bronx,2024-10-16,6,yellow,0,
199,Bronx,2024-10-16,6,green,0,
199,Bronx,2024-10-16,6,hvfhv,0,
199,Bronx,2024-10-16,6,other_fhv,0,
199,Bronx,2024-10-16,7,yellow,0,
199,Bronx,2024-10-16,7,green,0,
199,Bronx,2024-10-16,7,hvfhv,0,
199,Bronx,2024-10-16,7,other_fhv,0,
199,Bronx,2024-10-16,8,yellow,0,
199,Bronx,2024-10-16,8,green,0,
199,Bronx,2024-10-16,8,hvfhv,0,
199,Bronx,2024-10-16,8,other_fhv,0,
199,Bronx,2024-10-16,9,yellow,0,
199,Bronx,2024-10-16,9,green,0,
199,Bronx,2024-10-16,9,hvfhv,0,
199,Bronx,2024-10-16,9,other_fhv,0,
199,Bronx,2024-10-16,10,yellow,0,
199,Bronx,2024-10-16,10,green,0,
199,Bronx,2024-10-16,10,hvfhv,0,
199,Bronx,2024-10-16,10,other_fhv,0,
199,Bronx,2024-10-16,11,yellow,0,
199,Bronx,2024-10-16,11,green,0,
199,Bronx,2024-10-16,11,hvfhv,0,
199,Bronx,2024-10-16,11,other_fhv,0,
199,Bronx,2024-10-16,12,yellow,0,
199,Bronx,2024-10-16,12,green,0,
199,Bronx,2024-10-16,12,hvfhv,0,
199,Bronx,2024-10-16,12,other_fhv,0,
199,Bronx,2024-10-16,13,yellow,0,
199,Bronx,2024-10-16,13,green,0,
199,Bronx,2024-10-16,13,hvfhv,0,
199,Bronx,2024-10-16,13,other_fhv,0,
199,Bronx,2024-10-16,14,yellow,0,
199,Bronx,2024-10-16,14,green,0,
199,Bronx,2024-10-16,14,hvfhv,0,
199,Bronx,2024-10-16,14,other_fhv,0,
199,Bronx,2024-10-16,15,yellow,0,
199,Bronx,2024-10-16,15,green,0,
199,Bronx,2024-10-16,15,hvfhv,0,
199,Bronx,2024-10-16,15,other_fhv,0,
199,Bronx,2024-10-16,16,yellow,0,
199,Bronx,2024-10-16,16,green,0,
199,Bronx,2024-10-16,16,hvfhv,0,
199,Bronx,2024-10-16,16,other_fhv,0,
199,Bronx,2024-10-16,17,yellow,0,
199,Bronx,2024-10-16,17,green,0,
199,Bronx,2024-10-16,17,hvfhv,0,
199,Bronx,2024-10-16,17,other_fhv,0,
199,Bronx,2024-10-16,18,yellow,0,
199,Bronx,2024-10-16,18,green,0,
199,Bronx,2024-10-16,18,hvfhv,0,
199,Bronx,2024-10-16,18,other_fhv,0,
199,Bronx,2024-10-16,19,yellow,0,
199,Bronx,2024-10-16,19,green,0,
199,Bronx,2024-10-16,19,hvfhv,1,79.53
199,Bronx,2024-10-16,19,other_fhv,0,
199,Bronx,2024-10-16,20,yellow,0,
199,Bronx,2024-10-16,20,green,0,
199,Bronx,2024-10-16,20,hvfhv,0,
199,Bronx,2024-10-16,20,other_fhv,0,
199,Bronx,2024-10-16,21,yellow,0,
199,Bronx,2024-10-16,21,green,0,
199,Bronx,2024-10-16,21,hvfhv,0,
199,Bronx,2024-10-16,21,other_fhv,0,
199,Bronx,2024-10-16,22,yellow,0,
199,Bronx,2024-10-16,22,green,0,
199,Bronx,2024-10-16,22,hvfhv,0,
199,Bronx,2024-10-16,22,other_fhv,0,
199,Bronx,2024-10-16,23,yellow,0,
199,Bronx,2024-10-16,23,green,0,
199,Bronx,2024-10-16,23,hvfhv,0,
199,Bronx,2024-10-16,23,other_fhv,0,
200,Bronx,2024-10-16,0,yellow,0,
200,Bronx,2024-10-16,0,green,0,
200,Bronx,2024-10-16,0,hvfhv,24,16.84
200,Bronx,2024-10-16,0,other_fhv,0,
200,Bronx,2024-10-16,1,yellow,0,
200,Bronx,2024-10-16,1,green,0,
200,Bronx,2024-10-16,1,hvfhv,13,17.95
200,Bronx,2024-10-16,1,other_fhv,0,
200,Bronx,2024-10-16,2,yellow,0,
200,Bronx,2024-10-16,2,green,0,
200,Bronx,2024-10-16,2,hvfhv,5,12.35
200,Bronx,2024-10-16,2,other_fhv,0,
200,Bronx,2024-10-16,3,yellow,0,
200,Bronx,2024-10-16,3,green,0,
200,Bronx,2024-10-16,3,hvfhv,3,43.3
200,Bronx,2024-10-16,3,other_fhv,0,
200,Bronx,2024-10-16,4,yellow,0,
200,Bronx,2024-10-16,4,green,0,
200,Bronx,2024-10-16,4,hvfhv,16,49.64
200,Bronx,2024-10-16,4,other_fhv,0,
200,Bronx,2024-10-16,5,yellow,0,
200,Bronx,2024-10-16,5,green,0,
200,Bronx,2024-10-16,5,hvfhv,16,41.78
200,Bronx,2024-10-16,5,other_fhv,0,
200,Bronx,2024-10-16,6,yellow,0,
200,Bronx,2024-10-16,6,green,0,
200,Bronx,2024-10-16,6,hvfhv,68,29.2
200,Bronx,2024-10-16,6,other_fhv,0,
200,Bronx,2024-10-16,7,yellow,1,49.5
200,Bronx,2024-10-16,7,green,0,
200,Bronx,2024-10-16,7,hvfhv,127,28.48
200,Bronx,2024-10-16,7,other_fhv,1,
200,Bronx,2024-10-16,8,yellow,0,
200,Bronx,2024-10-16,8,green,0,
200,Bronx,2024-10-16,8,hvfhv,125,25.84
200,Bronx,2024-10-16,8,other_fhv,0,
200,Bronx,2024-10-16,9,yellow,1,23.5
200,Bronx,2024-10-16,9,green,0,
200,Bronx,2024-10-16,9,hvfhv,78,25.75
200,Bronx,2024-10-16,9,other_fhv,0,
200,Bronx,2024-10-16,10,yellow,1,49.5
200,Bronx,2024-10-16,10,green,0,
200,Bronx,2024-10-16,10,hvfhv,68,30.07
200,Bronx,2024-10-16,10,other_fhv,0,
200,Bronx,2024-10-16,11,yellow,0,
200,Bronx,2024-10-16,11,green,0,
200,Bronx,2024-10-16,11,hvfhv,64,35.45
200,Bronx,2024-10-16,11,other_fhv,1,
200,Bronx,2024-10-16,12,yellow,1,44.5
200,Bronx,2024-10-16,12,green,0,
200,Bronx,2024-10-16,12,hvfhv,66,30.81
200,Bronx,2024-10-16,12,other_fhv,1,
200,Bronx,2024-10-16,13,yellow,2,26.0
200,Bronx,2024-10-16,13,green,0,
200,Bronx,2024-10-16,13,hvfhv,64,25.81
200,Bronx,2024-10-16,13,other_fhv,0,
200,Bronx,2024-10-16,14,yellow,0,
200,Bronx,2024-10-16,14,green,0,
200,Bronx,2024-10-16,14,hvfhv,109,28.1
200,Bronx,2024-10-16,14,other_fhv,0,
200,Bronx,2024-10-16,15,yellow,0,
200,Bronx,2024-10-16,15,green,0,
200,Bronx,2024-10-16,15,hvfhv,98,38.03
200,Bronx,2024-10-16,15,other_fhv,0,
200,Bronx,2024-10-16,16,yellow,0,
200,Bronx,2024-10-16,16,green,0,
200,Bronx,2024-10-16,16,hvfhv,102,27.9
200,Bronx,2024-10-16,16,other_fhv,0,
200,Bronx,2024-10-16,17,yellow,0,
200,Bronx,2024-10-16,17,green,0,
200,Bronx,2024-10-16,17,hvfhv,120,30.81
200,Bronx,2024-10-16,17,other_fhv,0,
200,Bronx,2024-10-16,18,yellow,0,
200,Bronx,2024-10-16,18,green,0,
200,Bronx,2024-10-16,18,hvfhv,109,31.72
200,Bronx,2024-10-16,18,other_fhv,0,
200,Bronx,2024-10-16,19,yellow,0,
200,Bronx,2024-10-16,19,green,0,
200,Bronx,2024-10-16,19,hvfhv,68,24.53
200,Bronx,2024-10-16,19,other_fhv,0,
200,Bronx,2024-10-16,20,yellow,1,45.14
200,Bronx,2024-10-16,20,green,0,
200,Bronx,2024-10-16,20,hvfhv,68,19.97
200,Bronx,2024-10-16,20,other_fhv,0,
200,Bronx,2024-10-16,21,yellow,0,
200,Bronx,2024-10-16,21,green,0,
200,Bronx,2024-10-16,21,hvfhv,47,24.93
200,Bronx,2024-10-16,21,other_fhv,0,
200,Bronx,2024-10-16,22,yellow,0,
200,Bronx,2024-10-16,22,green,0,
200,Bronx,2024-10-16,22,hvfhv,25,23.0
200,Bronx,2024-10-16,22,other_fhv,0,
200,Bronx,2024-10-16,23,yellow,0,
200,Bronx,2024-10-16,23,green,0,
200,Bronx,2024-10-16,23,hvfhv,27,24.02
200,Bronx,2024-10-16,23,other_fhv,0,
201,Queens,2024-10-16,0,yellow,0,
201,Queens,2024-10-16,0,green,0,
201,Queens,2024-10-16,0,hvfhv,5,25.14
201,Queens,2024-10-16,0,other_fhv,0,
201,Queens,2024-10-16,1,yellow,1,50.0
201,Queens,2024-10-16,1,green,0,
201,Queens,2024-10-16,1,hvfhv,3,25.68
201,Queens,2024-10-16,1,other_fhv,0,
201,Queens,2024-10-16,2,yellow,0,
201,Queens,2024-10-16,2,green,0,
201,Queens,2024-10-16,2,hvfhv,5,16.96
201,Queens,2024-10-16,2,other_fhv,0,
201,Queens,2024-10-16,3,yellow,0,
201,Queens,2024-10-16,3,green,0,
201,Queens,2024-10-16,3,hvfhv,3,42.6
201,Queens,2024-10-16,3,other_fhv,0,
201,Queens,2024-10-16,4,yellow,0,
201,Queens,2024-10-16,4,green,0,
201,Queens,2024-10-16,4,hvfhv,8,56.71
201,Queens,2024-10-16,4,other_fhv,0,
201,Queens,2024-10-16,5,yellow,0,
201,Queens,2024-10-16,5,green,0,
201,Queens,2024-10-16,5,hvfhv,11,55.08
201,Queens,2024-10-16,5,other_fhv,0,
201,Queens,2024-10-16,6,yellow,0,
201,Queens,2024-10-16,6,green,0,
201,Queens,2024-10-16,6,hvfhv,14,48.8
201,Queens,2024-10-16,6,other_fhv,0,
201,Queens,2024-10-16,7,yellow,0,
201,Queens,2024-10-16,7,green,0,
201,Queens,2024-10-16,7,hvfhv,26,42.63
201,Queens,2024-10-16,7,other_fhv,1,
201,Queens,2024-10-16,8,yellow,0,
201,Queens,2024-10-16,8,green,0,
201,Queens,2024-10-16,8,hvfhv,19,31.92
201,Queens,2024-10-16,8,other_fhv,0,
201,Queens,2024-10-16,9,yellow,0,
201,Queens,2024-10-16,9,green,0,
201,Queens,2024-10-16,9,hvfhv,21,26.77
201,Queens,2024-10-16,9,other_fhv,0,
201,Queens,2024-10-16,10,yellow,0,
201,Queens,2024-10-16,10,green,0,
201,Queens,2024-10-16,10,hvfhv,15,35.72
201,Queens,2024-10-16,10,other_fhv,1,
201,Queens,2024-10-16,11,yellow,0,
201,Queens,2024-10-16,11,green,0,
201,Queens,2024-10-16,11,hvfhv,21,27.4
201,Queens,2024-10-16,11,other_fhv,1,
201,Queens,2024-10-16,12,yellow,0,
201,Queens,2024-10-16,12,green,0,
201,Queens,2024-10-16,12,hvfhv,16,29.73
201,Queens,2024-10-16,12,other_fhv,0,
201,Queens,2024-10-16,13,yellow,0,
201,Queens,2024-10-16,13,green,0,
201,Queens,2024-10-16,13,hvfhv,16,35.85
201,Queens,2024-10-16,13,other_fhv,0,
201,Queens,2024-10-16,14,yellow,0,
201,Queens,2024-10-16,14,green,0,
201,Queens,2024-10-16,14,hvfhv,18,33.59
201,Queens,2024-10-16,14,other_fhv,0,
201,Queens,2024-10-16,15,yellow,0,
201,Queens,2024-10-16,15,green,0,
201,Queens,2024-10-16,15,hvfhv,18,32.94
201,Queens,2024-10-16,15,other_fhv,0,
201,Queens,2024-10-16,16,yellow,1,54.5
201,Queens,2024-10-16,16,green,0,
201,Queens,2024-10-16,16,hvfhv,14,49.82
201,Queens,2024-10-16,16,other_fhv,1,
201,Queens,2024-10-16,17,yellow,0,
201,Queens,2024-10-16,17,green,0,
201,Queens,2024-10-16,17,hvfhv,24,31.13
201,Queens,2024-10-16,17,other_fhv,0,
201,Queens,2024-10-16,18,yellow,1,12.17
201,Queens,2024-10-16,18,green,0,
201,Queens,2024-10-16,18,hvfhv,15,24.39
201,Queens,2024-10-16,18,other_fhv,0,
201,Queens,2024-10-16,19,yellow,0,
201,Queens,2024-10-16,19,green,0,
201,Queens,2024-10-16,19,hvfhv,17,21.99
201,Queens,2024-10-16,19,other_fhv,1,
201,Queens,2024-10-16,20,yellow,0,
201,Queens,2024-10-16,20,green,0,
201,Queens,2024-10-16,20,hvfhv,9,22.65
201,Queens,2024-10-16,20,other_fhv,0,
201,Queens,2024-10-16,21,yellow,0,
201,Queens,2024-10-16,21,green,0,
201,Queens,2024-10-16,21,hvfhv,9,31.19
201,Queens,2024-10-16,21,other_fhv,0,
201,Queens,2024-10-16,22,yellow,0,
201,Queens,2024-10-16,22,green,0,
201,Queens,2024-10-16,22,hvfhv,13,31.07
201,Queens,2024-10-16,22,other_fhv,0,
201,Queens,2024-10-16,23,yellow,1,27.35
201,Queens,2024-10-16,23,green,0,
201,Queens,2024-10-16,23,hvfhv,13,16.79
201,Queens,2024-10-16,23,other_fhv,1,
202,Manhattan,2024-10-16,0,yellow,0,
202,Manhattan,2024-10-16,0,green,0,
202,Manhattan,2024-10-16,0,hvfhv,8,23.94
202,Manhattan,2024-10-16,0,other_fhv,0,
202,Manhattan,2024-10-16,1,yellow,0,
202,Manhattan,2024-10-16,1,green,0,
202,Manhattan,2024-10-16,1,hvfhv,3,34.19
202,Manhattan,2024-10-16,1,other_fhv,0,
202,Manhattan,2024-10-16,2,yellow,0,
202,Manhattan,2024-10-16,2,green,0,
202,Manhattan,2024-10-16,2,hvfhv,2,25.1
202,Manhattan,2024-10-16,2,other_fhv,0,
202,Manhattan,2024-10-16,3,yellow,0,
202,Manhattan,2024-10-16,3,green,0,
202,Manhattan,2024-10-16,3,hvfhv,1,24.74
202,Manhattan,2024-10-16,3,other_fhv,0,
202,Manhattan,2024-10-16,4,yellow,0,
202,Manhattan,2024-10-16,4,green,0,
202,Manhattan,2024-10-16,4,hvfhv,10,35.74
202,Manhattan,2024-10-16,4,other_fhv,0,
202,Manhattan,2024-10-16,5,yellow,0,
202,Manhattan,2024-10-16,5,green,0,
202,Manhattan,2024-10-16,5,hvfhv,2,28.83
202,Manhattan,2024-10-16,5,other_fhv,0,
202,Manhattan,2024-10-16,6,yellow,0,
202,Manhattan,2024-10-16,6,green,0,
202,Manhattan,2024-10-16,6,hvfhv,13,32.7
202,Manhattan,2024-10-16,6,other_fhv,1,
202,Manhattan,2024-10-16,7,yellow,3,32.19
202,Manhattan,2024-10-16,7,green,0,
202,Manhattan,2024-10-16,7,hvfhv,18,34.44
202,Manhattan,2024-10-16,7,other_fhv,2,
202,Manhattan,2024-10-16,8,yellow,0,
202,Manhattan,2024-10-16,8,green,0,
202,Manhattan,2024-10-16,8,hvfhv,26,34.85
202,Manhattan,2024-10-16,8,other_fhv,0,
202,Manhattan,2024-10-16,9,yellow,0,
202,Manhattan,2024-10-16,9,green,0,
202,Manhattan,2024-10-16,9,hvfhv,17,36.53
202,Manhattan,2024-10-16,9,other_fhv,0,
202,Manhattan,2024-10-16,10,yellow,0,
202,Manhattan,2024-10-16,10,green,0,
202,Manhattan,2024-10-16,10,hvfhv,15,32.83
202,Manhattan,2024-10-16,10,other_fhv,0,
202,Manhattan,2024-10-16,11,yellow,0,
202,Manhattan,2024-10-16,11,green,0,
202,Manhattan,2024-10-16,11,hvfhv,14,30.95
202,Manhattan,2024-10-16,11,other_fhv,0,
202,Manhattan,2024-10-16,12,yellow,0,
202,Manhattan,2024-10-16,12,green,0,
202,Manhattan,2024-10-16,12,hvfhv,18,32.26
202,Manhattan,2024-10-16,12,other_fhv,0,
202,Manhattan,2024-10-16,13,yellow,1,19.8
202,Manhattan,2024-10-16,13,green,0,
202,Manhattan,2024-10-16,13,hvfhv,26,44.62
202,Manhattan,2024-10-16,13,other_fhv,3,
202,Manhattan,2024-10-16,14,yellow,0,
202,Manhattan,2024-10-16,14,green,0,
202,Manhattan,2024-10-16,14,hvfhv,15,30.11
202,Manhattan,2024-10-16,14,other_fhv,1,
202,Manhattan,2024-10-16,15,yellow,2,13.68
202,Manhattan,2024-10-16,15,green,0,
202,Manhattan,2024-10-16,15,hvfhv,18,30.04
202,Manhattan,2024-10-16,15,other_fhv,0,
202,Manhattan,2024-10-16,16,yellow,0,
202,Manhattan,2024-10-16,16,green,0,
202,Manhattan,2024-10-16,16,hvfhv,15,44.47
202,Manhattan,2024-10-16,16,other_fhv,1,
202,Manhattan,2024-10-16,17,yellow,0,
202,Manhattan,2024-10-16,17,green,0,
202,Manhattan,2024-10-16,17,hvfhv,28,42.04
202,Manhattan,2024-10-16,17,other_fhv,0,
202,Manhattan,2024-10-16,18,yellow,0,
202,Manhattan,2024-10-16,18,green,0,
202,Manhattan,2024-10-16,18,hvfhv,29,27.06
202,Manhattan,2024-10-16,18,other_fhv,0,
202,Manhattan,2024-10-16,19,yellow,0,
202,Manhattan,2024-10-16,19,green,0,
202,Manhattan,2024-10-16,19,hvfhv,19,28.68
202,Manhattan,2024-10-16,19,other_fhv,0,
202,Manhattan,2024-10-16,20,yellow,0,
202,Manhattan,2024-10-16,20,green,0,
202,Manhattan,2024-10-16,20,hvfhv,26,28.09
202,Manhattan,2024-10-16,20,other_fhv,0,
202,Manhattan,2024-10-16,21,yellow,0,
202,Manhattan,2024-10-16,21,green,0,
202,Manhattan,2024-10-16,21,hvfhv,14,24.02
202,Manhattan,2024-10-16,21,other_fhv,0,
202,Manhattan,2024-10-16,22,yellow,1,49.5
202,Manhattan,2024-10-16,22,green,0,
202,Manhattan,2024-10-16,22,hvfhv,19,30.26
202,Manhattan,2024-10-16,22,other_fhv,0,
202,Manhattan,2024-10-16,23,yellow,1,31.0
202,Manhattan,2024-10-16,23,green,0,
202,Manhattan,2024-10-16,23,hvfhv,9,22.93
202,Manhattan,2024-10-16,23,other_fhv,1,
203,Queens,2024-10-16,0,yellow,0,
203,Queens,2024-10-16,0,green,0,
203,Queens,2024-10-16,0,hvfhv,18,17.2
203,Queens,2024-10-16,0,other_fhv,0,
203,Queens,2024-10-16,1,yellow,0,
203,Queens,2024-10-16,1,green,0,
203,Queens,2024-10-16,1,hvfhv,8,16.13
203,Queens,2024-10-16,1,other_fhv,0,
203,Queens,2024-10-16,2,yellow,0,
203,Queens,2024-10-16,2,green,0,
203,Queens,2024-10-16,2,hvfhv,7,13.16
203,Queens,2024-10-16,2,other_fhv,0,
203,Queens,2024-10-16,3,yellow,0,
203,Queens,2024-10-16,3,green,0,
203,Queens,2024-10-16,3,hvfhv,12,23.97
203,Queens,2024-10-16,3,other_fhv,0,
203,Queens,2024-10-16,4,yellow,0,
203,Queens,2024-10-16,4,green,0,
203,Queens,2024-10-16,4,hvfhv,26,18.36
203,Queens,2024-10-16,4,other_fhv,0,
203,Queens,2024-10-16,5,yellow,1,30.5
203,Queens,2024-10-16,5,green,0,
203,Queens,2024-10-16,5,hvfhv,35,20.95
203,Queens,2024-10-16,5,other_fhv,0,
203,Queens,2024-10-16,6,yellow,0,
203,Queens,2024-10-16,6,green,0,
203,Queens,2024-10-16,6,hvfhv,58,24.56
203,Queens,2024-10-16,6,other_fhv,0,
203,Queens,2024-10-16,7,yellow,1,56.5
203,Queens,2024-10-16,7,green,0,
203,Queens,2024-10-16,7,hvfhv,109,23.64
203,Queens,2024-10-16,7,other_fhv,1,
203,Queens,2024-10-16,8,yellow,0,
203,Queens,2024-10-16,8,green,0,
203,Queens,2024-10-16,8,hvfhv,102,18.76
203,Queens,2024-10-16,8,other_fhv,0,
203,Queens,2024-10-16,9,yellow,2,49.5
203,Queens,2024-10-16,9,green,0,
203,Queens,2024-10-16,9,hvfhv,71,20.72
203,Queens,2024-10-16,9,other_fhv,3,
203,Queens,2024-10-16,10,yellow,1,54.5
203,Queens,2024-10-16,10,green,0,
203,Queens,2024-10-16,10,hvfhv,56,19.09
203,Queens,2024-10-16,10,other_fhv,1,
203,Queens,2024-10-16,11,yellow,0,
203,Queens,2024-10-16,11,green,0,
203,Queens,2024-10-16,11,hvfhv,59,18.04
203,Queens,2024-10-16,11,other_fhv,1,
203,Queens,2024-10-16,12,yellow,1,59.5
203,Queens,2024-10-16,12,green,0,
203,Queens,2024-10-16,12,hvfhv,44,18.51
203,Queens,2024-10-16,12,other_fhv,0,
203,Queens,2024-10-16,13,yellow,0,
203,Queens,2024-10-16,13,green,0,
203,Queens,2024-10-16,13,hvfhv,56,17.24
203,Queens,2024-10-16,13,other_fhv,1,
203,Queens,2024-10-16,14,yellow,0,
203,Queens,2024-10-16,14,green,0,
203,Queens,2024-10-16,14,hvfhv,58,19.43
203,Queens,2024-10-16,14,other_fhv,1,
203,Queens,2024-10-16,15,yellow,0,
203,Queens,2024-10-16,15,green,0,
203,Queens,2024-10-16,15,hvfhv,61,16.22
203,Queens,2024-10-16,15,other_fhv,0,
203,Queens,2024-10-16,16,yellow,0,
203,Queens,2024-10-16,16,green,0,
203,Queens,2024-10-16,16,hvfhv,67,15.08
203,Queens,2024-10-16,16,other_fhv,0,
203,Queens,2024-10-16,17,yellow,0,
203,Queens,2024-10-16,17,green,0,
203,Queens,2024-10-16,17,hvfhv,82,15.01
203,Queens,2024-10-16,17,other_fhv,1,
203,Queens,2024-10-16,18,yellow,0,
203,Queens,2024-10-16,18,green,0,
203,Queens,2024-10-16,18,hvfhv,94,15.1
203,Queens,2024-10-16,18,other_fhv,0,
203,Queens,2024-10-16,19,yellow,0,
203,Queens,2024-10-16,19,green,0,
203,Queens,2024-10-16,19,hvfhv,48,15.19
203,Queens,2024-10-16,19,other_fhv,1,
203,Queens,2024-10-16,20,yellow,0,
203,Queens,2024-10-16,20,green,0,
203,Queens,2024-10-16,20,hvfhv,30,20.07
203,Queens,2024-10-16,20,other_fhv,0,
203,Queens,2024-10-16,21,yellow,0,
203,Queens,2024-10-16,21,green,0,
203,Queens,2024-10-16,21,hvfhv,43,16.92
203,Queens,2024-10-16,21,other_fhv,0,
203,Queens,2024-10-16,22,yellow,0,
203,Queens,2024-10-16,22,green,0,
203,Queens,2024-10-16,22,hvfhv,34,22.03
203,Queens,2024-10-16,22,other_fhv,0,
203,Queens,2024-10-16,23,yellow,0,
203,Queens,2024-10-16,23,green,0,
203,Queens,2024-10-16,23,hvfhv,30,18.36
203,Queens,2024-10-16,23,other_fhv,0,
204,Staten Island,2024-10-16,0,yellow,0,
204,Staten Island,2024-10-16,0,green,0,
204,Staten Island,2024-10-16,0,hvfhv,2,27.3
204,Staten Island,2024-10-16,0,other_fhv,0,
204,Staten Island,2024-10-16,1,yellow,0,
204,Staten Island,2024-10-16,1,green,0,
204,Staten Island,2024-10-16,1,hvfhv,2,24.95
204,Staten Island,2024-10-16,1,other_fhv,0,
204,Staten Island,2024-10-16,2,yellow,0,
204,Staten Island,2024-10-16,2,green,0,
204,Staten Island,2024-10-16,2,hvfhv,2,20.78
204,Staten Island,2024-10-16,2,other_fhv,0,
204,Staten Island,2024-10-16,3,yellow,0,
204,Staten Island,2024-10-16,3,green,0,
204,Staten Island,2024-10-16,3,hvfhv,0,
204,Staten Island,2024-10-16,3,other_fhv,0,
204,Staten Island,2024-10-16,4,yellow,0,
204,Staten Island,2024-10-16,4,green,0,
204,Staten Island,2024-10-16,4,hvfhv,2,30.96
204,Staten Island,2024-10-16,4,other_fhv,2,
204,Staten Island,2024-10-16,5,yellow,0,
204,Staten Island,2024-10-16,5,green,0,
204,Staten Island,2024-10-16,5,hvfhv,5,34.22
204,Staten Island,2024-10-16,5,other_fhv,2,
204,Staten Island,2024-10-16,6,yellow,0,
204,Staten Island,2024-10-16,6,green,0,
204,Staten Island,2024-10-16,6,hvfhv,8,40.95
204,Staten Island,2024-10-16,6,other_fhv,0,
204,Staten Island,2024-10-16,7,yellow,0,
204,Staten Island,2024-10-16,7,green,0,
204,Staten Island,2024-10-16,7,hvfhv,12,20.43
204,Staten Island,2024-10-16,7,other_fhv,3,
204,Staten Island,2024-10-16,8,yellow,0,
204,Staten Island,2024-10-16,8,green,0,
204,Staten Island,2024-10-16,8,hvfhv,10,19.12
204,Staten Island,2024-10-16,8,other_fhv,1,
204,Staten Island,2024-10-16,9,yellow,0,
204,Staten Island,2024-10-16,9,green,0,
204,Staten Island,2024-10-16,9,hvfhv,10,30.82
204,Staten Island,2024-10-16,9,other_fhv,3,
204,Staten Island,2024-10-16,10,yellow,0,
204,Staten Island,2024-10-16,10,green,0,
204,Staten Island,2024-10-16,10,hvfhv,10,30.03
204,Staten Island,2024-10-16,10,other_fhv,5,
204,Staten Island,2024-10-16,11,yellow,0,
204,Staten Island,2024-10-16,11,green,0,
204,Staten Island,2024-10-16,11,hvfhv,4,20.14
204,Staten Island,2024-10-16,11,other_fhv,3,
204,Staten Island,2024-10-16,12,yellow,0,
204,Staten Island,2024-10-16,12,green,0,
204,Staten Island,2024-10-16,12,hvfhv,6,20.09
204,Staten Island,2024-10-16,12,other_fhv,4,
204,Staten Island,2024-10-16,13,yellow,0,
204,Staten Island,2024-10-16,13,green,0,
204,Staten Island,2024-10-16,13,hvfhv,11,29.98
204,Staten Island,2024-10-16,13,other_fhv,0,
204,Staten Island,2024-10-16,14,yellow,0,
204,Staten Island,2024-10-16,14,green,0,
204,Staten Island,2024-10-16,14,hvfhv,9,41.5
204,Staten Island,2024-10-16,14,other_fhv,1,
204,Staten Island,2024-10-16,15,yellow,0,
204,Staten Island,2024-10-16,15,green,0,
204,Staten Island,2024-10-16,15,hvfhv,13,17.97
204,Staten Island,2024-10-16,15,other_fhv,2,
204,Staten Island,2024-10-16,16,yellow,0,
204,Staten Island,2024-10-16,16,green,0,
204,Staten Island,2024-10-16,16,hvfhv,10,31.96
204,Staten Island,2024-10-16,16,other_fhv,0,
204,Staten Island,2024-10-16,17,yellow,0,
204,Staten Island,2024-10-16,17,green,0,
204,Staten Island,2024-10-16,17,hvfhv,8,18.84
204,Staten Island,2024-10-16,17,other_fhv,0,
204,Staten Island,2024-10-16,18,yellow,0,
204,Staten Island,2024-10-16,18,green,0,
204,Staten Island,2024-10-16,18,hvfhv,5,34.74
204,Staten Island,2024-10-16,18,other_fhv,0,
204,Staten Island,2024-10-16,19,yellow,0,
204,Staten Island,2024-10-16,19,green,0,
204,Staten Island,2024-10-16,19,hvfhv,2,38.34
204,Staten Island,2024-10-16,19,other_fhv,0,
204,Staten Island,2024-10-16,20,yellow,0,
204,Staten Island,2024-10-16,20,green,0,
204,Staten Island,2024-10-16,20,hvfhv,7,30.79
204,Staten Island,2024-10-16,20,other_fhv,0,
204,Staten Island,2024-10-16,21,yellow,0,
204,Staten Island,2024-10-16,21,green,0,
204,Staten Island,2024-10-16,21,hvfhv,5,43.01
204,Staten Island,2024-10-16,21,other_fhv,0,
204,Staten Island,2024-10-16,22,yellow,0,
204,Staten Island,2024-10-16,22,green,0,
204,Staten Island,2024-10-16,22,hvfhv,4,16.38
204,Staten Island,2024-10-16,22,other_fhv,0,
204,Staten Island,2024-10-16,23,yellow,0,
204,Staten Island,2024-10-16,23,green,0,
204,Staten Island,2024-10-16,23,hvfhv,1,9.86
204,Staten Island,2024-10-16,23,other_fhv,0,
205,Queens,2024-10-16,0,yellow,0,
205,Queens,2024-10-16,0,green,0,
205,Queens,2024-10-16,0,hvfhv,45,17.14
205,Queens,2024-10-16,0,other_fhv,0,
205,Queens,2024-10-16,1,yellow,0,
205,Queens,2024-10-16,1,green,0,
205,Queens,2024-10-16,1,hvfhv,27,21.14
205,Queens,2024-10-16,1,other_fhv,1,
205,Queens,2024-10-16,2,yellow,0,
205,Queens,2024-10-16,2,green,0,
205,Queens,2024-10-16,2,hvfhv,19,16.59
205,Queens,2024-10-16,2,other_fhv,0,
205,Queens,2024-10-16,3,yellow,0,
205,Queens,2024-10-16,3,green,0,
205,Queens,2024-10-16,3,hvfhv,36,21.19
205,Queens,2024-10-16,3,other_fhv,0,
205,Queens,2024-10-16,4,yellow,0,
205,Queens,2024-10-16,4,green,0,
205,Queens,2024-10-16,4,hvfhv,36,27.49
205,Queens,2024-10-16,4,other_fhv,0,
205,Queens,2024-10-16,5,yellow,3,41.2
205,Queens,2024-10-16,5,green,0,
205,Queens,2024-10-16,5,hvfhv,70,23.96
205,Queens,2024-10-16,5,other_fhv,1,
205,Queens,2024-10-16,6,yellow,1,50.5
205,Queens,2024-10-16,6,green,0,
205,Queens,2024-10-16,6,hvfhv,126,25.58
205,Queens,2024-10-16,6,other_fhv,2,
205,Queens,2024-10-16,7,yellow,3,32.08
205,Queens,2024-10-16,7,green,0,
205,Queens,2024-10-16,7,hvfhv,222,21.38
205,Queens,2024-10-16,7,other_fhv,1,
205,Queens,2024-10-16,8,yellow,0,
205,Queens,2024-10-16,8,green,0,
205,Queens,2024-10-16,8,hvfhv,238,17.95
205,Queens,2024-10-16,8,other_fhv,4,
205,Queens,2024-10-16,9,yellow,3,15.49
205,Queens,2024-10-16,9,green,0,
205,Queens,2024-10-16,9,hvfhv,163,21.38
205,Queens,2024-10-16,9,other_fhv,7,
205,Queens,2024-10-16,10,yellow,0,
205,Queens,2024-10-16,10,green,0,
205,Queens,2024-10-16,10,hvfhv,116,20.21
205,Queens,2024-10-16,10,other_fhv,3,
205,Queens,2024-10-16,11,yellow,2,46.0
205,Queens,2024-10-16,11,green,0,
205,Queens,2024-10-16,11,hvfhv,112,21.33
205,Queens,2024-10-16,11,other_fhv,0,
205,Queens,2024-10-16,12,yellow,0,
205,Queens,2024-10-16,12,green,0,
205,Queens,2024-10-16,12,hvfhv,121,19.17
205,Queens,2024-10-16,12,other_fhv,3,
205,Queens,2024-10-16,13,yellow,0,
205,Queens,2024-10-16,13,green,0,
205,Queens,2024-10-16,13,hvfhv,131,18.85
205,Queens,2024-10-16,13,other_fhv,1,
205,Queens,2024-10-16,14,yellow,1,51.5
205,Queens,2024-10-16,14,green,0,
205,Queens,2024-10-16,14,hvfhv,180,18.29
205,Queens,2024-10-16,14,other_fhv,2,
205,Queens,2024-10-16,15,yellow,0,
205,Queens,2024-10-16,15,green,0,
205,Queens,2024-10-16,15,hvfhv,135,18.24
205,Queens,2024-10-16,15,other_fhv,2,
205,Queens,2024-10-16,16,yellow,0,
205,Queens,2024-10-16,16,green,0,
205,Queens,2024-10-16,16,hvfhv,133,20.26
205,Queens,2024-10-16,16,other_fhv,0,
205,Queens,2024-10-16,17,yellow,1,48.7
205,Queens,2024-10-16,17,green,0,
205,Queens,2024-10-16,17,hvfhv,140,17.45
205,Queens,2024-10-16,17,other_fhv,1,
205,Queens,2024-10-16,18,yellow,0,
205,Queens,2024-10-16,18,green,0,
205,Queens,2024-10-16,18,hvfhv,116,18.54
205,Queens,2024-10-16,18,other_fhv,0,
205,Queens,2024-10-16,19,yellow,1,48.5
205,Queens,2024-10-16,19,green,0,
205,Queens,2024-10-16,19,hvfhv,102,18.46
205,Queens,2024-10-16,19,other_fhv,1,
205,Queens,2024-10-16,20,yellow,0,
205,Queens,2024-10-16,20,green,0,
205,Queens,2024-10-16,20,hvfhv,72,18.93
205,Queens,2024-10-16,20,other_fhv,1,
205,Queens,2024-10-16,21,yellow,2,60.0
205,Queens,2024-10-16,21,green,0,
205,Queens,2024-10-16,21,hvfhv,70,17.88
205,Queens,2024-10-16,21,other_fhv,0,
205,Queens,2024-10-16,22,yellow,0,
205,Queens,2024-10-16,22,green,0,
205,Queens,2024-10-16,22,hvfhv,82,17.77
205,Queens,2024-10-16,22,other_fhv,0,
205,Queens,2024-10-16,23,yellow,1,26.72
205,Queens,2024-10-16,23,green,0,
205,Queens,2024-10-16,23,hvfhv,63,15.12
205,Queens,2024-10-16,23,other_fhv,0,
206,Staten Island,2024-10-16,0,yellow,0,
206,Staten Island,2024-10-16,0,green,0,
206,Staten Island,2024-10-16,0,hvfhv,34,18.55
206,Staten Island,2024-10-16,0,other_fhv,2,
206,Staten Island,2024-10-16,1,yellow,0,
206,Staten Island,2024-10-16,1,green,0,
206,Staten Island,2024-10-16,1,hvfhv,14,29.75
206,Staten Island,2024-10-16,1,other_fhv,1,
206,Staten Island,2024-10-16,2,yellow,0,
206,Staten Island,2024-10-16,2,green,0,
206,Staten Island,2024-10-16,2,hvfhv,9,17.67
206,Staten Island,2024-10-16,2,other_fhv,1,
206,Staten Island,2024-10-16,3,yellow,0,
206,Staten Island,2024-10-16,3,green,0,
206,Staten Island,2024-10-16,3,hvfhv,14,28.82
206,Staten Island,2024-10-16,3,other_fhv,2,
206,Staten Island,2024-10-16,4,yellow,0,
206,Staten Island,2024-10-16,4,green,0,
206,Staten Island,2024-10-16,4,hvfhv,18,30.06
206,Staten Island,2024-10-16,4,other_fhv,2,
206,Staten Island,2024-10-16,5,yellow,1,38.98
206,Staten Island,2024-10-16,5,green,0,
206,Staten Island,2024-10-16,5,hvfhv,29,27.29
206,Staten Island,2024-10-16,5,other_fhv,2,
206,Staten Island,2024-10-16,6,yellow,0,
206,Staten Island,2024-10-16,6,green,0,
206,Staten Island,2024-10-16,6,hvfhv,69,18.72
206,Staten Island,2024-10-16,6,other_fhv,6,
206,Staten Island,2024-10-16,7,yellow,0,
206,Staten Island,2024-10-16,7,green,0,
206,Staten Island,2024-10-16,7,hvfhv,82,22.45
206,Staten Island,2024-10-16,7,other_fhv,11,
206,Staten Island,2024-10-16,8,yellow,0,
206,Staten Island,2024-10-16,8,green,0,
206,Staten Island,2024-10-16,8,hvfhv,126,14.93
206,Staten Island,2024-10-16,8,other_fhv,23,
206,Staten Island,2024-10-16,9,yellow,0,
206,Staten Island,2024-10-16,9,green,0,
206,Staten Island,2024-10-16,9,hvfhv,86,18.76
206,Staten Island,2024-10-16,9,other_fhv,15,
206,Staten Island,2024-10-16,10,yellow,0,
206,Staten Island,2024-10-16,10,green,0,
206,Staten Island,2024-10-16,10,hvfhv,50,20.24
206,Staten Island,2024-10-16,10,other_fhv,14,
206,Staten Island,2024-10-16,11,yellow,0,
206,Staten Island,2024-10-16,11,green,0,
206,Staten Island,2024-10-16,11,hvfhv,73,23.76
206,Staten Island,2024-10-16,11,other_fhv,7,
206,Staten Island,2024-10-16,12,yellow,0,
206,Staten Island,2024-10-16,12,green,0,
206,Staten Island,2024-10-16,12,hvfhv,69,20.7
206,Staten Island,2024-10-16,12,other_fhv,9,
206,Staten Island,2024-10-16,13,yellow,0,
206,Staten Island,2024-10-16,13,green,0,
206,Staten Island,2024-10-16,13,hvfhv,68,22.29
206,Staten Island,2024-10-16,13,other_fhv,10,
206,Staten Island,2024-10-16,14,yellow,0,
206,Staten Island,2024-10-16,14,green,0,
206,Staten Island,2024-10-16,14,hvfhv,69,18.59
206,Staten Island,2024-10-16,14,other_fhv,10,
206,Staten Island,2024-10-16,15,yellow,0,
206,Staten Island,2024-10-16,15,green,0,
206,Staten Island,2024-10-16,15,hvfhv,66,20.6
206,Staten Island,2024-10-16,15,other_fhv,10,
206,Staten Island,2024-10-16,16,yellow,0,
206,Staten Island,2024-10-16,16,green,0,
206,Staten Island,2024-10-16,16,hvfhv,67,25.32
206,Staten Island,2024-10-16,16,other_fhv,5,
206,Staten Island,2024-10-16,17,yellow,0,
206,Staten Island,2024-10-16,17,green,0,
206,Staten Island,2024-10-16,17,hvfhv,89,15.6
206,Staten Island,2024-10-16,17,other_fhv,5,
206,Staten Island,2024-10-16,18,yellow,0,
206,Staten Island,2024-10-16,18,green,0,
206,Staten Island,2024-10-16,18,hvfhv,80,17.59
206,Staten Island,2024-10-16,18,other_fhv,7,
206,Staten Island,2024-10-16,19,yellow,0,
206,Staten Island,2024-10-16,19,green,0,
206,Staten Island,2024-10-16,19,hvfhv,76,15.96
206,Staten Island,2024-10-16,19,other_fhv,4,
206,Staten Island,2024-10-16,20,yellow,0,
206,Staten Island,2024-10-16,20,green,0,
206,Staten Island,2024-10-16,20,hvfhv,58,14.73
206,Staten Island,2024-10-16,20,other_fhv,0,
206,Staten Island,2024-10-16,21,yellow,0,
206,Staten Island,2024-10-16,21,green,0,
206,Staten Island,2024-10-16,21,hvfhv,50,17.41
206,Staten Island,2024-10-16,21,other_fhv,2,
206,Staten Island,2024-10-16,22,yellow,0,
206,Staten Island,2024-10-16,22,green,0,
206,Staten Island,2024-10-16,22,hvfhv,42,15.12
206,Staten Island,2024-10-16,22,other_fhv,4,
206,Staten Island,2024-10-16,23,yellow,0,
206,Staten Island,2024-10-16,23,green,0,
206,Staten Island,2024-10-16,23,hvfhv,41,17.81
206,Staten Island,2024-10-16,23,other_fhv,2,
207,Queens,2024-10-16,0,yellow,0,
207,Queens,2024-10-16,0,green,0,
207,Queens,2024-10-16,0,hvfhv,7,13.98
207,Queens,2024-10-16,0,other_fhv,0,
207,Queens,2024-10-16,1,yellow,0,
207,Queens,2024-10-16,1,green,0,
207,Queens,2024-10-16,1,hvfhv,2,8.02
207,Queens,2024-10-16,1,other_fhv,0,
207,Queens,2024-10-16,2,yellow,0,
207,Queens,2024-10-16,2,green,0,
207,Queens,2024-10-16,2,hvfhv,1,19.59
207,Queens,2024-10-16,2,other_fhv,0,
207,Queens,2024-10-16,3,yellow,0,
207,Queens,2024-10-16,3,green,0,
207,Queens,2024-10-16,3,hvfhv,2,8.5
207,Queens,2024-10-16,3,other_fhv,0,
207,Queens,2024-10-16,4,yellow,0,
207,Queens,2024-10-16,4,green,0,
207,Queens,2024-10-16,4,hvfhv,15,9.42
207,Queens,2024-10-16,4,other_fhv,0,
207,Queens,2024-10-16,5,yellow,0,
207,Queens,2024-10-16,5,green,0,
207,Queens,2024-10-16,5,hvfhv,23,14.82
207,Queens,2024-10-16,5,other_fhv,0,
207,Queens,2024-10-16,6,yellow,0,
207,Queens,2024-10-16,6,green,0,
207,Queens,2024-10-16,6,hvfhv,3,18.16
207,Queens,2024-10-16,6,other_fhv,0,
207,Queens,2024-10-16,7,yellow,3,3.7
207,Queens,2024-10-16,7,green,0,
207,Queens,2024-10-16,7,hvfhv,8,15.58
207,Queens,2024-10-16,7,other_fhv,0,
207,Queens,2024-10-16,8,yellow,1,0.0
207,Queens,2024-10-16,8,green,0,
207,Queens,2024-10-16,8,hvfhv,4,10.2
207,Queens,2024-10-16,8,other_fhv,0,
207,Queens,2024-10-16,9,yellow,0,
207,Queens,2024-10-16,9,green,0,
207,Queens,2024-10-16,9,hvfhv,6,13.2
207,Queens,2024-10-16,9,other_fhv,0,
207,Queens,2024-10-16,10,yellow,1,3.0
207,Queens,2024-10-16,10,green,0,
207,Queens,2024-10-16,10,hvfhv,14,13.54
207,Queens,2024-10-16,10,other_fhv,0,
207,Queens,2024-10-16,11,yellow,3,3.0
207,Queens,2024-10-16,11,green,0,
207,Queens,2024-10-16,11,hvfhv,18,11.93
207,Queens,2024-10-16,11,other_fhv,0,
207,Queens,2024-10-16,12,yellow,1,96.8
207,Queens,2024-10-16,12,green,0,
207,Queens,2024-10-16,12,hvfhv,1,22.09
207,Queens,2024-10-16,12,other_fhv,0,
207,Queens,2024-10-16,13,yellow,1,3.7
207,Queens,2024-10-16,13,green,0,
207,Queens,2024-10-16,13,hvfhv,10,12.12
207,Queens,2024-10-16,13,other_fhv,0,
207,Queens,2024-10-16,14,yellow,2,0.0
207,Queens,2024-10-16,14,green,0,
207,Queens,2024-10-16,14,hvfhv,11,17.05
207,Queens,2024-10-16,14,other_fhv,0,
207,Queens,2024-10-16,15,yellow,0,
207,Queens,2024-10-16,15,green,0,
207,Queens,2024-10-16,15,hvfhv,3,16.62
207,Queens,2024-10-16,15,other_fhv,0,
207,Queens,2024-10-16,16,yellow,0,
207,Queens,2024-10-16,16,green,0,
207,Queens,2024-10-16,16,hvfhv,9,14.28
207,Queens,2024-10-16,16,other_fhv,0,
207,Queens,2024-10-16,17,yellow,0,
207,Queens,2024-10-16,17,green,0,
207,Queens,2024-10-16,17,hvfhv,4,14.68
207,Queens,2024-10-16,17,other_fhv,0,
207,Queens,2024-10-16,18,yellow,0,
207,Queens,2024-10-16,18,green,0,
207,Queens,2024-10-16,18,hvfhv,1,8.7
207,Queens,2024-10-16,18,other_fhv,0,
207,Queens,2024-10-16,19,yellow,0,
207,Queens,2024-10-16,19,green,0,
207,Queens,2024-10-16,19,hvfhv,8,19.48
207,Queens,2024-10-16,19,other_fhv,1,
207,Queens,2024-10-16,20,yellow,0,
207,Queens,2024-10-16,20,green,0,
207,Queens,2024-10-16,20,hvfhv,2,16.53
207,Queens,2024-10-16,20,other_fhv,0,
207,Queens,2024-10-16,21,yellow,0,
207,Queens,2024-10-16,21,green,0,
207,Queens,2024-10-16,21,hvfhv,2,18.3
207,Queens,2024-10-16,21,other_fhv,0,
207,Queens,2024-10-16,22,yellow,1,36.6
207,Queens,2024-10-16,22,green,0,
207,Queens,2024-10-16,22,hvfhv,6,12.8
207,Queens,2024-10-16,22,other_fhv,0,
207,Queens,2024-10-16,23,yellow,0,
207,Queens,2024-10-16,23,green,0,
207,Queens,2024-10-16,23,hvfhv,1,34.63
207,Queens,2024-10-16,23,other_fhv,0,
208,Bronx,2024-10-16,0,yellow,0,
208,Bronx,2024-10-16,0,green,0,
208,Bronx,2024-10-16,0,hvfhv,27,19.16
208,Bronx,2024-10-16,0,other_fhv,0,
208,Bronx,2024-10-16,1,yellow,0,
208,Bronx,2024-10-16,1,green,0,
208,Bronx,2024-10-16,1,hvfhv,21,26.6
208,Bronx,2024-10-16,1,other_fhv,0,
208,Bronx,2024-10-16,2,yellow,0,
208,Bronx,2024-10-16,2,green,0,
208,Bronx,2024-10-16,2,hvfhv,12,23.27
208,Bronx,2024-10-16,2,other_fhv,0,
208,Bronx,2024-10-16,3,yellow,1,13.88
208,Bronx,2024-10-16,3,green,0,
208,Bronx,2024-10-16,3,hvfhv,17,19.46
208,Bronx,2024-10-16,3,other_fhv,0,
208,Bronx,2024-10-16,4,yellow,0,
208,Bronx,2024-10-16,4,green,0,
208,Bronx,2024-10-16,4,hvfhv,27,27.56
208,Bronx,2024-10-16,4,other_fhv,0,
208,Bronx,2024-10-16,5,yellow,0,
208,Bronx,2024-10-16,5,green,0,
208,Bronx,2024-10-16,5,hvfhv,43,27.66
208,Bronx,2024-10-16,5,other_fhv,0,
208,Bronx,2024-10-16,6,yellow,0,
208,Bronx,2024-10-16,6,green,0,
208,Bronx,2024-10-16,6,hvfhv,95,26.85
208,Bronx,2024-10-16,6,other_fhv,1,
208,Bronx,2024-10-16,7,yellow,1,47.5
208,Bronx,2024-10-16,7,green,0,
208,Bronx,2024-10-16,7,hvfhv,176,22.12
208,Bronx,2024-10-16,7,other_fhv,1,
208,Bronx,2024-10-16,8,yellow,0,
208,Bronx,2024-10-16,8,green,0,
208,Bronx,2024-10-16,8,hvfhv,166,20.69
208,Bronx,2024-10-16,8,other_fhv,2,
208,Bronx,2024-10-16,9,yellow,0,
208,Bronx,2024-10-16,9,green,0,
208,Bronx,2024-10-16,9,hvfhv,116,21.49
208,Bronx,2024-10-16,9,other_fhv,0,
208,Bronx,2024-10-16,10,yellow,1,36.5
208,Bronx,2024-10-16,10,green,0,
208,Bronx,2024-10-16,10,hvfhv,70,21.8
208,Bronx,2024-10-16,10,other_fhv,0,
208,Bronx,2024-10-16,11,yellow,2,35.5
208,Bronx,2024-10-16,11,green,0,
208,Bronx,2024-10-16,11,hvfhv,69,23.36
208,Bronx,2024-10-16,11,other_fhv,1,
208,Bronx,2024-10-16,12,yellow,1,9.21
208,Bronx,2024-10-16,12,green,0,
208,Bronx,2024-10-16,12,hvfhv,80,19.43
208,Bronx,2024-10-16,12,other_fhv,1,
208,Bronx,2024-10-16,13,yellow,0,
208,Bronx,2024-10-16,13,green,0,
208,Bronx,2024-10-16,13,hvfhv,68,19.53
208,Bronx,2024-10-16,13,other_fhv,0,
208,Bronx,2024-10-16,14,yellow,0,
208,Bronx,2024-10-16,14,green,1,24.7
208,Bronx,2024-10-16,14,hvfhv,92,21.89
208,Bronx,2024-10-16,14,other_fhv,0,
208,Bronx,2024-10-16,15,yellow,1,41.5
208,Bronx,2024-10-16,15,green,0,
208,Bronx,2024-10-16,15,hvfhv,83,22.72
208,Bronx,2024-10-16,15,other_fhv,0,
208,Bronx,2024-10-16,16,yellow,0,
208,Bronx,2024-10-16,16,green,0,
208,Bronx,2024-10-16,16,hvfhv,88,20.2
208,Bronx,2024-10-16,16,other_fhv,2,
208,Bronx,2024-10-16,17,yellow,0,
208,Bronx,2024-10-16,17,green,0,
208,Bronx,2024-10-16,17,hvfhv,104,19.05
208,Bronx,2024-10-16,17,other_fhv,0,
208,Bronx,2024-10-16,18,yellow,0,
208,Bronx,2024-10-16,18,green,0,
208,Bronx,2024-10-16,18,hvfhv,91,19.78
208,Bronx,2024-10-16,18,other_fhv,1,
208,Bronx,2024-10-16,19,yellow,0,
208,Bronx,2024-10-16,19,green,0,
208,Bronx,2024-10-16,19,hvfhv,96,22.17
208,Bronx,2024-10-16,19,other_fhv,1,
208,Bronx,2024-10-16,20,yellow,0,
208,Bronx,2024-10-16,20,green,0,
208,Bronx,2024-10-16,20,hvfhv,71,19.63
208,Bronx,2024-10-16,20,other_fhv,0,
208,Bronx,2024-10-16,21,yellow,0,
208,Bronx,2024-10-16,21,green,0,
208,Bronx,2024-10-16,21,hvfhv,64,19.42
208,Bronx,2024-10-16,21,other_fhv,0,
208,Bronx,2024-10-16,22,yellow,0,
208,Bronx,2024-10-16,22,green,0,
208,Bronx,2024-10-16,22,hvfhv,71,19.02
208,Bronx,2024-10-16,22,other_fhv,0,
208,Bronx,2024-10-16,23,yellow,0,
208,Bronx,2024-10-16,23,green,0,
208,Bronx,2024-10-16,23,hvfhv,49,17.69
208,Bronx,2024-10-16,23,other_fhv,0,
209,Manhattan,2024-10-16,0,yellow,4,29.14
209,Manhattan,2024-10-16,0,green,0,
209,Manhattan,2024-10-16,0,hvfhv,34,26.13
209,Manhattan,2024-10-16,0,other_fhv,1,
209,Manhattan,2024-10-16,1,yellow,1,12.1
209,Manhattan,2024-10-16,1,green,0,
209,Manhattan,2024-10-16,1,hvfhv,19,25.18
209,Manhattan,2024-10-16,1,other_fhv,1,
209,Manhattan,2024-10-16,2,yellow,1,24.0
209,Manhattan,2024-10-16,2,green,0,
209,Manhattan,2024-10-16,2,hvfhv,11,23.67
209,Manhattan,2024-10-16,2,other_fhv,0,
209,Manhattan,2024-10-16,3,yellow,0,
209,Manhattan,2024-10-16,3,green,0,
209,Manhattan,2024-10-16,3,hvfhv,15,32.83
209,Manhattan,2024-10-16,3,other_fhv,0,
209,Manhattan,2024-10-16,4,yellow,0,
209,Manhattan,2024-10-16,4,green,0,
209,Manhattan,2024-10-16,4,hvfhv,8,39.32
209,Manhattan,2024-10-16,4,other_fhv,0,
209,Manhattan,2024-10-16,5,yellow,0,
209,Manhattan,2024-10-16,5,green,0,
209,Manhattan,2024-10-16,5,hvfhv,14,50.33
209,Manhattan,2024-10-16,5,other_fhv,0,
209,Manhattan,2024-10-16,6,yellow,1,14.9
209,Manhattan,2024-10-16,6,green,0,
209,Manhattan,2024-10-16,6,hvfhv,27,48.76
209,Manhattan,2024-10-16,6,other_fhv,1,
209,Manhattan,2024-10-16,7,yellow,1,11.93
209,Manhattan,2024-10-16,7,green,0,
209,Manhattan,2024-10-16,7,hvfhv,48,49.45
209,Manhattan,2024-10-16,7,other_fhv,0,
209,Manhattan,2024-10-16,8,yellow,12,15.67
209,Manhattan,2024-10-16,8,green,0,
209,Manhattan,2024-10-16,8,hvfhv,68,37.3
209,Manhattan,2024-10-16,8,other_fhv,0,
209,Manhattan,2024-10-16,9,yellow,7,28.34
209,Manhattan,2024-10-16,9,green,0,
209,Manhattan,2024-10-16,9,hvfhv,59,40.43
209,Manhattan,2024-10-16,9,other_fhv,0,
209,Manhattan,2024-10-16,10,yellow,7,20.2
209,Manhattan,2024-10-16,10,green,0,
209,Manhattan,2024-10-16,10,hvfhv,61,38.78
209,Manhattan,2024-10-16,10,other_fhv,4,
209,Manhattan,2024-10-16,11,yellow,3,25.17
209,Manhattan,2024-10-16,11,green,0,
209,Manhattan,2024-10-16,11,hvfhv,49,35.32
209,Manhattan,2024-10-16,11,other_fhv,0,
209,Manhattan,2024-10-16,12,yellow,16,35.35
209,Manhattan,2024-10-16,12,green,0,
209,Manhattan,2024-10-16,12,hvfhv,47,35.81
209,Manhattan,2024-10-16,12,other_fhv,0,
209,Manhattan,2024-10-16,13,yellow,7,29.8
209,Manhattan,2024-10-16,13,green,0,
209,Manhattan,2024-10-16,13,hvfhv,46,36.74
209,Manhattan,2024-10-16,13,other_fhv,6,
209,Manhattan,2024-10-16,14,yellow,16,28.33
209,Manhattan,2024-10-16,14,green,0,
209,Manhattan,2024-10-16,14,hvfhv,53,42.54
209,Manhattan,2024-10-16,14,other_fhv,1,
209,Manhattan,2024-10-16,15,yellow,11,34.19
209,Manhattan,2024-10-16,15,green,0,
209,Manhattan,2024-10-16,15,hvfhv,46,41.64
209,Manhattan,2024-10-16,15,other_fhv,1,
209,Manhattan,2024-10-16,16,yellow,9,24.33
209,Manhattan,2024-10-16,16,green,0,
209,Manhattan,2024-10-16,16,hvfhv,65,38.0
209,Manhattan,2024-10-16,16,other_fhv,1,
209,Manhattan,2024-10-16,17,yellow,12,30.01
209,Manhattan,2024-10-16,17,green,0,
209,Manhattan,2024-10-16,17,hvfhv,65,39.54
209,Manhattan,2024-10-16,17,other_fhv,1,
209,Manhattan,2024-10-16,18,yellow,22,23.74
209,Manhattan,2024-10-16,18,green,0,
209,Manhattan,2024-10-16,18,hvfhv,101,37.92
209,Manhattan,2024-10-16,18,other_fhv,1,
209,Manhattan,2024-10-16,19,yellow,26,19.87
209,Manhattan,2024-10-16,19,green,0,
209,Manhattan,2024-10-16,19,hvfhv,134,31.51
209,Manhattan,2024-10-16,19,other_fhv,2,
209,Manhattan,2024-10-16,20,yellow,24,19.64
209,Manhattan,2024-10-16,20,green,0,
209,Manhattan,2024-10-16,20,hvfhv,94,37.19
209,Manhattan,2024-10-16,20,other_fhv,3,
209,Manhattan,2024-10-16,21,yellow,25,22.54
209,Manhattan,2024-10-16,21,green,0,
209,Manhattan,2024-10-16,21,hvfhv,122,35.65
209,Manhattan,2024-10-16,21,other_fhv,2,
209,Manhattan,2024-10-16,22,yellow,30,18.3
209,Manhattan,2024-10-16,22,green,0,
209,Manhattan,2024-10-16,22,hvfhv,108,37.89
209,Manhattan,2024-10-16,22,other_fhv,3,
209,Manhattan,2024-10-16,23,yellow,14,19.5
209,Manhattan,2024-10-16,23,green,0,
209,Manhattan,2024-10-16,23,hvfhv,79,28.86
209,Manhattan,2024-10-16,23,other_fhv,1,
210,Brooklyn,2024-10-16,0,yellow,0,
210,Brooklyn,2024-10-16,0,green,1,61.8
210,Brooklyn,2024-10-16,0,hvfhv,28,17.01
210,Brooklyn,2024-10-16,0,other_fhv,0,
210,Brooklyn,2024-10-16,1,yellow,0,
210,Brooklyn,2024-10-16,1,green,0,
210,Brooklyn,2024-10-16,1,hvfhv,12,21.76
210,Brooklyn,2024-10-16,1,other_fhv,0,
210,Brooklyn,2024-10-16,2,yellow,0,
210,Brooklyn,2024-10-16,2,green,0,
210,Brooklyn,2024-10-16,2,hvfhv,17,40.05
210,Brooklyn,2024-10-16,2,other_fhv,1,
210,Brooklyn,2024-10-16,3,yellow,0,
210,Brooklyn,2024-10-16,3,green,0,
210,Brooklyn,2024-10-16,3,hvfhv,12,16.75
210,Brooklyn,2024-10-16,3,other_fhv,0,
210,Brooklyn,2024-10-16,4,yellow,0,
210,Brooklyn,2024-10-16,4,green,0,
210,Brooklyn,2024-10-16,4,hvfhv,29,24.53
210,Brooklyn,2024-10-16,4,other_fhv,0,
210,Brooklyn,2024-10-16,5,yellow,0,
210,Brooklyn,2024-10-16,5,green,0,
210,Brooklyn,2024-10-16,5,hvfhv,37,31.72
210,Brooklyn,2024-10-16,5,other_fhv,1,
210,Brooklyn,2024-10-16,6,yellow,1,57.5
210,Brooklyn,2024-10-16,6,green,1,36.5
210,Brooklyn,2024-10-16,6,hvfhv,70,26.74
210,Brooklyn,2024-10-16,6,other_fhv,3,
210,Brooklyn,2024-10-16,7,yellow,0,
210,Brooklyn,2024-10-16,7,green,1,10.7
210,Brooklyn,2024-10-16,7,hvfhv,184,19.78
210,Brooklyn,2024-10-16,7,other_fhv,6,
210,Brooklyn,2024-10-16,8,yellow,4,35.25
210,Brooklyn,2024-10-16,8,green,0,
210,Brooklyn,2024-10-16,8,hvfhv,182,18.52
210,Brooklyn,2024-10-16,8,other_fhv,16,
210,Brooklyn,2024-10-16,9,yellow,1,47.5
210,Brooklyn,2024-10-16,9,green,0,
210,Brooklyn,2024-10-16,9,hvfhv,144,18.85
210,Brooklyn,2024-10-16,9,other_fhv,11,
210,Brooklyn,2024-10-16,10,yellow,3,26.17
210,Brooklyn,2024-10-16,10,green,0,
210,Brooklyn,2024-10-16,10,hvfhv,85,18.02
210,Brooklyn,2024-10-16,10,other_fhv,19,
210,Brooklyn,2024-10-16,11,yellow,0,
210,Brooklyn,2024-10-16,11,green,0,
210,Brooklyn,2024-10-16,11,hvfhv,101,23.0
210,Brooklyn,2024-10-16,11,other_fhv,5,
210,Brooklyn,2024-10-16,12,yellow,2,25.0
210,Brooklyn,2024-10-16,12,green,1,9.3
210,Brooklyn,2024-10-16,12,hvfhv,105,19.86
210,Brooklyn,2024-10-16,12,other_fhv,11,
210,Brooklyn,2024-10-16,13,yellow,3,22.16
210,Brooklyn,2024-10-16,13,green,0,
210,Brooklyn,2024-10-16,13,hvfhv,86,21.74
210,Brooklyn,2024-10-16,13,other_fhv,27,
210,Brooklyn,2024-10-16,14,yellow,2,16.54
210,Brooklyn,2024-10-16,14,green,0,
210,Brooklyn,2024-10-16,14,hvfhv,87,19.08
210,Brooklyn,2024-10-16,14,other_fhv,8,
210,Brooklyn,2024-10-16,15,yellow,0,
210,Brooklyn,2024-10-16,15,green,0,
210,Brooklyn,2024-10-16,15,hvfhv,106,21.17
210,Brooklyn,2024-10-16,15,other_fhv,7,
210,Brooklyn,2024-10-16,16,yellow,0,
210,Brooklyn,2024-10-16,16,green,0,
210,Brooklyn,2024-10-16,16,hvfhv,132,22.94
210,Brooklyn,2024-10-16,16,other_fhv,5,
210,Brooklyn,2024-10-16,17,yellow,0,
210,Brooklyn,2024-10-16,17,green,1,7.9
210,Brooklyn,2024-10-16,17,hvfhv,121,19.04
210,Brooklyn,2024-10-16,17,other_fhv,4,
210,Brooklyn,2024-10-16,18,yellow,0,
210,Brooklyn,2024-10-16,18,green,0,
210,Brooklyn,2024-10-16,18,hvfhv,104,17.65
210,Brooklyn,2024-10-16,18,other_fhv,5,
210,Brooklyn,2024-10-16,19,yellow,0,
210,Brooklyn,2024-10-16,19,green,1,31.0
210,Brooklyn,2024-10-16,19,hvfhv,87,17.9
210,Brooklyn,2024-10-16,19,other_fhv,2,
210,Brooklyn,2024-10-16,20,yellow,0,
210,Brooklyn,2024-10-16,20,green,1,9.0
210,Brooklyn,2024-10-16,20,hvfhv,78,17.42
210,Brooklyn,2024-10-16,20,other_fhv,3,
210,Brooklyn,2024-10-16,21,yellow,0,
210,Brooklyn,2024-10-16,21,green,0,
210,Brooklyn,2024-10-16,21,hvfhv,64,16.21
210,Brooklyn,2024-10-16,21,other_fhv,0,
210,Brooklyn,2024-10-16,22,yellow,0,
210,Brooklyn,2024-10-16,22,green,0,
210,Brooklyn,2024-10-16,22,hvfhv,51,17.16
210,Brooklyn,2024-10-16,22,other_fhv,1,
210,Brooklyn,2024-10-16,23,yellow,0,
210,Brooklyn,2024-10-16,23,green,0,
210,Brooklyn,2024-10-16,23,hvfhv,53,18.72
210,Brooklyn,2024-10-16,23,other_fhv,2,
211,Manhattan,2024-10-16,0,yellow,14,10.87
211,Manhattan,2024-10-16,0,green,0,
211,Manhattan,2024-10-16,0,hvfhv,98,23.94
211,Manhattan,2024-10-16,0,other_fhv,0,
211,Manhattan,2024-10-16,1,yellow,6,13.74
211,Manhattan,2024-10-16,1,green,0,
211,Manhattan,2024-10-16,1,hvfhv,41,22.12
211,Manhattan,2024-10-16,1,other_fhv,0,
211,Manhattan,2024-10-16,2,yellow,4,15.07
211,Manhattan,2024-10-16,2,green,0,
211,Manhattan,2024-10-16,2,hvfhv,35,26.13
211,Manhattan,2024-10-16,2,other_fhv,1,
211,Manhattan,2024-10-16,3,yellow,9,17.02
211,Manhattan,2024-10-16,3,green,0,
211,Manhattan,2024-10-16,3,hvfhv,45,23.15
211,Manhattan,2024-10-16,3,other_fhv,0,
211,Manhattan,2024-10-16,4,yellow,0,
211,Manhattan,2024-10-16,4,green,0,
211,Manhattan,2024-10-16,4,hvfhv,40,38.88
211,Manhattan,2024-10-16,4,other_fhv,0,
211,Manhattan,2024-10-16,5,yellow,0,
211,Manhattan,2024-10-16,5,green,0,
211,Manhattan,2024-10-16,5,hvfhv,28,40.49
211,Manhattan,2024-10-16,5,other_fhv,0,
211,Manhattan,2024-10-16,6,yellow,4,14.13
211,Manhattan,2024-10-16,6,green,0,
211,Manhattan,2024-10-16,6,hvfhv,55,40.26
211,Manhattan,2024-10-16,6,other_fhv,0,
211,Manhattan,2024-10-16,7,yellow,22,21.82
211,Manhattan,2024-10-16,7,green,0,
211,Manhattan,2024-10-16,7,hvfhv,75,36.31
211,Manhattan,2024-10-16,7,other_fhv,1,
211,Manhattan,2024-10-16,8,yellow,23,15.65
211,Manhattan,2024-10-16,8,green,0,
211,Manhattan,2024-10-16,8,hvfhv,127,35.06
211,Manhattan,2024-10-16,8,other_fhv,3,
211,Manhattan,2024-10-16,9,yellow,29,18.76
211,Manhattan,2024-10-16,9,green,0,
211,Manhattan,2024-10-16,9,hvfhv,100,33.7
211,Manhattan,2024-10-16,9,other_fhv,3,
211,Manhattan,2024-10-16,10,yellow,26,18.09
211,Manhattan,2024-10-16,10,green,0,
211,Manhattan,2024-10-16,10,hvfhv,98,34.45
211,Manhattan,2024-10-16,10,other_fhv,1,
211,Manhattan,2024-10-16,11,yellow,26,19.2
211,Manhattan,2024-10-16,11,green,0,
211,Manhattan,2024-10-16,11,hvfhv,142,34.73
211,Manhattan,2024-10-16,11,other_fhv,1,
211,Manhattan,2024-10-16,12,yellow,47,17.59
211,Manhattan,2024-10-16,12,green,0,
211,Manhattan,2024-10-16,12,hvfhv,149,34.7
211,Manhattan,2024-10-16,12,other_fhv,2,
211,Manhattan,2024-10-16,13,yellow,45,19.8
211,Manhattan,2024-10-16,13,green,0,
211,Manhattan,2024-10-16,13,hvfhv,156,37.49
211,Manhattan,2024-10-16,13,other_fhv,1,
211,Manhattan,2024-10-16,14,yellow,57,20.96
211,Manhattan,2024-10-16,14,green,0,
211,Manhattan,2024-10-16,14,hvfhv,176,38.4
211,Manhattan,2024-10-16,14,other_fhv,2,
211,Manhattan,2024-10-16,15,yellow,56,21.0
211,Manhattan,2024-10-16,15,green,0,
211,Manhattan,2024-10-16,15,hvfhv,173,40.93
211,Manhattan,2024-10-16,15,other_fhv,0,
211,Manhattan,2024-10-16,16,yellow,52,22.02
211,Manhattan,2024-10-16,16,green,0,
211,Manhattan,2024-10-16,16,hvfhv,195,37.79
211,Manhattan,2024-10-16,16,other_fhv,1,
211,Manhattan,2024-10-16,17,yellow,63,22.63
211,Manhattan,2024-10-16,17,green,0,
211,Manhattan,2024-10-16,17,hvfhv,191,41.25
211,Manhattan,2024-10-16,17,other_fhv,2,
211,Manhattan,2024-10-16,18,yellow,90,18.56
211,Manhattan,2024-10-16,18,green,0,
211,Manhattan,2024-10-16,18,hvfhv,297,34.36
211,Manhattan,2024-10-16,18,other_fhv,4,
211,Manhattan,2024-10-16,19,yellow,75,16.82
211,Manhattan,2024-10-16,19,green,0,
211,Manhattan,2024-10-16,19,hvfhv,268,31.8
211,Manhattan,2024-10-16,19,other_fhv,4,
211,Manhattan,2024-10-16,20,yellow,71,17.46
211,Manhattan,2024-10-16,20,green,0,
211,Manhattan,2024-10-16,20,hvfhv,324,32.29
211,Manhattan,2024-10-16,20,other_fhv,6,
211,Manhattan,2024-10-16,21,yellow,80,15.02
211,Manhattan,2024-10-16,21,green,0,
211,Manhattan,2024-10-16,21,hvfhv,275,31.77
211,Manhattan,2024-10-16,21,other_fhv,3,
211,Manhattan,2024-10-16,22,yellow,111,14.42
211,Manhattan,2024-10-16,22,green,0,
211,Manhattan,2024-10-16,22,hvfhv,300,38.38
211,Manhattan,2024-10-16,22,other_fhv,2,
211,Manhattan,2024-10-16,23,yellow,73,18.04
211,Manhattan,2024-10-16,23,green,0,
211,Manhattan,2024-10-16,23,hvfhv,235,31.42
211,Manhattan,2024-10-16,23,other_fhv,3,
212,Bronx,2024-10-16,0,yellow,0,
212,Bronx,2024-10-16,0,green,0,
212,Bronx,2024-10-16,0,hvfhv,41,14.4
212,Bronx,2024-10-16,0,other_fhv,0,
212,Bronx,2024-10-16,1,yellow,0,
212,Bronx,2024-10-16,1,green,0,
212,Bronx,2024-10-16,1,hvfhv,26,13.41
212,Bronx,2024-10-16,1,other_fhv,0,
212,Bronx,2024-10-16,2,yellow,0,
212,Bronx,2024-10-16,2,green,0,
212,Bronx,2024-10-16,2,hvfhv,20,12.42
212,Bronx,2024-10-16,2,other_fhv,0,
212,Bronx,2024-10-16,3,yellow,0,
212,Bronx,2024-10-16,3,green,0,
212,Bronx,2024-10-16,3,hvfhv,24,22.27
212,Bronx,2024-10-16,3,other_fhv,0,
212,Bronx,2024-10-16,4,yellow,0,
212,Bronx,2024-10-16,4,green,0,
212,Bronx,2024-10-16,4,hvfhv,22,18.52
212,Bronx,2024-10-16,4,other_fhv,0,
212,Bronx,2024-10-16,5,yellow,0,
212,Bronx,2024-10-16,5,green,0,
212,Bronx,2024-10-16,5,hvfhv,42,20.33
212,Bronx,2024-10-16,5,other_fhv,0,
212,Bronx,2024-10-16,6,yellow,1,41.94
212,Bronx,2024-10-16,6,green,0,
212,Bronx,2024-10-16,6,hvfhv,75,21.93
212,Bronx,2024-10-16,6,other_fhv,0,
212,Bronx,2024-10-16,7,yellow,3,19.02
212,Bronx,2024-10-16,7,green,0,
212,Bronx,2024-10-16,7,hvfhv,87,22.89
212,Bronx,2024-10-16,7,other_fhv,1,
212,Bronx,2024-10-16,8,yellow,0,
212,Bronx,2024-10-16,8,green,0,
212,Bronx,2024-10-16,8,hvfhv,95,21.23
212,Bronx,2024-10-16,8,other_fhv,0,
212,Bronx,2024-10-16,9,yellow,0,
212,Bronx,2024-10-16,9,green,0,
212,Bronx,2024-10-16,9,hvfhv,100,20.62
212,Bronx,2024-10-16,9,other_fhv,1,
212,Bronx,2024-10-16,10,yellow,0,
212,Bronx,2024-10-16,10,green,0,
212,Bronx,2024-10-16,10,hvfhv,65,18.84
212,Bronx,2024-10-16,10,other_fhv,1,
212,Bronx,2024-10-16,11,yellow,0,
212,Bronx,2024-10-16,11,green,0,
212,Bronx,2024-10-16,11,hvfhv,47,17.46
212,Bronx,2024-10-16,11,other_fhv,1,
212,Bronx,2024-10-16,12,yellow,2,24.44
212,Bronx,2024-10-16,12,green,0,
212,Bronx,2024-10-16,12,hvfhv,61,16.87
212,Bronx,2024-10-16,12,other_fhv,0,
212,Bronx,2024-10-16,13,yellow,0,
212,Bronx,2024-10-16,13,green,0,
212,Bronx,2024-10-16,13,hvfhv,61,16.22
212,Bronx,2024-10-16,13,other_fhv,1,
212,Bronx,2024-10-16,14,yellow,0,
212,Bronx,2024-10-16,14,green,0,
212,Bronx,2024-10-16,14,hvfhv,76,17.35
212,Bronx,2024-10-16,14,other_fhv,0,
212,Bronx,2024-10-16,15,yellow,1,25.5
212,Bronx,2024-10-16,15,green,0,
212,Bronx,2024-10-16,15,hvfhv,59,18.85
212,Bronx,2024-10-16,15,other_fhv,0,
212,Bronx,2024-10-16,16,yellow,1,18.05
212,Bronx,2024-10-16,16,green,0,
212,Bronx,2024-10-16,16,hvfhv,75,18.2
212,Bronx,2024-10-16,16,other_fhv,0,
212,Bronx,2024-10-16,17,yellow,0,
212,Bronx,2024-10-16,17,green,0,
212,Bronx,2024-10-16,17,hvfhv,87,16.26
212,Bronx,2024-10-16,17,other_fhv,0,
212,Bronx,2024-10-16,18,yellow,0,
212,Bronx,2024-10-16,18,green,0,
212,Bronx,2024-10-16,18,hvfhv,71,15.29
212,Bronx,2024-10-16,18,other_fhv,0,
212,Bronx,2024-10-16,19,yellow,0,
212,Bronx,2024-10-16,19,green,0,
212,Bronx,2024-10-16,19,hvfhv,80,14.75
212,Bronx,2024-10-16,19,other_fhv,0,
212,Bronx,2024-10-16,20,yellow,0,
212,Bronx,2024-10-16,20,green,0,
212,Bronx,2024-10-16,20,hvfhv,57,13.53
212,Bronx,2024-10-16,20,other_fhv,0,
212,Bronx,2024-10-16,21,yellow,0,
212,Bronx,2024-10-16,21,green,0,
212,Bronx,2024-10-16,21,hvfhv,74,17.01
212,Bronx,2024-10-16,21,other_fhv,0,
212,Bronx,2024-10-16,22,yellow,0,
212,Bronx,2024-10-16,22,green,0,
212,Bronx,2024-10-16,22,hvfhv,68,17.3
212,Bronx,2024-10-16,22,other_fhv,0,
212,Bronx,2024-10-16,23,yellow,0,
212,Bronx,2024-10-16,23,green,0,
212,Bronx,2024-10-16,23,hvfhv,64,14.94
212,Bronx,2024-10-16,23,other_fhv,0,
213,Bronx,2024-10-16,0,yellow,0,
213,Bronx,2024-10-16,0,green,0,
213,Bronx,2024-10-16,0,hvfhv,41,16.77
213,Bronx,2024-10-16,0,other_fhv,0,
213,Bronx,2024-10-16,1,yellow,0,
213,Bronx,2024-10-16,1,green,0,
213,Bronx,2024-10-16,1,hvfhv,24,15.13
213,Bronx,2024-10-16,1,other_fhv,0,
213,Bronx,2024-10-16,2,yellow,0,
213,Bronx,2024-10-16,2,green,0,
213,Bronx,2024-10-16,2,hvfhv,18,19.62
213,Bronx,2024-10-16,2,other_fhv,0,
213,Bronx,2024-10-16,3,yellow,0,
213,Bronx,2024-10-16,3,green,0,
213,Bronx,2024-10-16,3,hvfhv,16,17.52
213,Bronx,2024-10-16,3,other_fhv,0,
213,Bronx,2024-10-16,4,yellow,1,25.29
213,Bronx,2024-10-16,4,green,0,
213,Bronx,2024-10-16,4,hvfhv,48,21.34
213,Bronx,2024-10-16,4,other_fhv,2,
213,Bronx,2024-10-16,5,yellow,0,
213,Bronx,2024-10-16,5,green,0,
213,Bronx,2024-10-16,5,hvfhv,80,19.86
213,Bronx,2024-10-16,5,other_fhv,0,
213,Bronx,2024-10-16,6,yellow,2,42.9
213,Bronx,2024-10-16,6,green,0,
213,Bronx,2024-10-16,6,hvfhv,154,19.39
213,Bronx,2024-10-16,6,other_fhv,1,
213,Bronx,2024-10-16,7,yellow,1,28.57
213,Bronx,2024-10-16,7,green,0,
213,Bronx,2024-10-16,7,hvfhv,236,23.45
213,Bronx,2024-10-16,7,other_fhv,1,
213,Bronx,2024-10-16,8,yellow,2,46.52
213,Bronx,2024-10-16,8,green,1,17.0
213,Bronx,2024-10-16,8,hvfhv,260,21.69
213,Bronx,2024-10-16,8,other_fhv,1,
213,Bronx,2024-10-16,9,yellow,3,38.36
213,Bronx,2024-10-16,9,green,0,
213,Bronx,2024-10-16,9,hvfhv,187,21.52
213,Bronx,2024-10-16,9,other_fhv,1,
213,Bronx,2024-10-16,10,yellow,3,25.17
213,Bronx,2024-10-16,10,green,0,
213,Bronx,2024-10-16,10,hvfhv,127,18.98
213,Bronx,2024-10-16,10,other_fhv,1,
213,Bronx,2024-10-16,11,yellow,1,5.8
213,Bronx,2024-10-16,11,green,0,
213,Bronx,2024-10-16,11,hvfhv,121,20.77
213,Bronx,2024-10-16,11,other_fhv,1,
213,Bronx,2024-10-16,12,yellow,0,
213,Bronx,2024-10-16,12,green,0,
213,Bronx,2024-10-16,12,hvfhv,110,21.16
213,Bronx,2024-10-16,12,other_fhv,0,
213,Bronx,2024-10-16,13,yellow,1,42.5
213,Bronx,2024-10-16,13,green,0,
213,Bronx,2024-10-16,13,hvfhv,144,20.38
213,Bronx,2024-10-16,13,other_fhv,0,
213,Bronx,2024-10-16,14,yellow,0,
213,Bronx,2024-10-16,14,green,0,
213,Bronx,2024-10-16,14,hvfhv,159,18.54
213,Bronx,2024-10-16,14,other_fhv,0,
213,Bronx,2024-10-16,15,yellow,2,32.8
213,Bronx,2024-10-16,15,green,0,
213,Bronx,2024-10-16,15,hvfhv,129,22.02
213,Bronx,2024-10-16,15,other_fhv,1,
213,Bronx,2024-10-16,16,yellow,0,
213,Bronx,2024-10-16,16,green,0,
213,Bronx,2024-10-16,16,hvfhv,128,21.59
213,Bronx,2024-10-16,16,other_fhv,0,
213,Bronx,2024-10-16,17,yellow,0,
213,Bronx,2024-10-16,17,green,0,
213,Bronx,2024-10-16,17,hvfhv,142,18.81
213,Bronx,2024-10-16,17,other_fhv,0,
213,Bronx,2024-10-16,18,yellow,0,
213,Bronx,2024-10-16,18,green,0,
213,Bronx,2024-10-16,18,hvfhv,138,19.57
213,Bronx,2024-10-16,18,other_fhv,0,
213,Bronx,2024-10-16,19,yellow,0,
213,Bronx,2024-10-16,19,green,0,
213,Bronx,2024-10-16,19,hvfhv,131,17.75
213,Bronx,2024-10-16,19,other_fhv,1,
213,Bronx,2024-10-16,20,yellow,0,
213,Bronx,2024-10-16,20,green,0,
213,Bronx,2024-10-16,20,hvfhv,129,17.17
213,Bronx,2024-10-16,20,other_fhv,0,
213,Bronx,2024-10-16,21,yellow,0,
213,Bronx,2024-10-16,21,green,1,28.2
213,Bronx,2024-10-16,21,hvfhv,106,17.09
213,Bronx,2024-10-16,21,other_fhv,1,
213,Bronx,2024-10-16,22,yellow,0,
213,Bronx,2024-10-16,22,green,0,
213,Bronx,2024-10-16,22,hvfhv,102,18.08
213,Bronx,2024-10-16,22,other_fhv,0,
213,Bronx,2024-10-16,23,yellow,1,40.1
213,Bronx,2024-10-16,23,green,0,
213,Bronx,2024-10-16,23,hvfhv,89,16.62
213,Bronx,2024-10-16,23,other_fhv,1,
214,Staten Island,2024-10-16,0,yellow,0,
214,Staten Island,2024-10-16,0,green,0,
214,Staten Island,2024-10-16,0,hvfhv,7,17.0
214,Staten Island,2024-10-16,0,other_fhv,0,
214,Staten Island,2024-10-16,1,yellow,0,
214,Staten Island,2024-10-16,1,green,0,
214,Staten Island,2024-10-16,1,hvfhv,6,19.74
214,Staten Island,2024-10-16,1,other_fhv,0,
214,Staten Island,2024-10-16,2,yellow,0,
214,Staten Island,2024-10-16,2,green,0,
214,Staten Island,2024-10-16,2,hvfhv,4,24.13
214,Staten Island,2024-10-16,2,other_fhv,0,
214,Staten Island,2024-10-16,3,yellow,0,
214,Staten Island,2024-10-16,3,green,0,
214,Staten Island,2024-10-16,3,hvfhv,2,15.76
214,Staten Island,2024-10-16,3,other_fhv,0,
214,Staten Island,2024-10-16,4,yellow,0,
214,Staten Island,2024-10-16,4,green,0,
214,Staten Island,2024-10-16,4,hvfhv,0,
214,Staten Island,2024-10-16,4,other_fhv,1,
214,Staten Island,2024-10-16,5,yellow,0,
214,Staten Island,2024-10-16,5,green,0,
214,Staten Island,2024-10-16,5,hvfhv,10,26.73
214,Staten Island,2024-10-16,5,other_fhv,0,
214,Staten Island,2024-10-16,6,yellow,0,
214,Staten Island,2024-10-16,6,green,0,
214,Staten Island,2024-10-16,6,hvfhv,18,21.63
214,Staten Island,2024-10-16,6,other_fhv,0,
214,Staten Island,2024-10-16,7,yellow,0,
214,Staten Island,2024-10-16,7,green,0,
214,Staten Island,2024-10-16,7,hvfhv,37,20.34
214,Staten Island,2024-10-16,7,other_fhv,3,
214,Staten Island,2024-10-16,8,yellow,0,
214,Staten Island,2024-10-16,8,green,0,
214,Staten Island,2024-10-16,8,hvfhv,45,25.06
214,Staten Island,2024-10-16,8,other_fhv,0,
214,Staten Island,2024-10-16,9,yellow,0,
214,Staten Island,2024-10-16,9,green,0,
214,Staten Island,2024-10-16,9,hvfhv,41,31.65
214,Staten Island,2024-10-16,9,other_fhv,5,
214,Staten Island,2024-10-16,10,yellow,0,
214,Staten Island,2024-10-16,10,green,0,
214,Staten Island,2024-10-16,10,hvfhv,39,18.85
214,Staten Island,2024-10-16,10,other_fhv,7,
214,Staten Island,2024-10-16,11,yellow,0,
214,Staten Island,2024-10-16,11,green,0,
214,Staten Island,2024-10-16,11,hvfhv,31,21.16
214,Staten Island,2024-10-16,11,other_fhv,9,
214,Staten Island,2024-10-16,12,yellow,0,
214,Staten Island,2024-10-16,12,green,0,
214,Staten Island,2024-10-16,12,hvfhv,28,23.12
214,Staten Island,2024-10-16,12,other_fhv,6,
214,Staten Island,2024-10-16,13,yellow,0,
214,Staten Island,2024-10-16,13,green,0,
214,Staten Island,2024-10-16,13,hvfhv,26,22.19
214,Staten Island,2024-10-16,13,other_fhv,3,
214,Staten Island,2024-10-16,14,yellow,0,
214,Staten Island,2024-10-16,14,green,0,
214,Staten Island,2024-10-16,14,hvfhv,40,24.98
214,Staten Island,2024-10-16,14,other_fhv,13,
214,Staten Island,2024-10-16,15,yellow,0,
214,Staten Island,2024-10-16,15,green,0,
214,Staten Island,2024-10-16,15,hvfhv,34,27.1
214,Staten Island,2024-10-16,15,other_fhv,8,
214,Staten Island,2024-10-16,16,yellow,0,
214,Staten Island,2024-10-16,16,green,0,
214,Staten Island,2024-10-16,16,hvfhv,33,20.94
214,Staten Island,2024-10-16,16,other_fhv,3,
214,Staten Island,2024-10-16,17,yellow,0,
214,Staten Island,2024-10-16,17,green,0,
214,Staten Island,2024-10-16,17,hvfhv,27,27.36
214,Staten Island,2024-10-16,17,other_fhv,0,
214,Staten Island,2024-10-16,18,yellow,0,
214,Staten Island,2024-10-16,18,green,0,
214,Staten Island,2024-10-16,18,hvfhv,29,19.85
214,Staten Island,2024-10-16,18,other_fhv,2,
214,Staten Island,2024-10-16,19,yellow,0,
214,Staten Island,2024-10-16,19,green,0,
214,Staten Island,2024-10-16,19,hvfhv,19,24.74
214,Staten Island,2024-10-16,19,other_fhv,1,
214,Staten Island,2024-10-16,20,yellow,0,
214,Staten Island,2024-10-16,20,green,0,
214,Staten Island,2024-10-16,20,hvfhv,8,24.16
214,Staten Island,2024-10-16,20,other_fhv,1,
214,Staten Island,2024-10-16,21,yellow,0,
214,Staten Island,2024-10-16,21,green,0,
214,Staten Island,2024-10-16,21,hvfhv,9,18.25
214,Staten Island,2024-10-16,21,other_fhv,0,
214,Staten Island,2024-10-16,22,yellow,0,
214,Staten Island,2024-10-16,22,green,0,
214,Staten Island,2024-10-16,22,hvfhv,13,22.97
214,Staten Island,2024-10-16,22,other_fhv,1,
214,Staten Island,2024-10-16,23,yellow,0,
214,Staten Island,2024-10-16,23,green,0,
214,Staten Island,2024-10-16,23,hvfhv,16,18.47
214,Staten Island,2024-10-16,23,other_fhv,2,
215,Queens,2024-10-16,0,yellow,0,
215,Queens,2024-10-16,0,green,0,
215,Queens,2024-10-16,0,hvfhv,24,20.55
215,Queens,2024-10-16,0,other_fhv,0,
215,Queens,2024-10-16,1,yellow,1,70.0
215,Queens,2024-10-16,1,green,0,
215,Queens,2024-10-16,1,hvfhv,21,19.28
215,Queens,2024-10-16,1,other_fhv,0,
215,Queens,2024-10-16,2,yellow,0,
215,Queens,2024-10-16,2,green,0,
215,Queens,2024-10-16,2,hvfhv,9,17.59
215,Queens,2024-10-16,2,other_fhv,0,
215,Queens,2024-10-16,3,yellow,0,
215,Queens,2024-10-16,3,green,0,
215,Queens,2024-10-16,3,hvfhv,24,16.45
215,Queens,2024-10-16,3,other_fhv,0,
215,Queens,2024-10-16,4,yellow,0,
215,Queens,2024-10-16,4,green,0,
215,Queens,2024-10-16,4,hvfhv,42,16.86
215,Queens,2024-10-16,4,other_fhv,0,
215,Queens,2024-10-16,5,yellow,0,
215,Queens,2024-10-16,5,green,0,
215,Queens,2024-10-16,5,hvfhv,65,18.54
215,Queens,2024-10-16,5,other_fhv,1,
215,Queens,2024-10-16,6,yellow,2,36.98
215,Queens,2024-10-16,6,green,0,
215,Queens,2024-10-16,6,hvfhv,127,21.17
215,Queens,2024-10-16,6,other_fhv,1,
215,Queens,2024-10-16,7,yellow,5,88.96
215,Queens,2024-10-16,7,green,0,
215,Queens,2024-10-16,7,hvfhv,224,20.73
215,Queens,2024-10-16,7,other_fhv,3,
215,Queens,2024-10-16,8,yellow,2,44.0
215,Queens,2024-10-16,8,green,0,
215,Queens,2024-10-16,8,hvfhv,217,16.49
215,Queens,2024-10-16,8,other_fhv,0,
215,Queens,2024-10-16,9,yellow,1,26.07
215,Queens,2024-10-16,9,green,0,
215,Queens,2024-10-16,9,hvfhv,128,15.47
215,Queens,2024-10-16,9,other_fhv,3,
215,Queens,2024-10-16,10,yellow,0,
215,Queens,2024-10-16,10,green,0,
215,Queens,2024-10-16,10,hvfhv,114,20.31
215,Queens,2024-10-16,10,other_fhv,3,
215,Queens,2024-10-16,11,yellow,0,
215,Queens,2024-10-16,11,green,0,
215,Queens,2024-10-16,11,hvfhv,98,18.31
215,Queens,2024-10-16,11,other_fhv,2,
215,Queens,2024-10-16,12,yellow,0,
215,Queens,2024-10-16,12,green,0,
215,Queens,2024-10-16,12,hvfhv,78,16.27
215,Queens,2024-10-16,12,other_fhv,1,
215,Queens,2024-10-16,13,yellow,3,128.5
215,Queens,2024-10-16,13,green,0,
215,Queens,2024-10-16,13,hvfhv,89,16.63
215,Queens,2024-10-16,13,other_fhv,3,
215,Queens,2024-10-16,14,yellow,0,
215,Queens,2024-10-16,14,green,0,
215,Queens,2024-10-16,14,hvfhv,118,17.07
215,Queens,2024-10-16,14,other_fhv,0,
215,Queens,2024-10-16,15,yellow,1,36.5
215,Queens,2024-10-16,15,green,0,
215,Queens,2024-10-16,15,hvfhv,85,18.3
215,Queens,2024-10-16,15,other_fhv,1,
215,Queens,2024-10-16,16,yellow,2,70.0
215,Queens,2024-10-16,16,green,0,
215,Queens,2024-10-16,16,hvfhv,62,19.55
215,Queens,2024-10-16,16,other_fhv,0,
215,Queens,2024-10-16,17,yellow,1,83.0
215,Queens,2024-10-16,17,green,0,
215,Queens,2024-10-16,17,hvfhv,83,16.36
215,Queens,2024-10-16,17,other_fhv,0,
215,Queens,2024-10-16,18,yellow,0,
215,Queens,2024-10-16,18,green,0,
215,Queens,2024-10-16,18,hvfhv,63,16.76
215,Queens,2024-10-16,18,other_fhv,0,
215,Queens,2024-10-16,19,yellow,3,23.33
215,Queens,2024-10-16,19,green,0,
215,Queens,2024-10-16,19,hvfhv,59,18.82
215,Queens,2024-10-16,19,other_fhv,1,
215,Queens,2024-10-16,20,yellow,0,
215,Queens,2024-10-16,20,green,0,
215,Queens,2024-10-16,20,hvfhv,66,17.07
215,Queens,2024-10-16,20,other_fhv,1,
215,Queens,2024-10-16,21,yellow,0,
215,Queens,2024-10-16,21,green,0,
215,Queens,2024-10-16,21,hvfhv,58,14.03
215,Queens,2024-10-16,21,other_fhv,0,
215,Queens,2024-10-16,22,yellow,0,
215,Queens,2024-10-16,22,green,2,18.55
215,Queens,2024-10-16,22,hvfhv,58,18.05
215,Queens,2024-10-16,22,other_fhv,1,
215,Queens,2024-10-16,23,yellow,0,
215,Queens,2024-10-16,23,green,0,
215,Queens,2024-10-16,23,hvfhv,57,23.45
215,Queens,2024-10-16,23,other_fhv,0,
216,Queens,2024-10-16,0,yellow,3,9.87
216,Queens,2024-10-16,0,green,0,
216,Queens,2024-10-16,0,hvfhv,56,18.73
216,Queens,2024-10-16,0,other_fhv,0,
216,Queens,2024-10-16,1,yellow,2,45.75
216,Queens,2024-10-16,1,green,0,
216,Queens,2024-10-16,1,hvfhv,51,19.86
216,Queens,2024-10-16,1,other_fhv,0,
216,Queens,2024-10-16,2,yellow,0,
216,Queens,2024-10-16,2,green,0,
216,Queens,2024-10-16,2,hvfhv,40,22.54
216,Queens,2024-10-16,2,other_fhv,0,
216,Queens,2024-10-16,3,yellow,0,
216,Queens,2024-10-16,3,green,0,
216,Queens,2024-10-16,3,hvfhv,51,20.93
216,Queens,2024-10-16,3,other_fhv,0,
216,Queens,2024-10-16,4,yellow,0,
216,Queens,2024-10-16,4,green,1,30.0
216,Queens,2024-10-16,4,hvfhv,98,17.43
216,Queens,2024-10-16,4,other_fhv,1,
216,Queens,2024-10-16,5,yellow,2,55.05
216,Queens,2024-10-16,5,green,0,
216,Queens,2024-10-16,5,hvfhv,130,18.25
216,Queens,2024-10-16,5,other_fhv,1,
216,Queens,2024-10-16,6,yellow,3,33.73
216,Queens,2024-10-16,6,green,0,
216,Queens,2024-10-16,6,hvfhv,227,22.11
216,Queens,2024-10-16,6,other_fhv,1,
216,Queens,2024-10-16,7,yellow,2,31.02
216,Queens,2024-10-16,7,green,0,
216,Queens,2024-10-16,7,hvfhv,336,20.3
216,Queens,2024-10-16,7,other_fhv,4,
216,Queens,2024-10-16,8,yellow,3,36.23
216,Queens,2024-10-16,8,green,0,
216,Queens,2024-10-16,8,hvfhv,312,19.74
216,Queens,2024-10-16,8,other_fhv,2,
216,Queens,2024-10-16,9,yellow,1,22.18
216,Queens,2024-10-16,9,green,0,
216,Queens,2024-10-16,9,hvfhv,227,19.93
216,Queens,2024-10-16,9,other_fhv,6,
216,Queens,2024-10-16,10,yellow,3,53.67
216,Queens,2024-10-16,10,green,0,
216,Queens,2024-10-16,10,hvfhv,185,18.98
216,Queens,2024-10-16,10,other_fhv,5,
216,Queens,2024-10-16,11,yellow,0,
216,Queens,2024-10-16,11,green,0,
216,Queens,2024-10-16,11,hvfhv,159,18.81
216,Queens,2024-10-16,11,other_fhv,4,
216,Queens,2024-10-16,12,yellow,3,42.41
216,Queens,2024-10-16,12,green,0,
216,Queens,2024-10-16,12,hvfhv,160,20.35
216,Queens,2024-10-16,12,other_fhv,2,
216,Queens,2024-10-16,13,yellow,3,60.49
216,Queens,2024-10-16,13,green,0,
216,Queens,2024-10-16,13,hvfhv,182,16.16
216,Queens,2024-10-16,13,other_fhv,0,
216,Queens,2024-10-16,14,yellow,1,85.0
216,Queens,2024-10-16,14,green,0,
216,Queens,2024-10-16,14,hvfhv,230,17.82
216,Queens,2024-10-16,14,other_fhv,2,
216,Queens,2024-10-16,15,yellow,6,36.6
216,Queens,2024-10-16,15,green,0,
216,Queens,2024-10-16,15,hvfhv,197,17.16
216,Queens,2024-10-16,15,other_fhv,2,
216,Queens,2024-10-16,16,yellow,5,83.2
216,Queens,2024-10-16,16,green,0,
216,Queens,2024-10-16,16,hvfhv,191,16.36
216,Queens,2024-10-16,16,other_fhv,2,
216,Queens,2024-10-16,17,yellow,2,110.0
216,Queens,2024-10-16,17,green,0,
216,Queens,2024-10-16,17,hvfhv,215,17.57
216,Queens,2024-10-16,17,other_fhv,1,
216,Queens,2024-10-16,18,yellow,2,51.5
216,Queens,2024-10-16,18,green,0,
216,Queens,2024-10-16,18,hvfhv,208,16.3
216,Queens,2024-10-16,18,other_fhv,2,
216,Queens,2024-10-16,19,yellow,1,87.0
216,Queens,2024-10-16,19,green,0,
216,Queens,2024-10-16,19,hvfhv,192,18.51
216,Queens,2024-10-16,19,other_fhv,1,
216,Queens,2024-10-16,20,yellow,0,
216,Queens,2024-10-16,20,green,0,
216,Queens,2024-10-16,20,hvfhv,147,16.52
216,Queens,2024-10-16,20,other_fhv,0,
216,Queens,2024-10-16,21,yellow,1,3.0
216,Queens,2024-10-16,21,green,0,
216,Queens,2024-10-16,21,hvfhv,130,17.02
216,Queens,2024-10-16,21,other_fhv,0,
216,Queens,2024-10-16,22,yellow,2,34.11
216,Queens,2024-10-16,22,green,0,
216,Queens,2024-10-16,22,hvfhv,113,18.25
216,Queens,2024-10-16,22,other_fhv,1,
216,Queens,2024-10-16,23,yellow,0,
216,Queens,2024-10-16,23,green,0,
216,Queens,2024-10-16,23,hvfhv,103,17.98
216,Queens,2024-10-16,23,other_fhv,0,
217,Brooklyn,2024-10-16,0,yellow,0,
217,Brooklyn,2024-10-16,0,green,0,
217,Brooklyn,2024-10-16,0,hvfhv,35,17.34
217,Brooklyn,2024-10-16,0,other_fhv,0,
217,Brooklyn,2024-10-16,1,yellow,0,
217,Brooklyn,2024-10-16,1,green,0,
217,Brooklyn,2024-10-16,1,hvfhv,19,16.74
217,Brooklyn,2024-10-16,1,other_fhv,0,
217,Brooklyn,2024-10-16,2,yellow,0,
217,Brooklyn,2024-10-16,2,green,0,
217,Brooklyn,2024-10-16,2,hvfhv,9,10.95
217,Brooklyn,2024-10-16,2,other_fhv,0,
217,Brooklyn,2024-10-16,3,yellow,0,
217,Brooklyn,2024-10-16,3,green,0,
217,Brooklyn,2024-10-16,3,hvfhv,9,27.11
217,Brooklyn,2024-10-16,3,other_fhv,0,
217,Brooklyn,2024-10-16,4,yellow,0,
217,Brooklyn,2024-10-16,4,green,0,
217,Brooklyn,2024-10-16,4,hvfhv,8,26.63
217,Brooklyn,2024-10-16,4,other_fhv,0,
217,Brooklyn,2024-10-16,5,yellow,1,32.55
217,Brooklyn,2024-10-16,5,green,0,
217,Brooklyn,2024-10-16,5,hvfhv,17,25.43
217,Brooklyn,2024-10-16,5,other_fhv,1,
217,Brooklyn,2024-10-16,6,yellow,0,
217,Brooklyn,2024-10-16,6,green,0,
217,Brooklyn,2024-10-16,6,hvfhv,12,25.13
217,Brooklyn,2024-10-16,6,other_fhv,0,
217,Brooklyn,2024-10-16,7,yellow,1,49.48
217,Brooklyn,2024-10-16,7,green,0,
217,Brooklyn,2024-10-16,7,hvfhv,21,26.76
217,Brooklyn,2024-10-16,7,other_fhv,2,
217,Brooklyn,2024-10-16,8,yellow,0,
217,Brooklyn,2024-10-16,8,green,0,
217,Brooklyn,2024-10-16,8,hvfhv,34,24.99
217,Brooklyn,2024-10-16,8,other_fhv,0,
217,Brooklyn,2024-10-16,9,yellow,0,
217,Brooklyn,2024-10-16,9,green,0,
217,Brooklyn,2024-10-16,9,hvfhv,52,19.43
217,Brooklyn,2024-10-16,9,other_fhv,0,
217,Brooklyn,2024-10-16,10,yellow,0,
217,Brooklyn,2024-10-16,10,green,0,
217,Brooklyn,2024-10-16,10,hvfhv,71,15.58
217,Brooklyn,2024-10-16,10,other_fhv,0,
217,Brooklyn,2024-10-16,11,yellow,0,
217,Brooklyn,2024-10-16,11,green,0,
217,Brooklyn,2024-10-16,11,hvfhv,64,16.24
217,Brooklyn,2024-10-16,11,other_fhv,0,
217,Brooklyn,2024-10-16,12,yellow,1,14.2
217,Brooklyn,2024-10-16,12,green,0,
217,Brooklyn,2024-10-16,12,hvfhv,73,18.64
217,Brooklyn,2024-10-16,12,other_fhv,2,
217,Brooklyn,2024-10-16,13,yellow,0,
217,Brooklyn,2024-10-16,13,green,0,
217,Brooklyn,2024-10-16,13,hvfhv,64,29.19
217,Brooklyn,2024-10-16,13,other_fhv,0,
217,Brooklyn,2024-10-16,14,yellow,0,
217,Brooklyn,2024-10-16,14,green,0,
217,Brooklyn,2024-10-16,14,hvfhv,71,27.62
217,Brooklyn,2024-10-16,14,other_fhv,0,
217,Brooklyn,2024-10-16,15,yellow,0,
217,Brooklyn,2024-10-16,15,green,0,
217,Brooklyn,2024-10-16,15,hvfhv,73,20.03
217,Brooklyn,2024-10-16,15,other_fhv,1,
217,Brooklyn,2024-10-16,16,yellow,0,
217,Brooklyn,2024-10-16,16,green,0,
217,Brooklyn,2024-10-16,16,hvfhv,98,27.2
217,Brooklyn,2024-10-16,16,other_fhv,1,
217,Brooklyn,2024-10-16,17,yellow,0,
217,Brooklyn,2024-10-16,17,green,0,
217,Brooklyn,2024-10-16,17,hvfhv,93,17.16
217,Brooklyn,2024-10-16,17,other_fhv,1,
217,Brooklyn,2024-10-16,18,yellow,0,
217,Brooklyn,2024-10-16,18,green,0,
217,Brooklyn,2024-10-16,18,hvfhv,19,20.29
217,Brooklyn,2024-10-16,18,other_fhv,0,
217,Brooklyn,2024-10-16,19,yellow,0,
217,Brooklyn,2024-10-16,19,green,0,
217,Brooklyn,2024-10-16,19,hvfhv,19,21.5
217,Brooklyn,2024-10-16,19,other_fhv,1,
217,Brooklyn,2024-10-16,20,yellow,0,
217,Brooklyn,2024-10-16,20,green,0,
217,Brooklyn,2024-10-16,20,hvfhv,11,25.19
217,Brooklyn,2024-10-16,20,other_fhv,0,
217,Brooklyn,2024-10-16,21,yellow,0,
217,Brooklyn,2024-10-16,21,green,0,
217,Brooklyn,2024-10-16,21,hvfhv,7,19.33
217,Brooklyn,2024-10-16,21,other_fhv,0,
217,Brooklyn,2024-10-16,22,yellow,0,
217,Brooklyn,2024-10-16,22,green,0,
217,Brooklyn,2024-10-16,22,hvfhv,13,22.52
217,Brooklyn,2024-10-16,22,other_fhv,0,
217,Brooklyn,2024-10-16,23,yellow,0,
217,Brooklyn,2024-10-16,23,green,0,
217,Brooklyn,2024-10-16,23,hvfhv,17,22.51
217,Brooklyn,2024-10-16,23,other_fhv,0,
218,Queens,2024-10-16,0,yellow,0,
218,Queens,2024-10-16,0,green,0,
218,Queens,2024-10-16,0,hvfhv,17,15.12
218,Queens,2024-10-16,0,other_fhv,0,
218,Queens,2024-10-16,1,yellow,0,
218,Queens,2024-10-16,1,green,0,
218,Queens,2024-10-16,1,hvfhv,18,16.72
218,Queens,2024-10-16,1,other_fhv,0,
218,Queens,2024-10-16,2,yellow,0,
218,Queens,2024-10-16,2,green,0,
218,Queens,2024-10-16,2,hvfhv,14,12.44
218,Queens,2024-10-16,2,other_fhv,0,
218,Queens,2024-10-16,3,yellow,0,
218,Queens,2024-10-16,3,green,0,
218,Queens,2024-10-16,3,hvfhv,25,18.74
218,Queens,2024-10-16,3,other_fhv,0,
218,Queens,2024-10-16,4,yellow,0,
218,Queens,2024-10-16,4,green,0,
218,Queens,2024-10-16,4,hvfhv,24,23.72
218,Queens,2024-10-16,4,other_fhv,0,
218,Queens,2024-10-16,5,yellow,1,34.5
218,Queens,2024-10-16,5,green,0,
218,Queens,2024-10-16,5,hvfhv,32,19.96
218,Queens,2024-10-16,5,other_fhv,0,
218,Queens,2024-10-16,6,yellow,2,13.98
218,Queens,2024-10-16,6,green,0,
218,Queens,2024-10-16,6,hvfhv,69,26.15
218,Queens,2024-10-16,6,other_fhv,1,
218,Queens,2024-10-16,7,yellow,3,35.93
218,Queens,2024-10-16,7,green,0,
218,Queens,2024-10-16,7,hvfhv,99,22.51
218,Queens,2024-10-16,7,other_fhv,1,
218,Queens,2024-10-16,8,yellow,0,
218,Queens,2024-10-16,8,green,0,
218,Queens,2024-10-16,8,hvfhv,104,20.05
218,Queens,2024-10-16,8,other_fhv,3,
218,Queens,2024-10-16,9,yellow,2,18.5
218,Queens,2024-10-16,9,green,0,
218,Queens,2024-10-16,9,hvfhv,96,19.57
218,Queens,2024-10-16,9,other_fhv,4,
218,Queens,2024-10-16,10,yellow,0,
218,Queens,2024-10-16,10,green,0,
218,Queens,2024-10-16,10,hvfhv,70,21.07
218,Queens,2024-10-16,10,other_fhv,2,
218,Queens,2024-10-16,11,yellow,2,25.0
218,Queens,2024-10-16,11,green,0,
218,Queens,2024-10-16,11,hvfhv,67,19.08
218,Queens,2024-10-16,11,other_fhv,0,
218,Queens,2024-10-16,12,yellow,1,47.5
218,Queens,2024-10-16,12,green,0,
218,Queens,2024-10-16,12,hvfhv,55,22.32
218,Queens,2024-10-16,12,other_fhv,0,
218,Queens,2024-10-16,13,yellow,2,28.33
218,Queens,2024-10-16,13,green,0,
218,Queens,2024-10-16,13,hvfhv,68,16.84
218,Queens,2024-10-16,13,other_fhv,1,
218,Queens,2024-10-16,14,yellow,2,38.5
218,Queens,2024-10-16,14,green,0,
218,Queens,2024-10-16,14,hvfhv,68,22.18
218,Queens,2024-10-16,14,other_fhv,0,
218,Queens,2024-10-16,15,yellow,0,
218,Queens,2024-10-16,15,green,0,
218,Queens,2024-10-16,15,hvfhv,68,17.44
218,Queens,2024-10-16,15,other_fhv,2,
218,Queens,2024-10-16,16,yellow,1,19.31
218,Queens,2024-10-16,16,green,0,
218,Queens,2024-10-16,16,hvfhv,69,19.66
218,Queens,2024-10-16,16,other_fhv,2,
218,Queens,2024-10-16,17,yellow,0,
218,Queens,2024-10-16,17,green,0,
218,Queens,2024-10-16,17,hvfhv,58,19.99
218,Queens,2024-10-16,17,other_fhv,0,
218,Queens,2024-10-16,18,yellow,0,
218,Queens,2024-10-16,18,green,0,
218,Queens,2024-10-16,18,hvfhv,58,18.21
218,Queens,2024-10-16,18,other_fhv,0,
218,Queens,2024-10-16,19,yellow,0,
218,Queens,2024-10-16,19,green,0,
218,Queens,2024-10-16,19,hvfhv,59,15.95
218,Queens,2024-10-16,19,other_fhv,0,
218,Queens,2024-10-16,20,yellow,0,
218,Queens,2024-10-16,20,green,0,
218,Queens,2024-10-16,20,hvfhv,53,18.48
218,Queens,2024-10-16,20,other_fhv,1,
218,Queens,2024-10-16,21,yellow,0,
218,Queens,2024-10-16,21,green,0,
218,Queens,2024-10-16,21,hvfhv,40,17.02
218,Queens,2024-10-16,21,other_fhv,1,
218,Queens,2024-10-16,22,yellow,0,
218,Queens,2024-10-16,22,green,0,
218,Queens,2024-10-16,22,hvfhv,45,21.29
218,Queens,2024-10-16,22,other_fhv,0,
218,Queens,2024-10-16,23,yellow,0,
218,Queens,2024-10-16,23,green,0,
218,Queens,2024-10-16,23,hvfhv,33,20.21
218,Queens,2024-10-16,23,other_fhv,0,
219,Queens,2024-10-16,0,yellow,0,
219,Queens,2024-10-16,0,green,0,
219,Queens,2024-10-16,0,hvfhv,25,17.73
219,Queens,2024-10-16,0,other_fhv,0,
219,Queens,2024-10-16,1,yellow,0,
219,Queens,2024-10-16,1,green,0,
219,Queens,2024-10-16,1,hvfhv,13,20.45
219,Queens,2024-10-16,1,other_fhv,0,
219,Queens,2024-10-16,2,yellow,0,
219,Queens,2024-10-16,2,green,0,
219,Queens,2024-10-16,2,hvfhv,8,13.49
219,Queens,2024-10-16,2,other_fhv,0,
219,Queens,2024-10-16,3,yellow,2,0.0
219,Queens,2024-10-16,3,green,0,
219,Queens,2024-10-16,3,hvfhv,19,19.72
219,Queens,2024-10-16,3,other_fhv,0,
219,Queens,2024-10-16,4,yellow,1,87.0
219,Queens,2024-10-16,4,green,0,
219,Queens,2024-10-16,4,hvfhv,31,20.1
219,Queens,2024-10-16,4,other_fhv,0,
219,Queens,2024-10-16,5,yellow,1,70.0
219,Queens,2024-10-16,5,green,0,
219,Queens,2024-10-16,5,hvfhv,47,21.33
219,Queens,2024-10-16,5,other_fhv,1,
219,Queens,2024-10-16,6,yellow,2,24.28
219,Queens,2024-10-16,6,green,1,95.4
219,Queens,2024-10-16,6,hvfhv,69,20.8
219,Queens,2024-10-16,6,other_fhv,0,
219,Queens,2024-10-16,7,yellow,2,70.25
219,Queens,2024-10-16,7,green,0,
219,Queens,2024-10-16,7,hvfhv,119,21.29
219,Queens,2024-10-16,7,other_fhv,5,
219,Queens,2024-10-16,8,yellow,0,
219,Queens,2024-10-16,8,green,0,
219,Queens,2024-10-16,8,hvfhv,106,20.82
219,Queens,2024-10-16,8,other_fhv,1,
219,Queens,2024-10-16,9,yellow,1,120.0
219,Queens,2024-10-16,9,green,0,
219,Queens,2024-10-16,9,hvfhv,81,21.34
219,Queens,2024-10-16,9,other_fhv,1,
219,Queens,2024-10-16,10,yellow,0,
219,Queens,2024-10-16,10,green,0,
219,Queens,2024-10-16,10,hvfhv,63,19.73
219,Queens,2024-10-16,10,other_fhv,3,
219,Queens,2024-10-16,11,yellow,2,55.25
219,Queens,2024-10-16,11,green,0,
219,Queens,2024-10-16,11,hvfhv,45,22.78
219,Queens,2024-10-16,11,other_fhv,0,
219,Queens,2024-10-16,12,yellow,2,70.0
219,Queens,2024-10-16,12,green,0,
219,Queens,2024-10-16,12,hvfhv,61,19.71
219,Queens,2024-10-16,12,other_fhv,0,
219,Queens,2024-10-16,13,yellow,0,
219,Queens,2024-10-16,13,green,0,
219,Queens,2024-10-16,13,hvfhv,54,17.02
219,Queens,2024-10-16,13,other_fhv,1,
219,Queens,2024-10-16,14,yellow,0,
219,Queens,2024-10-16,14,green,1,91.9
219,Queens,2024-10-16,14,hvfhv,87,19.02
219,Queens,2024-10-16,14,other_fhv,1,
219,Queens,2024-10-16,15,yellow,2,53.89
219,Queens,2024-10-16,15,green,0,
219,Queens,2024-10-16,15,hvfhv,71,23.13
219,Queens,2024-10-16,15,other_fhv,0,
219,Queens,2024-10-16,16,yellow,3,113.33
219,Queens,2024-10-16,16,green,0,
219,Queens,2024-10-16,16,hvfhv,64,18.08
219,Queens,2024-10-16,16,other_fhv,0,
219,Queens,2024-10-16,17,yellow,2,44.2
219,Queens,2024-10-16,17,green,0,
219,Queens,2024-10-16,17,hvfhv,65,22.77
219,Queens,2024-10-16,17,other_fhv,1,
219,Queens,2024-10-16,18,yellow,0,
219,Queens,2024-10-16,18,green,0,
219,Queens,2024-10-16,18,hvfhv,51,19.42
219,Queens,2024-10-16,18,other_fhv,1,
219,Queens,2024-10-16,19,yellow,0,
219,Queens,2024-10-16,19,green,0,
219,Queens,2024-10-16,19,hvfhv,39,19.4
219,Queens,2024-10-16,19,other_fhv,0,
219,Queens,2024-10-16,20,yellow,0,
219,Queens,2024-10-16,20,green,0,
219,Queens,2024-10-16,20,hvfhv,38,17.56
219,Queens,2024-10-16,20,other_fhv,1,
219,Queens,2024-10-16,21,yellow,1,95.0
219,Queens,2024-10-16,21,green,0,
219,Queens,2024-10-16,21,hvfhv,38,17.67
219,Queens,2024-10-16,21,other_fhv,0,
219,Queens,2024-10-16,22,yellow,2,36.5
219,Queens,2024-10-16,22,green,0,
219,Queens,2024-10-16,22,hvfhv,38,19.9
219,Queens,2024-10-16,22,other_fhv,1,
219,Queens,2024-10-16,23,yellow,2,70.0
219,Queens,2024-10-16,23,green,0,
219,Queens,2024-10-16,23,hvfhv,31,16.39
219,Queens,2024-10-16,23,other_fhv,0,
220,Bronx,2024-10-16,0,yellow,0,
220,Bronx,2024-10-16,0,green,0,
220,Bronx,2024-10-16,0,hvfhv,33,14.89
220,Bronx,2024-10-16,0,other_fhv,0,
220,Bronx,2024-10-16,1,yellow,0,
220,Bronx,2024-10-16,1,green,0,
220,Bronx,2024-10-16,1,hvfhv,16,18.08
220,Bronx,2024-10-16,1,other_fhv,0,
220,Bronx,2024-10-16,2,yellow,0,
220,Bronx,2024-10-16,2,green,0,
220,Bronx,2024-10-16,2,hvfhv,12,23.9
220,Bronx,2024-10-16,2,other_fhv,0,
220,Bronx,2024-10-16,3,yellow,0,
220,Bronx,2024-10-16,3,green,0,
220,Bronx,2024-10-16,3,hvfhv,9,18.47
220,Bronx,2024-10-16,3,other_fhv,0,
220,Bronx,2024-10-16,4,yellow,0,
220,Bronx,2024-10-16,4,green,0,
220,Bronx,2024-10-16,4,hvfhv,23,30.76
220,Bronx,2024-10-16,4,other_fhv,0,
220,Bronx,2024-10-16,5,yellow,0,
220,Bronx,2024-10-16,5,green,0,
220,Bronx,2024-10-16,5,hvfhv,33,28.89
220,Bronx,2024-10-16,5,other_fhv,0,
220,Bronx,2024-10-16,6,yellow,1,56.8
220,Bronx,2024-10-16,6,green,0,
220,Bronx,2024-10-16,6,hvfhv,86,25.91
220,Bronx,2024-10-16,6,other_fhv,0,
220,Bronx,2024-10-16,7,yellow,1,51.64
220,Bronx,2024-10-16,7,green,0,
220,Bronx,2024-10-16,7,hvfhv,147,23.89
220,Bronx,2024-10-16,7,other_fhv,0,
220,Bronx,2024-10-16,8,yellow,2,33.56
220,Bronx,2024-10-16,8,green,0,
220,Bronx,2024-10-16,8,hvfhv,163,22.06
220,Bronx,2024-10-16,8,other_fhv,0,
220,Bronx,2024-10-16,9,yellow,2,30.9
220,Bronx,2024-10-16,9,green,0,
220,Bronx,2024-10-16,9,hvfhv,116,22.28
220,Bronx,2024-10-16,9,other_fhv,1,
220,Bronx,2024-10-16,10,yellow,1,34.5
220,Bronx,2024-10-16,10,green,0,
220,Bronx,2024-10-16,10,hvfhv,83,22.65
220,Bronx,2024-10-16,10,other_fhv,1,
220,Bronx,2024-10-16,11,yellow,0,
220,Bronx,2024-10-16,11,green,0,
220,Bronx,2024-10-16,11,hvfhv,85,22.18
220,Bronx,2024-10-16,11,other_fhv,0,
220,Bronx,2024-10-16,12,yellow,1,47.94
220,Bronx,2024-10-16,12,green,0,
220,Bronx,2024-10-16,12,hvfhv,115,20.06
220,Bronx,2024-10-16,12,other_fhv,0,
220,Bronx,2024-10-16,13,yellow,0,
220,Bronx,2024-10-16,13,green,0,
220,Bronx,2024-10-16,13,hvfhv,105,22.19
220,Bronx,2024-10-16,13,other_fhv,1,
220,Bronx,2024-10-16,14,yellow,1,60.4
220,Bronx,2024-10-16,14,green,0,
220,Bronx,2024-10-16,14,hvfhv,107,20.72
220,Bronx,2024-10-16,14,other_fhv,0,
220,Bronx,2024-10-16,15,yellow,0,
220,Bronx,2024-10-16,15,green,0,
220,Bronx,2024-10-16,15,hvfhv,118,20.87
220,Bronx,2024-10-16,15,other_fhv,1,
220,Bronx,2024-10-16,16,yellow,1,17.21
220,Bronx,2024-10-16,16,green,0,
220,Bronx,2024-10-16,16,hvfhv,151,20.37
220,Bronx,2024-10-16,16,other_fhv,2,
220,Bronx,2024-10-16,17,yellow,0,
220,Bronx,2024-10-16,17,green,0,
220,Bronx,2024-10-16,17,hvfhv,132,19.0
220,Bronx,2024-10-16,17,other_fhv,0,
220,Bronx,2024-10-16,18,yellow,0,
220,Bronx,2024-10-16,18,green,0,
220,Bronx,2024-10-16,18,hvfhv,149,20.64
220,Bronx,2024-10-16,18,other_fhv,0,
220,Bronx,2024-10-16,19,yellow,1,42.9
220,Bronx,2024-10-16,19,green,0,
220,Bronx,2024-10-16,19,hvfhv,133,17.47
220,Bronx,2024-10-16,19,other_fhv,0,
220,Bronx,2024-10-16,20,yellow,0,
220,Bronx,2024-10-16,20,green,0,
220,Bronx,2024-10-16,20,hvfhv,102,17.43
220,Bronx,2024-10-16,20,other_fhv,2,
220,Bronx,2024-10-16,21,yellow,0,
220,Bronx,2024-10-16,21,green,0,
220,Bronx,2024-10-16,21,hvfhv,97,18.76
220,Bronx,2024-10-16,21,other_fhv,0,
220,Bronx,2024-10-16,22,yellow,2,0.0
220,Bronx,2024-10-16,22,green,0,
220,Bronx,2024-10-16,22,hvfhv,85,19.53
220,Bronx,2024-10-16,22,other_fhv,0,
220,Bronx,2024-10-16,23,yellow,0,
220,Bronx,2024-10-16,23,green,0,
220,Bronx,2024-10-16,23,hvfhv,71,16.87
220,Bronx,2024-10-16,23,other_fhv,0,
221,Staten Island,2024-10-16,0,yellow,0,
221,Staten Island,2024-10-16,0,green,0,
221,Staten Island,2024-10-16,0,hvfhv,12,15.66
221,Staten Island,2024-10-16,0,other_fhv,2,
221,Staten Island,2024-10-16,1,yellow,0,
221,Staten Island,2024-10-16,1,green,0,
221,Staten Island,2024-10-16,1,hvfhv,10,10.85
221,Staten Island,2024-10-16,1,other_fhv,0,
221,Staten Island,2024-10-16,2,yellow,0,
221,Staten Island,2024-10-16,2,green,0,
221,Staten Island,2024-10-16,2,hvfhv,6,20.89
221,Staten Island,2024-10-16,2,other_fhv,0,
221,Staten Island,2024-10-16,3,yellow,0,
221,Staten Island,2024-10-16,3,green,0,
221,Staten Island,2024-10-16,3,hvfhv,5,30.19
221,Staten Island,2024-10-16,3,other_fhv,0,
221,Staten Island,2024-10-16,4,yellow,0,
221,Staten Island,2024-10-16,4,green,0,
221,Staten Island,2024-10-16,4,hvfhv,14,31.07
221,Staten Island,2024-10-16,4,other_fhv,1,
221,Staten Island,2024-10-16,5,yellow,0,
221,Staten Island,2024-10-16,5,green,0,
221,Staten Island,2024-10-16,5,hvfhv,23,19.97
221,Staten Island,2024-10-16,5,other_fhv,3,
221,Staten Island,2024-10-16,6,yellow,0,
221,Staten Island,2024-10-16,6,green,0,
221,Staten Island,2024-10-16,6,hvfhv,34,24.41
221,Staten Island,2024-10-16,6,other_fhv,0,
221,Staten Island,2024-10-16,7,yellow,0,
221,Staten Island,2024-10-16,7,green,0,
221,Staten Island,2024-10-16,7,hvfhv,51,22.03
221,Staten Island,2024-10-16,7,other_fhv,4,
221,Staten Island,2024-10-16,8,yellow,0,
221,Staten Island,2024-10-16,8,green,0,
221,Staten Island,2024-10-16,8,hvfhv,83,18.85
221,Staten Island,2024-10-16,8,other_fhv,9,
221,Staten Island,2024-10-16,9,yellow,0,
221,Staten Island,2024-10-16,9,green,0,
221,Staten Island,2024-10-16,9,hvfhv,65,21.07
221,Staten Island,2024-10-16,9,other_fhv,10,
221,Staten Island,2024-10-16,10,yellow,0,
221,Staten Island,2024-10-16,10,green,0,
221,Staten Island,2024-10-16,10,hvfhv,34,20.66
221,Staten Island,2024-10-16,10,other_fhv,6,
221,Staten Island,2024-10-16,11,yellow,0,
221,Staten Island,2024-10-16,11,green,0,
221,Staten Island,2024-10-16,11,hvfhv,29,19.55
221,Staten Island,2024-10-16,11,other_fhv,7,
221,Staten Island,2024-10-16,12,yellow,0,
221,Staten Island,2024-10-16,12,green,0,
221,Staten Island,2024-10-16,12,hvfhv,39,20.22
221,Staten Island,2024-10-16,12,other_fhv,8,
221,Staten Island,2024-10-16,13,yellow,0,
221,Staten Island,2024-10-16,13,green,0,
221,Staten Island,2024-10-16,13,hvfhv,48,20.81
221,Staten Island,2024-10-16,13,other_fhv,10,
221,Staten Island,2024-10-16,14,yellow,0,
221,Staten Island,2024-10-16,14,green,0,
221,Staten Island,2024-10-16,14,hvfhv,55,16.31
221,Staten Island,2024-10-16,14,other_fhv,7,
221,Staten Island,2024-10-16,15,yellow,0,
221,Staten Island,2024-10-16,15,green,0,
221,Staten Island,2024-10-16,15,hvfhv,56,22.58
221,Staten Island,2024-10-16,15,other_fhv,4,
221,Staten Island,2024-10-16,16,yellow,0,
221,Staten Island,2024-10-16,16,green,0,
221,Staten Island,2024-10-16,16,hvfhv,42,17.56
221,Staten Island,2024-10-16,16,other_fhv,0,
221,Staten Island,2024-10-16,17,yellow,0,
221,Staten Island,2024-10-16,17,green,0,
221,Staten Island,2024-10-16,17,hvfhv,67,22.1
221,Staten Island,2024-10-16,17,other_fhv,2,
221,Staten Island,2024-10-16,18,yellow,0,
221,Staten Island,2024-10-16,18,green,0,
221,Staten Island,2024-10-16,18,hvfhv,37,15.79
221,Staten Island,2024-10-16,18,other_fhv,1,
221,Staten Island,2024-10-16,19,yellow,0,
221,Staten Island,2024-10-16,19,green,0,
221,Staten Island,2024-10-16,19,hvfhv,26,17.71
221,Staten Island,2024-10-16,19,other_fhv,2,
221,Staten Island,2024-10-16,20,yellow,0,
221,Staten Island,2024-10-16,20,green,0,
221,Staten Island,2024-10-16,20,hvfhv,27,14.48
221,Staten Island,2024-10-16,20,other_fhv,3,
221,Staten Island,2024-10-16,21,yellow,0,
221,Staten Island,2024-10-16,21,green,0,
221,Staten Island,2024-10-16,21,hvfhv,28,18.58
221,Staten Island,2024-10-16,21,other_fhv,1,
221,Staten Island,2024-10-16,22,yellow,0,
221,Staten Island,2024-10-16,22,green,0,
221,Staten Island,2024-10-16,22,hvfhv,22,14.97
221,Staten Island,2024-10-16,22,other_fhv,2,
221,Staten Island,2024-10-16,23,yellow,0,
221,Staten Island,2024-10-16,23,green,0,
221,Staten Island,2024-10-16,23,hvfhv,25,18.47
221,Staten Island,2024-10-16,23,other_fhv,1,
222,Brooklyn,2024-10-16,0,yellow,0,
222,Brooklyn,2024-10-16,0,green,0,
222,Brooklyn,2024-10-16,0,hvfhv,14,22.05
222,Brooklyn,2024-10-16,0,other_fhv,1,
222,Brooklyn,2024-10-16,1,yellow,0,
222,Brooklyn,2024-10-16,1,green,0,
222,Brooklyn,2024-10-16,1,hvfhv,6,19.85
222,Brooklyn,2024-10-16,1,other_fhv,0,
222,Brooklyn,2024-10-16,2,yellow,0,
222,Brooklyn,2024-10-16,2,green,0,
222,Brooklyn,2024-10-16,2,hvfhv,5,17.09
222,Brooklyn,2024-10-16,2,other_fhv,0,
222,Brooklyn,2024-10-16,3,yellow,0,
222,Brooklyn,2024-10-16,3,green,0,
222,Brooklyn,2024-10-16,3,hvfhv,6,13.62
222,Brooklyn,2024-10-16,3,other_fhv,0,
222,Brooklyn,2024-10-16,4,yellow,0,
222,Brooklyn,2024-10-16,4,green,0,
222,Brooklyn,2024-10-16,4,hvfhv,8,26.38
222,Brooklyn,2024-10-16,4,other_fhv,1,
222,Brooklyn,2024-10-16,5,yellow,0,
222,Brooklyn,2024-10-16,5,green,0,
222,Brooklyn,2024-10-16,5,hvfhv,12,22.52
222,Brooklyn,2024-10-16,5,other_fhv,0,
222,Brooklyn,2024-10-16,6,yellow,1,75.98
222,Brooklyn,2024-10-16,6,green,0,
222,Brooklyn,2024-10-16,6,hvfhv,38,24.47
222,Brooklyn,2024-10-16,6,other_fhv,2,
222,Brooklyn,2024-10-16,7,yellow,1,30.5
222,Brooklyn,2024-10-16,7,green,0,
222,Brooklyn,2024-10-16,7,hvfhv,75,24.54
222,Brooklyn,2024-10-16,7,other_fhv,3,
222,Brooklyn,2024-10-16,8,yellow,2,26.72
222,Brooklyn,2024-10-16,8,green,0,
222,Brooklyn,2024-10-16,8,hvfhv,65,17.35
222,Brooklyn,2024-10-16,8,other_fhv,12,
222,Brooklyn,2024-10-16,9,yellow,2,25.0
222,Brooklyn,2024-10-16,9,green,0,
222,Brooklyn,2024-10-16,9,hvfhv,46,19.75
222,Brooklyn,2024-10-16,9,other_fhv,9,
222,Brooklyn,2024-10-16,10,yellow,0,
222,Brooklyn,2024-10-16,10,green,0,
222,Brooklyn,2024-10-16,10,hvfhv,36,19.95
222,Brooklyn,2024-10-16,10,other_fhv,4,
222,Brooklyn,2024-10-16,11,yellow,5,38.5
222,Brooklyn,2024-10-16,11,green,0,
222,Brooklyn,2024-10-16,11,hvfhv,39,18.55
222,Brooklyn,2024-10-16,11,other_fhv,4,
222,Brooklyn,2024-10-16,12,yellow,0,
222,Brooklyn,2024-10-16,12,green,0,
222,Brooklyn,2024-10-16,12,hvfhv,28,19.51
222,Brooklyn,2024-10-16,12,other_fhv,2,
222,Brooklyn,2024-10-16,13,yellow,1,50.5
222,Brooklyn,2024-10-16,13,green,0,
222,Brooklyn,2024-10-16,13,hvfhv,45,21.9
222,Brooklyn,2024-10-16,13,other_fhv,6,
222,Brooklyn,2024-10-16,14,yellow,1,30.5
222,Brooklyn,2024-10-16,14,green,0,
222,Brooklyn,2024-10-16,14,hvfhv,42,20.69
222,Brooklyn,2024-10-16,14,other_fhv,0,
222,Brooklyn,2024-10-16,15,yellow,0,
222,Brooklyn,2024-10-16,15,green,0,
222,Brooklyn,2024-10-16,15,hvfhv,28,17.36
222,Brooklyn,2024-10-16,15,other_fhv,0,
222,Brooklyn,2024-10-16,16,yellow,0,
222,Brooklyn,2024-10-16,16,green,0,
222,Brooklyn,2024-10-16,16,hvfhv,33,18.0
222,Brooklyn,2024-10-16,16,other_fhv,0,
222,Brooklyn,2024-10-16,17,yellow,1,26.5
222,Brooklyn,2024-10-16,17,green,0,
222,Brooklyn,2024-10-16,17,hvfhv,39,22.47
222,Brooklyn,2024-10-16,17,other_fhv,0,
222,Brooklyn,2024-10-16,18,yellow,0,
222,Brooklyn,2024-10-16,18,green,0,
222,Brooklyn,2024-10-16,18,hvfhv,32,16.68
222,Brooklyn,2024-10-16,18,other_fhv,0,
222,Brooklyn,2024-10-16,19,yellow,2,34.79
222,Brooklyn,2024-10-16,19,green,0,
222,Brooklyn,2024-10-16,19,hvfhv,28,19.33
222,Brooklyn,2024-10-16,19,other_fhv,0,
222,Brooklyn,2024-10-16,20,yellow,0,
222,Brooklyn,2024-10-16,20,green,0,
222,Brooklyn,2024-10-16,20,hvfhv,30,15.24
222,Brooklyn,2024-10-16,20,other_fhv,0,
222,Brooklyn,2024-10-16,21,yellow,0,
222,Brooklyn,2024-10-16,21,green,0,
222,Brooklyn,2024-10-16,21,hvfhv,27,20.88
222,Brooklyn,2024-10-16,21,other_fhv,0,
222,Brooklyn,2024-10-16,22,yellow,0,
222,Brooklyn,2024-10-16,22,green,0,
222,Brooklyn,2024-10-16,22,hvfhv,28,18.7
222,Brooklyn,2024-10-16,22,other_fhv,0,
222,Brooklyn,2024-10-16,23,yellow,2,35.52
222,Brooklyn,2024-10-16,23,green,0,
222,Brooklyn,2024-10-16,23,hvfhv,28,17.73
222,Brooklyn,2024-10-16,23,other_fhv,0,
223,Queens,2024-10-16,0,yellow,0,
223,Queens,2024-10-16,0,green,1,10.0
223,Queens,2024-10-16,0,hvfhv,62,18.61
223,Queens,2024-10-16,0,other_fhv,2,
223,Queens,2024-10-16,1,yellow,2,27.5
223,Queens,2024-10-16,1,green,0,
223,Queens,2024-10-16,1,hvfhv,36,17.72
223,Queens,2024-10-16,1,other_fhv,2,
223,Queens,2024-10-16,2,yellow,0,
223,Queens,2024-10-16,2,green,0,
223,Queens,2024-10-16,2,hvfhv,20,16.97
223,Queens,2024-10-16,2,other_fhv,0,
223,Queens,2024-10-16,3,yellow,0,
223,Queens,2024-10-16,3,green,0,
223,Queens,2024-10-16,3,hvfhv,23,29.39
223,Queens,2024-10-16,3,other_fhv,1,
223,Queens,2024-10-16,4,yellow,0,
223,Queens,2024-10-16,4,green,0,
223,Queens,2024-10-16,4,hvfhv,38,17.68
223,Queens,2024-10-16,4,other_fhv,1,
223,Queens,2024-10-16,5,yellow,0,
223,Queens,2024-10-16,5,green,0,
223,Queens,2024-10-16,5,hvfhv,77,22.82
223,Queens,2024-10-16,5,other_fhv,2,
223,Queens,2024-10-16,6,yellow,1,70.0
223,Queens,2024-10-16,6,green,0,
223,Queens,2024-10-16,6,hvfhv,152,23.39
223,Queens,2024-10-16,6,other_fhv,4,
223,Queens,2024-10-16,7,yellow,2,19.35
223,Queens,2024-10-16,7,green,0,
223,Queens,2024-10-16,7,hvfhv,220,20.19
223,Queens,2024-10-16,7,other_fhv,5,
223,Queens,2024-10-16,8,yellow,4,29.38
223,Queens,2024-10-16,8,green,1,42.2
223,Queens,2024-10-16,8,hvfhv,248,19.87
223,Queens,2024-10-16,8,other_fhv,8,
223,Queens,2024-10-16,9,yellow,1,12.1
223,Queens,2024-10-16,9,green,0,
223,Queens,2024-10-16,9,hvfhv,145,19.72
223,Queens,2024-10-16,9,other_fhv,6,
223,Queens,2024-10-16,10,yellow,2,20.26
223,Queens,2024-10-16,10,green,1,9.3
223,Queens,2024-10-16,10,hvfhv,123,22.56
223,Queens,2024-10-16,10,other_fhv,7,
223,Queens,2024-10-16,11,yellow,0,
223,Queens,2024-10-16,11,green,0,
223,Queens,2024-10-16,11,hvfhv,117,23.4
223,Queens,2024-10-16,11,other_fhv,4,
223,Queens,2024-10-16,12,yellow,2,26.1
223,Queens,2024-10-16,12,green,1,7.2
223,Queens,2024-10-16,12,hvfhv,100,21.76
223,Queens,2024-10-16,12,other_fhv,6,
223,Queens,2024-10-16,13,yellow,0,
223,Queens,2024-10-16,13,green,0,
223,Queens,2024-10-16,13,hvfhv,106,23.8
223,Queens,2024-10-16,13,other_fhv,6,
223,Queens,2024-10-16,14,yellow,2,58.0
223,Queens,2024-10-16,14,green,1,15.6
223,Queens,2024-10-16,14,hvfhv,131,22.78
223,Queens,2024-10-16,14,other_fhv,4,
223,Queens,2024-10-16,15,yellow,1,34.5
223,Queens,2024-10-16,15,green,1,14.9
223,Queens,2024-10-16,15,hvfhv,136,22.71
223,Queens,2024-10-16,15,other_fhv,2,
223,Queens,2024-10-16,16,yellow,2,58.7
223,Queens,2024-10-16,16,green,3,17.23
223,Queens,2024-10-16,16,hvfhv,128,21.58
223,Queens,2024-10-16,16,other_fhv,3,
223,Queens,2024-10-16,17,yellow,3,48.17
223,Queens,2024-10-16,17,green,4,14.38
223,Queens,2024-10-16,17,hvfhv,163,22.57
223,Queens,2024-10-16,17,other_fhv,3,
223,Queens,2024-10-16,18,yellow,2,13.24
223,Queens,2024-10-16,18,green,4,12.45
223,Queens,2024-10-16,18,hvfhv,161,22.09
223,Queens,2024-10-16,18,other_fhv,9,
223,Queens,2024-10-16,19,yellow,1,70.0
223,Queens,2024-10-16,19,green,0,
223,Queens,2024-10-16,19,hvfhv,170,20.5
223,Queens,2024-10-16,19,other_fhv,3,
223,Queens,2024-10-16,20,yellow,1,70.0
223,Queens,2024-10-16,20,green,0,
223,Queens,2024-10-16,20,hvfhv,125,21.04
223,Queens,2024-10-16,20,other_fhv,1,
223,Queens,2024-10-16,21,yellow,0,
223,Queens,2024-10-16,21,green,0,
223,Queens,2024-10-16,21,hvfhv,125,18.23
223,Queens,2024-10-16,21,other_fhv,0,
223,Queens,2024-10-16,22,yellow,1,70.0
223,Queens,2024-10-16,22,green,0,
223,Queens,2024-10-16,22,hvfhv,112,17.14
223,Queens,2024-10-16,22,other_fhv,4,
223,Queens,2024-10-16,23,yellow,4,26.3
223,Queens,2024-10-16,23,green,4,35.92
223,Queens,2024-10-16,23,hvfhv,122,18.88
223,Queens,2024-10-16,23,other_fhv,3,
224,Manhattan,2024-10-16,0,yellow,5,21.76
224,Manhattan,2024-10-16,0,green,0,
224,Manhattan,2024-10-16,0,hvfhv,17,16.5
224,Manhattan,2024-10-16,0,other_fhv,2,
224,Manhattan,2024-10-16,1,yellow,0,
224,Manhattan,2024-10-16,1,green,0,
224,Manhattan,2024-10-16,1,hvfhv,10,23.03
224,Manhattan,2024-10-16,1,other_fhv,0,
224,Manhattan,2024-10-16,2,yellow,0,
224,Manhattan,2024-10-16,2,green,0,
224,Manhattan,2024-10-16,2,hvfhv,4,20.03
224,Manhattan,2024-10-16,2,other_fhv,0,
224,Manhattan,2024-10-16,3,yellow,0,
224,Manhattan,2024-10-16,3,green,0,
224,Manhattan,2024-10-16,3,hvfhv,6,40.74
224,Manhattan,2024-10-16,3,other_fhv,0,
224,Manhattan,2024-10-16,4,yellow,0,
224,Manhattan,2024-10-16,4,green,0,
224,Manhattan,2024-10-16,4,hvfhv,26,38.99
224,Manhattan,2024-10-16,4,other_fhv,0,
224,Manhattan,2024-10-16,5,yellow,5,18.06
224,Manhattan,2024-10-16,5,green,0,
224,Manhattan,2024-10-16,5,hvfhv,21,29.71
224,Manhattan,2024-10-16,5,other_fhv,1,
224,Manhattan,2024-10-16,6,yellow,7,22.5
224,Manhattan,2024-10-16,6,green,0,
224,Manhattan,2024-10-16,6,hvfhv,56,26.17
224,Manhattan,2024-10-16,6,other_fhv,1,
224,Manhattan,2024-10-16,7,yellow,14,16.71
224,Manhattan,2024-10-16,7,green,0,
224,Manhattan,2024-10-16,7,hvfhv,91,30.61
224,Manhattan,2024-10-16,7,other_fhv,1,
224,Manhattan,2024-10-16,8,yellow,8,19.53
224,Manhattan,2024-10-16,8,green,0,
224,Manhattan,2024-10-16,8,hvfhv,91,34.92
224,Manhattan,2024-10-16,8,other_fhv,2,
224,Manhattan,2024-10-16,9,yellow,14,23.3
224,Manhattan,2024-10-16,9,green,0,
224,Manhattan,2024-10-16,9,hvfhv,126,26.3
224,Manhattan,2024-10-16,9,other_fhv,0,
224,Manhattan,2024-10-16,10,yellow,4,12.28
224,Manhattan,2024-10-16,10,green,0,
224,Manhattan,2024-10-16,10,hvfhv,72,23.94
224,Manhattan,2024-10-16,10,other_fhv,5,
224,Manhattan,2024-10-16,11,yellow,6,18.26
224,Manhattan,2024-10-16,11,green,0,
224,Manhattan,2024-10-16,11,hvfhv,51,27.38
224,Manhattan,2024-10-16,11,other_fhv,1,
224,Manhattan,2024-10-16,12,yellow,10,13.17
224,Manhattan,2024-10-16,12,green,0,
224,Manhattan,2024-10-16,12,hvfhv,57,27.28
224,Manhattan,2024-10-16,12,other_fhv,0,
224,Manhattan,2024-10-16,13,yellow,8,14.05
224,Manhattan,2024-10-16,13,green,0,
224,Manhattan,2024-10-16,13,hvfhv,50,21.3
224,Manhattan,2024-10-16,13,other_fhv,1,
224,Manhattan,2024-10-16,14,yellow,8,16.92
224,Manhattan,2024-10-16,14,green,0,
224,Manhattan,2024-10-16,14,hvfhv,53,34.36
224,Manhattan,2024-10-16,14,other_fhv,0,
224,Manhattan,2024-10-16,15,yellow,6,26.45
224,Manhattan,2024-10-16,15,green,0,
224,Manhattan,2024-10-16,15,hvfhv,54,34.05
224,Manhattan,2024-10-16,15,other_fhv,0,
224,Manhattan,2024-10-16,16,yellow,7,11.7
224,Manhattan,2024-10-16,16,green,0,
224,Manhattan,2024-10-16,16,hvfhv,49,31.28
224,Manhattan,2024-10-16,16,other_fhv,0,
224,Manhattan,2024-10-16,17,yellow,6,27.23
224,Manhattan,2024-10-16,17,green,0,
224,Manhattan,2024-10-16,17,hvfhv,59,25.89
224,Manhattan,2024-10-16,17,other_fhv,1,
224,Manhattan,2024-10-16,18,yellow,14,12.46
224,Manhattan,2024-10-16,18,green,0,
224,Manhattan,2024-10-16,18,hvfhv,79,27.14
224,Manhattan,2024-10-16,18,other_fhv,0,
224,Manhattan,2024-10-16,19,yellow,4,11.75
224,Manhattan,2024-10-16,19,green,0,
224,Manhattan,2024-10-16,19,hvfhv,60,22.7
224,Manhattan,2024-10-16,19,other_fhv,3,
224,Manhattan,2024-10-16,20,yellow,8,15.9
224,Manhattan,2024-10-16,20,green,0,
224,Manhattan,2024-10-16,20,hvfhv,51,19.87
224,Manhattan,2024-10-16,20,other_fhv,2,
224,Manhattan,2024-10-16,21,yellow,3,10.23
224,Manhattan,2024-10-16,21,green,0,
224,Manhattan,2024-10-16,21,hvfhv,43,19.91
224,Manhattan,2024-10-16,21,other_fhv,0,
224,Manhattan,2024-10-16,22,yellow,5,6.75
224,Manhattan,2024-10-16,22,green,0,
224,Manhattan,2024-10-16,22,hvfhv,43,24.34
224,Manhattan,2024-10-16,22,other_fhv,4,
224,Manhattan,2024-10-16,23,yellow,6,14.74
224,Manhattan,2024-10-16,23,green,0,
224,Manhattan,2024-10-16,23,hvfhv,46,23.73
224,Manhattan,2024-10-16,23,other_fhv,1,
225,Brooklyn,2024-10-16,0,yellow,0,
225,Brooklyn,2024-10-16,0,green,0,
225,Brooklyn,2024-10-16,0,hvfhv,112,16.89
225,Brooklyn,2024-10-16,0,other_fhv,0,
225,Brooklyn,2024-10-16,1,yellow,0,
225,Brooklyn,2024-10-16,1,green,0,
225,Brooklyn,2024-10-16,1,hvfhv,67,16.2
225,Brooklyn,2024-10-16,1,other_fhv,1,
225,Brooklyn,2024-10-16,2,yellow,0,
225,Brooklyn,2024-10-16,2,green,0,
225,Brooklyn,2024-10-16,2,hvfhv,39,14.75
225,Brooklyn,2024-10-16,2,other_fhv,1,
225,Brooklyn,2024-10-16,3,yellow,0,
225,Brooklyn,2024-10-16,3,green,0,
225,Brooklyn,2024-10-16,3,hvfhv,68,22.46
225,Brooklyn,2024-10-16,3,other_fhv,0,
225,Brooklyn,2024-10-16,4,yellow,0,
225,Brooklyn,2024-10-16,4,green,0,
225,Brooklyn,2024-10-16,4,hvfhv,81,29.5
225,Brooklyn,2024-10-16,4,other_fhv,0,
225,Brooklyn,2024-10-16,5,yellow,1,33.1
225,Brooklyn,2024-10-16,5,green,0,
225,Brooklyn,2024-10-16,5,hvfhv,94,38.16
225,Brooklyn,2024-10-16,5,other_fhv,3,
225,Brooklyn,2024-10-16,6,yellow,5,29.63
225,Brooklyn,2024-10-16,6,green,0,
225,Brooklyn,2024-10-16,6,hvfhv,143,33.32
225,Brooklyn,2024-10-16,6,other_fhv,7,
225,Brooklyn,2024-10-16,7,yellow,4,27.0
225,Brooklyn,2024-10-16,7,green,0,
225,Brooklyn,2024-10-16,7,hvfhv,202,32.31
225,Brooklyn,2024-10-16,7,other_fhv,5,
225,Brooklyn,2024-10-16,8,yellow,7,26.32
225,Brooklyn,2024-10-16,8,green,0,
225,Brooklyn,2024-10-16,8,hvfhv,279,30.62
225,Brooklyn,2024-10-16,8,other_fhv,3,
225,Brooklyn,2024-10-16,9,yellow,4,38.31
225,Brooklyn,2024-10-16,9,green,0,
225,Brooklyn,2024-10-16,9,hvfhv,247,24.67
225,Brooklyn,2024-10-16,9,other_fhv,3,
225,Brooklyn,2024-10-16,10,yellow,9,28.95
225,Brooklyn,2024-10-16,10,green,0,
225,Brooklyn,2024-10-16,10,hvfhv,185,22.43
225,Brooklyn,2024-10-16,10,other_fhv,3,
225,Brooklyn,2024-10-16,11,yellow,5,28.3
225,Brooklyn,2024-10-16,11,green,1,15.6
225,Brooklyn,2024-10-16,11,hvfhv,162,23.56
225,Brooklyn,2024-10-16,11,other_fhv,2,
225,Brooklyn,2024-10-16,12,yellow,3,32.17
225,Brooklyn,2024-10-16,12,green,0,
225,Brooklyn,2024-10-16,12,hvfhv,154,21.28
225,Brooklyn,2024-10-16,12,other_fhv,4,
225,Brooklyn,2024-10-16,13,yellow,3,32.63
225,Brooklyn,2024-10-16,13,green,0,
225,Brooklyn,2024-10-16,13,hvfhv,148,22.61
225,Brooklyn,2024-10-16,13,other_fhv,3,
225,Brooklyn,2024-10-16,14,yellow,2,28.88
225,Brooklyn,2024-10-16,14,green,0,
225,Brooklyn,2024-10-16,14,hvfhv,194,21.01
225,Brooklyn,2024-10-16,14,other_fhv,2,
225,Brooklyn,2024-10-16,15,yellow,0,
225,Brooklyn,2024-10-16,15,green,0,
225,Brooklyn,2024-10-16,15,hvfhv,200,22.61
225,Brooklyn,2024-10-16,15,other_fhv,4,
225,Brooklyn,2024-10-16,16,yellow,1,40.0
225,Brooklyn,2024-10-16,16,green,0,
225,Brooklyn,2024-10-16,16,hvfhv,195,19.94
225,Brooklyn,2024-10-16,16,other_fhv,5,
225,Brooklyn,2024-10-16,17,yellow,1,17.58
225,Brooklyn,2024-10-16,17,green,0,
225,Brooklyn,2024-10-16,17,hvfhv,229,20.55
225,Brooklyn,2024-10-16,17,other_fhv,2,
225,Brooklyn,2024-10-16,18,yellow,1,17.5
225,Brooklyn,2024-10-16,18,green,0,
225,Brooklyn,2024-10-16,18,hvfhv,280,21.42
225,Brooklyn,2024-10-16,18,other_fhv,4,
225,Brooklyn,2024-10-16,19,yellow,0,
225,Brooklyn,2024-10-16,19,green,1,22.15
225,Brooklyn,2024-10-16,19,hvfhv,260,19.05
225,Brooklyn,2024-10-16,19,other_fhv,7,
225,Brooklyn,2024-10-16,20,yellow,0,
225,Brooklyn,2024-10-16,20,green,0,
225,Brooklyn,2024-10-16,20,hvfhv,234,17.37
225,Brooklyn,2024-10-16,20,other_fhv,6,
225,Brooklyn,2024-10-16,21,yellow,1,36.5
225,Brooklyn,2024-10-16,21,green,0,
225,Brooklyn,2024-10-16,21,hvfhv,224,17.67
225,Brooklyn,2024-10-16,21,other_fhv,6,
225,Brooklyn,2024-10-16,22,yellow,0,
225,Brooklyn,2024-10-16,22,green,0,
225,Brooklyn,2024-10-16,22,hvfhv,211,18.29
225,Brooklyn,2024-10-16,22,other_fhv,5,
225,Brooklyn,2024-10-16,23,yellow,0,
225,Brooklyn,2024-10-16,23,green,0,
225,Brooklyn,2024-10-16,23,hvfhv,200,18.68
225,Brooklyn,2024-10-16,23,other_fhv,0,
226,Queens,2024-10-16,0,yellow,2,14.96
226,Queens,2024-10-16,0,green,0,
226,Queens,2024-10-16,0,hvfhv,68,19.29
226,Queens,2024-10-16,0,other_fhv,0,
226,Queens,2024-10-16,1,yellow,0,
226,Queens,2024-10-16,1,green,0,
226,Queens,2024-10-16,1,hvfhv,45,16.59
226,Queens,2024-10-16,1,other_fhv,0,
226,Queens,2024-10-16,2,yellow,1,8.6
226,Queens,2024-10-16,2,green,0,
226,Queens,2024-10-16,2,hvfhv,29,17.96
226,Queens,2024-10-16,2,other_fhv,2,
226,Queens,2024-10-16,3,yellow,1,9.05
226,Queens,2024-10-16,3,green,0,
226,Queens,2024-10-16,3,hvfhv,43,18.67
226,Queens,2024-10-16,3,other_fhv,2,
226,Queens,2024-10-16,4,yellow,3,23.28
226,Queens,2024-10-16,4,green,0,
226,Queens,2024-10-16,4,hvfhv,56,21.58
226,Queens,2024-10-16,4,other_fhv,1,
226,Queens,2024-10-16,5,yellow,8,37.92
226,Queens,2024-10-16,5,green,0,
226,Queens,2024-10-16,5,hvfhv,112,21.0
226,Queens,2024-10-16,5,other_fhv,1,
226,Queens,2024-10-16,6,yellow,6,22.35
226,Queens,2024-10-16,6,green,0,
226,Queens,2024-10-16,6,hvfhv,182,21.5
226,Queens,2024-10-16,6,other_fhv,4,
226,Queens,2024-10-16,7,yellow,6,24.92
226,Queens,2024-10-16,7,green,0,
226,Queens,2024-10-16,7,hvfhv,204,21.52
226,Queens,2024-10-16,7,other_fhv,2,
226,Queens,2024-10-16,8,yellow,5,31.76
226,Queens,2024-10-16,8,green,0,
226,Queens,2024-10-16,8,hvfhv,245,22.9
226,Queens,2024-10-16,8,other_fhv,5,
226,Queens,2024-10-16,9,yellow,6,38.68
226,Queens,2024-10-16,9,green,0,
226,Queens,2024-10-16,9,hvfhv,212,22.53
226,Queens,2024-10-16,9,other_fhv,0,
226,Queens,2024-10-16,10,yellow,8,28.12
226,Queens,2024-10-16,10,green,0,
226,Queens,2024-10-16,10,hvfhv,179,26.8
226,Queens,2024-10-16,10,other_fhv,2,
226,Queens,2024-10-16,11,yellow,9,34.23
226,Queens,2024-10-16,11,green,0,
226,Queens,2024-10-16,11,hvfhv,181,24.2
226,Queens,2024-10-16,11,other_fhv,3,
226,Queens,2024-10-16,12,yellow,8,38.68
226,Queens,2024-10-16,12,green,0,
226,Queens,2024-10-16,12,hvfhv,179,24.27
226,Queens,2024-10-16,12,other_fhv,4,
226,Queens,2024-10-16,13,yellow,5,56.9
226,Queens,2024-10-16,13,green,1,38.0
226,Queens,2024-10-16,13,hvfhv,137,23.27
226,Queens,2024-10-16,13,other_fhv,0,
226,Queens,2024-10-16,14,yellow,4,30.85
226,Queens,2024-10-16,14,green,0,
226,Queens,2024-10-16,14,hvfhv,173,22.63
226,Queens,2024-10-16,14,other_fhv,7,
226,Queens,2024-10-16,15,yellow,7,29.11
226,Queens,2024-10-16,15,green,0,
226,Queens,2024-10-16,15,hvfhv,198,25.68
226,Queens,2024-10-16,15,other_fhv,3,
226,Queens,2024-10-16,16,yellow,9,64.79
226,Queens,2024-10-16,16,green,1,11.4
226,Queens,2024-10-16,16,hvfhv,186,23.97
226,Queens,2024-10-16,16,other_fhv,5,
226,Queens,2024-10-16,17,yellow,9,18.65
226,Queens,2024-10-16,17,green,1,25.5
226,Queens,2024-10-16,17,hvfhv,232,23.55
226,Queens,2024-10-16,17,other_fhv,7,
226,Queens,2024-10-16,18,yellow,4,37.98
226,Queens,2024-10-16,18,green,0,
226,Queens,2024-10-16,18,hvfhv,229,20.58
226,Queens,2024-10-16,18,other_fhv,9,
226,Queens,2024-10-16,19,yellow,3,19.46
226,Queens,2024-10-16,19,green,0,
226,Queens,2024-10-16,19,hvfhv,206,21.32
226,Queens,2024-10-16,19,other_fhv,3,
226,Queens,2024-10-16,20,yellow,3,36.61
226,Queens,2024-10-16,20,green,0,
226,Queens,2024-10-16,20,hvfhv,191,20.06
226,Queens,2024-10-16,20,other_fhv,2,
226,Queens,2024-10-16,21,yellow,5,38.38
226,Queens,2024-10-16,21,green,2,14.2
226,Queens,2024-10-16,21,hvfhv,189,19.89
226,Queens,2024-10-16,21,other_fhv,4,
226,Queens,2024-10-16,22,yellow,4,4.47
226,Queens,2024-10-16,22,green,0,
226,Queens,2024-10-16,22,hvfhv,112,16.72
226,Queens,2024-10-16,22,other_fhv,6,
226,Queens,2024-10-16,23,yellow,11,19.47
226,Queens,2024-10-16,23,green,0,
226,Queens,2024-10-16,23,hvfhv,170,20.5
226,Queens,2024-10-16,23,other_fhv,0,
227,Brooklyn,2024-10-16,0,yellow,0,
227,Brooklyn,2024-10-16,0,green,0,
227,Brooklyn,2024-10-16,0,hvfhv,29,18.56
227,Brooklyn,2024-10-16,0,other_fhv,0,
227,Brooklyn,2024-10-16,1,yellow,1,50.0
227,Brooklyn,2024-10-16,1,green,0,
227,Brooklyn,2024-10-16,1,hvfhv,32,18.42
227,Brooklyn,2024-10-16,1,other_fhv,0,
227,Brooklyn,2024-10-16,2,yellow,0,
227,Brooklyn,2024-10-16,2,green,0,
227,Brooklyn,2024-10-16,2,hvfhv,14,13.72
227,Brooklyn,2024-10-16,2,other_fhv,0,
227,Brooklyn,2024-10-16,3,yellow,0,
227,Brooklyn,2024-10-16,3,green,0,
227,Brooklyn,2024-10-16,3,hvfhv,16,26.24
227,Brooklyn,2024-10-16,3,other_fhv,0,
227,Brooklyn,2024-10-16,4,yellow,0,
227,Brooklyn,2024-10-16,4,green,0,
227,Brooklyn,2024-10-16,4,hvfhv,24,26.13
227,Brooklyn,2024-10-16,4,other_fhv,0,
227,Brooklyn,2024-10-16,5,yellow,0,
227,Brooklyn,2024-10-16,5,green,0,
227,Brooklyn,2024-10-16,5,hvfhv,43,28.62
227,Brooklyn,2024-10-16,5,other_fhv,2,
227,Brooklyn,2024-10-16,6,yellow,0,
227,Brooklyn,2024-10-16,6,green,0,
227,Brooklyn,2024-10-16,6,hvfhv,75,24.5
227,Brooklyn,2024-10-16,6,other_fhv,0,
227,Brooklyn,2024-10-16,7,yellow,2,24.54
227,Brooklyn,2024-10-16,7,green,0,
227,Brooklyn,2024-10-16,7,hvfhv,107,23.21
227,Brooklyn,2024-10-16,7,other_fhv,5,
227,Brooklyn,2024-10-16,8,yellow,0,
227,Brooklyn,2024-10-16,8,green,0,
227,Brooklyn,2024-10-16,8,hvfhv,108,19.83
227,Brooklyn,2024-10-16,8,other_fhv,1,
227,Brooklyn,2024-10-16,9,yellow,1,41.5
227,Brooklyn,2024-10-16,9,green,0,
227,Brooklyn,2024-10-16,9,hvfhv,88,21.23
227,Brooklyn,2024-10-16,9,other_fhv,8,
227,Brooklyn,2024-10-16,10,yellow,0,
227,Brooklyn,2024-10-16,10,green,0,
227,Brooklyn,2024-10-16,10,hvfhv,79,25.76
227,Brooklyn,2024-10-16,10,other_fhv,6,
227,Brooklyn,2024-10-16,11,yellow,2,26.5
227,Brooklyn,2024-10-16,11,green,0,
227,Brooklyn,2024-10-16,11,hvfhv,63,25.46
227,Brooklyn,2024-10-16,11,other_fhv,9,
227,Brooklyn,2024-10-16,12,yellow,0,
227,Brooklyn,2024-10-16,12,green,0,
227,Brooklyn,2024-10-16,12,hvfhv,64,21.15
227,Brooklyn,2024-10-16,12,other_fhv,5,
227,Brooklyn,2024-10-16,13,yellow,0,
227,Brooklyn,2024-10-16,13,green,0,
227,Brooklyn,2024-10-16,13,hvfhv,67,23.45
227,Brooklyn,2024-10-16,13,other_fhv,12,
227,Brooklyn,2024-10-16,14,yellow,0,
227,Brooklyn,2024-10-16,14,green,0,
227,Brooklyn,2024-10-16,14,hvfhv,73,26.19
227,Brooklyn,2024-10-16,14,other_fhv,7,
227,Brooklyn,2024-10-16,15,yellow,1,17.5
227,Brooklyn,2024-10-16,15,green,0,
227,Brooklyn,2024-10-16,15,hvfhv,74,24.96
227,Brooklyn,2024-10-16,15,other_fhv,4,
227,Brooklyn,2024-10-16,16,yellow,0,
227,Brooklyn,2024-10-16,16,green,0,
227,Brooklyn,2024-10-16,16,hvfhv,61,20.3
227,Brooklyn,2024-10-16,16,other_fhv,5,
227,Brooklyn,2024-10-16,17,yellow,0,
227,Brooklyn,2024-10-16,17,green,0,
227,Brooklyn,2024-10-16,17,hvfhv,92,21.96
227,Brooklyn,2024-10-16,17,other_fhv,3,
227,Brooklyn,2024-10-16,18,yellow,0,
227,Brooklyn,2024-10-16,18,green,0,
227,Brooklyn,2024-10-16,18,hvfhv,65,20.29
227,Brooklyn,2024-10-16,18,other_fhv,2,
227,Brooklyn,2024-10-16,19,yellow,0,
227,Brooklyn,2024-10-16,19,green,0,
227,Brooklyn,2024-10-16,19,hvfhv,47,21.49
227,Brooklyn,2024-10-16,19,other_fhv,0,
227,Brooklyn,2024-10-16,20,yellow,0,
227,Brooklyn,2024-10-16,20,green,0,
227,Brooklyn,2024-10-16,20,hvfhv,48,17.43
227,Brooklyn,2024-10-16,20,other_fhv,0,
227,Brooklyn,2024-10-16,21,yellow,0,
227,Brooklyn,2024-10-16,21,green,0,
227,Brooklyn,2024-10-16,21,hvfhv,59,16.5
227,Brooklyn,2024-10-16,21,other_fhv,0,
227,Brooklyn,2024-10-16,22,yellow,0,
227,Brooklyn,2024-10-16,22,green,0,
227,Brooklyn,2024-10-16,22,hvfhv,54,18.27
227,Brooklyn,2024-10-16,22,other_fhv,0,
227,Brooklyn,2024-10-16,23,yellow,0,
227,Brooklyn,2024-10-16,23,green,0,
227,Brooklyn,2024-10-16,23,hvfhv,40,21.66
227,Brooklyn,2024-10-16,23,other_fhv,0,
228,Brooklyn,2024-10-16,0,yellow,1,47.61
228,Brooklyn,2024-10-16,0,green,0,
228,Brooklyn,2024-10-16,0,hvfhv,66,20.69
228,Brooklyn,2024-10-16,0,other_fhv,1,
228,Brooklyn,2024-10-16,1,yellow,0,
228,Brooklyn,2024-10-16,1,green,0,
228,Brooklyn,2024-10-16,1,hvfhv,38,16.81
228,Brooklyn,2024-10-16,1,other_fhv,0,
228,Brooklyn,2024-10-16,2,yellow,0,
228,Brooklyn,2024-10-16,2,green,0,
228,Brooklyn,2024-10-16,2,hvfhv,35,19.08
228,Brooklyn,2024-10-16,2,other_fhv,0,
228,Brooklyn,2024-10-16,3,yellow,0,
228,Brooklyn,2024-10-16,3,green,0,
228,Brooklyn,2024-10-16,3,hvfhv,25,27.7
228,Brooklyn,2024-10-16,3,other_fhv,0,
228,Brooklyn,2024-10-16,4,yellow,0,
228,Brooklyn,2024-10-16,4,green,0,
228,Brooklyn,2024-10-16,4,hvfhv,31,31.1
228,Brooklyn,2024-10-16,4,other_fhv,0,
228,Brooklyn,2024-10-16,5,yellow,0,
228,Brooklyn,2024-10-16,5,green,0,
228,Brooklyn,2024-10-16,5,hvfhv,59,25.88
228,Brooklyn,2024-10-16,5,other_fhv,0,
228,Brooklyn,2024-10-16,6,yellow,0,
228,Brooklyn,2024-10-16,6,green,0,
228,Brooklyn,2024-10-16,6,hvfhv,107,25.11
228,Brooklyn,2024-10-16,6,other_fhv,0,
228,Brooklyn,2024-10-16,7,yellow,0,
228,Brooklyn,2024-10-16,7,green,0,
228,Brooklyn,2024-10-16,7,hvfhv,139,25.71
228,Brooklyn,2024-10-16,7,other_fhv,0,
228,Brooklyn,2024-10-16,8,yellow,2,29.5
228,Brooklyn,2024-10-16,8,green,0,
228,Brooklyn,2024-10-16,8,hvfhv,184,22.37
228,Brooklyn,2024-10-16,8,other_fhv,4,
228,Brooklyn,2024-10-16,9,yellow,0,
228,Brooklyn,2024-10-16,9,green,0,
228,Brooklyn,2024-10-16,9,hvfhv,155,21.2
228,Brooklyn,2024-10-16,9,other_fhv,2,
228,Brooklyn,2024-10-16,10,yellow,1,47.1
228,Brooklyn,2024-10-16,10,green,0,
228,Brooklyn,2024-10-16,10,hvfhv,132,25.05
228,Brooklyn,2024-10-16,10,other_fhv,3,
228,Brooklyn,2024-10-16,11,yellow,3,32.12
228,Brooklyn,2024-10-16,11,green,0,
228,Brooklyn,2024-10-16,11,hvfhv,100,25.3
228,Brooklyn,2024-10-16,11,other_fhv,4,
228,Brooklyn,2024-10-16,12,yellow,0,
228,Brooklyn,2024-10-16,12,green,0,
228,Brooklyn,2024-10-16,12,hvfhv,117,27.21
228,Brooklyn,2024-10-16,12,other_fhv,2,
228,Brooklyn,2024-10-16,13,yellow,1,26.71
228,Brooklyn,2024-10-16,13,green,0,
228,Brooklyn,2024-10-16,13,hvfhv,119,26.9
228,Brooklyn,2024-10-16,13,other_fhv,2,
228,Brooklyn,2024-10-16,14,yellow,3,40.67
228,Brooklyn,2024-10-16,14,green,0,
228,Brooklyn,2024-10-16,14,hvfhv,130,29.7
228,Brooklyn,2024-10-16,14,other_fhv,3,
228,Brooklyn,2024-10-16,15,yellow,1,30.5
228,Brooklyn,2024-10-16,15,green,0,
228,Brooklyn,2024-10-16,15,hvfhv,186,31.39
228,Brooklyn,2024-10-16,15,other_fhv,2,
228,Brooklyn,2024-10-16,16,yellow,2,18.1
228,Brooklyn,2024-10-16,16,green,0,
228,Brooklyn,2024-10-16,16,hvfhv,182,27.03
228,Brooklyn,2024-10-16,16,other_fhv,4,
228,Brooklyn,2024-10-16,17,yellow,1,31.5
228,Brooklyn,2024-10-16,17,green,0,
228,Brooklyn,2024-10-16,17,hvfhv,211,25.04
228,Brooklyn,2024-10-16,17,other_fhv,2,
228,Brooklyn,2024-10-16,18,yellow,0,
228,Brooklyn,2024-10-16,18,green,0,
228,Brooklyn,2024-10-16,18,hvfhv,197,24.21
228,Brooklyn,2024-10-16,18,other_fhv,0,
228,Brooklyn,2024-10-16,19,yellow,1,42.9
228,Brooklyn,2024-10-16,19,green,0,
228,Brooklyn,2024-10-16,19,hvfhv,198,21.15
228,Brooklyn,2024-10-16,19,other_fhv,2,
228,Brooklyn,2024-10-16,20,yellow,1,36.81
228,Brooklyn,2024-10-16,20,green,0,
228,Brooklyn,2024-10-16,20,hvfhv,204,22.5
228,Brooklyn,2024-10-16,20,other_fhv,0,
228,Brooklyn,2024-10-16,21,yellow,0,
228,Brooklyn,2024-10-16,21,green,0,
228,Brooklyn,2024-10-16,21,hvfhv,137,21.4
228,Brooklyn,2024-10-16,21,other_fhv,2,
228,Brooklyn,2024-10-16,22,yellow,0,
228,Brooklyn,2024-10-16,22,green,0,
228,Brooklyn,2024-10-16,22,hvfhv,113,17.92
228,Brooklyn,2024-10-16,22,other_fhv,0,
228,Brooklyn,2024-10-16,23,yellow,1,85.0
228,Brooklyn,2024-10-16,23,green,0,
228,Brooklyn,2024-10-16,23,hvfhv,123,19.68
228,Brooklyn,2024-10-16,23,other_fhv,2,
229,Manhattan,2024-10-16,0,yellow,20,19.3
229,Manhattan,2024-10-16,0,green,0,
229,Manhattan,2024-10-16,0,hvfhv,77,29.34
229,Manhattan,2024-10-16,0,other_fhv,0,
229,Manhattan,2024-10-16,1,yellow,8,8.07
229,Manhattan,2024-10-16,1,green,0,
229,Manhattan,2024-10-16,1,hvfhv,63,26.79
229,Manhattan,2024-10-16,1,other_fhv,0,
229,Manhattan,2024-10-16,2,yellow,9,9.57
229,Manhattan,2024-10-16,2,green,0,
229,Manhattan,2024-10-16,2,hvfhv,24,24.9
229,Manhattan,2024-10-16,2,other_fhv,0,
229,Manhattan,2024-10-16,3,yellow,6,8.13
229,Manhattan,2024-10-16,3,green,0,
229,Manhattan,2024-10-16,3,hvfhv,22,24.49
229,Manhattan,2024-10-16,3,other_fhv,0,
229,Manhattan,2024-10-16,4,yellow,3,19.31
229,Manhattan,2024-10-16,4,green,0,
229,Manhattan,2024-10-16,4,hvfhv,58,36.38
229,Manhattan,2024-10-16,4,other_fhv,0,
229,Manhattan,2024-10-16,5,yellow,17,29.26
229,Manhattan,2024-10-16,5,green,0,
229,Manhattan,2024-10-16,5,hvfhv,86,38.78
229,Manhattan,2024-10-16,5,other_fhv,1,
229,Manhattan,2024-10-16,6,yellow,28,20.55
229,Manhattan,2024-10-16,6,green,0,
229,Manhattan,2024-10-16,6,hvfhv,123,28.39
229,Manhattan,2024-10-16,6,other_fhv,3,
229,Manhattan,2024-10-16,7,yellow,121,12.58
229,Manhattan,2024-10-16,7,green,0,
229,Manhattan,2024-10-16,7,hvfhv,221,28.39
229,Manhattan,2024-10-16,7,other_fhv,1,
229,Manhattan,2024-10-16,8,yellow,148,16.48
229,Manhattan,2024-10-16,8,green,0,
229,Manhattan,2024-10-16,8,hvfhv,264,26.53
229,Manhattan,2024-10-16,8,other_fhv,7,
229,Manhattan,2024-10-16,9,yellow,141,14.06
229,Manhattan,2024-10-16,9,green,0,
229,Manhattan,2024-10-16,9,hvfhv,224,26.94
229,Manhattan,2024-10-16,9,other_fhv,7,
229,Manhattan,2024-10-16,10,yellow,132,15.47
229,Manhattan,2024-10-16,10,green,0,
229,Manhattan,2024-10-16,10,hvfhv,177,32.95
229,Manhattan,2024-10-16,10,other_fhv,1,
229,Manhattan,2024-10-16,11,yellow,127,17.13
229,Manhattan,2024-10-16,11,green,0,
229,Manhattan,2024-10-16,11,hvfhv,149,29.03
229,Manhattan,2024-10-16,11,other_fhv,2,
229,Manhattan,2024-10-16,12,yellow,125,18.35
229,Manhattan,2024-10-16,12,green,0,
229,Manhattan,2024-10-16,12,hvfhv,157,38.17
229,Manhattan,2024-10-16,12,other_fhv,2,
229,Manhattan,2024-10-16,13,yellow,116,19.71
229,Manhattan,2024-10-16,13,green,0,
229,Manhattan,2024-10-16,13,hvfhv,162,37.66
229,Manhattan,2024-10-16,13,other_fhv,0,
229,Manhattan,2024-10-16,14,yellow,114,20.34
229,Manhattan,2024-10-16,14,green,0,
229,Manhattan,2024-10-16,14,hvfhv,136,38.61
229,Manhattan,2024-10-16,14,other_fhv,2,
229,Manhattan,2024-10-16,15,yellow,115,17.07
229,Manhattan,2024-10-16,15,green,0,
229,Manhattan,2024-10-16,15,hvfhv,152,43.37
229,Manhattan,2024-10-16,15,other_fhv,4,
229,Manhattan,2024-10-16,16,yellow,87,18.14
229,Manhattan,2024-10-16,16,green,0,
229,Manhattan,2024-10-16,16,hvfhv,161,38.84
229,Manhattan,2024-10-16,16,other_fhv,4,
229,Manhattan,2024-10-16,17,yellow,166,15.61
229,Manhattan,2024-10-16,17,green,0,
229,Manhattan,2024-10-16,17,hvfhv,231,30.79
229,Manhattan,2024-10-16,17,other_fhv,4,
229,Manhattan,2024-10-16,18,yellow,176,14.84
229,Manhattan,2024-10-16,18,green,0,
229,Manhattan,2024-10-16,18,hvfhv,279,31.78
229,Manhattan,2024-10-16,18,other_fhv,8,
229,Manhattan,2024-10-16,19,yellow,154,13.18
229,Manhattan,2024-10-16,19,green,0,
229,Manhattan,2024-10-16,19,hvfhv,271,33.89
229,Manhattan,2024-10-16,19,other_fhv,3,
229,Manhattan,2024-10-16,20,yellow,122,13.58
229,Manhattan,2024-10-16,20,green,0,
229,Manhattan,2024-10-16,20,hvfhv,247,34.22
229,Manhattan,2024-10-16,20,other_fhv,3,
229,Manhattan,2024-10-16,21,yellow,159,13.84
229,Manhattan,2024-10-16,21,green,0,
229,Manhattan,2024-10-16,21,hvfhv,285,35.91
229,Manhattan,2024-10-16,21,other_fhv,5,
229,Manhattan,2024-10-16,22,yellow,119,13.79
229,Manhattan,2024-10-16,22,green,0,
229,Manhattan,2024-10-16,22,hvfhv,248,33.17
229,Manhattan,2024-10-16,22,other_fhv,2,
229,Manhattan,2024-10-16,23,yellow,78,12.53
229,Manhattan,2024-10-16,23,green,0,
229,Manhattan,2024-10-16,23,hvfhv,174,32.18
229,Manhattan,2024-10-16,23,other_fhv,2,
230,Manhattan,2024-10-16,0,yellow,134,15.27
230,Manhattan,2024-10-16,0,green,0,
230,Manhattan,2024-10-16,0,hvfhv,404,31.21
230,Manhattan,2024-10-16,0,other_fhv,4,
230,Manhattan,2024-10-16,1,yellow,47,16.03
230,Manhattan,2024-10-16,1,green,0,
230,Manhattan,2024-10-16,1,hvfhv,250,29.56
230,Manhattan,2024-10-16,1,other_fhv,0,
230,Manhattan,2024-10-16,2,yellow,13,15.87
230,Manhattan,2024-10-16,2,green,0,
230,Manhattan,2024-10-16,2,hvfhv,141,27.69
230,Manhattan,2024-10-16,2,other_fhv,1,
230,Manhattan,2024-10-16,3,yellow,13,23.43
230,Manhattan,2024-10-16,3,green,0,
230,Manhattan,2024-10-16,3,hvfhv,111,37.05
230,Manhattan,2024-10-16,3,other_fhv,0,
230,Manhattan,2024-10-16,4,yellow,18,43.95
230,Manhattan,2024-10-16,4,green,0,
230,Manhattan,2024-10-16,4,hvfhv,120,50.46
230,Manhattan,2024-10-16,4,other_fhv,2,
230,Manhattan,2024-10-16,5,yellow,25,43.81
230,Manhattan,2024-10-16,5,green,0,
230,Manhattan,2024-10-16,5,hvfhv,141,52.0
230,Manhattan,2024-10-16,5,other_fhv,2,
230,Manhattan,2024-10-16,6,yellow,45,30.44
230,Manhattan,2024-10-16,6,green,0,
230,Manhattan,2024-10-16,6,hvfhv,173,49.74
230,Manhattan,2024-10-16,6,other_fhv,2,
230,Manhattan,2024-10-16,7,yellow,110,20.7
230,Manhattan,2024-10-16,7,green,0,
230,Manhattan,2024-10-16,7,hvfhv,255,40.55
230,Manhattan,2024-10-16,7,other_fhv,3,
230,Manhattan,2024-10-16,8,yellow,171,22.36
230,Manhattan,2024-10-16,8,green,0,
230,Manhattan,2024-10-16,8,hvfhv,360,44.83
230,Manhattan,2024-10-16,8,other_fhv,3,
230,Manhattan,2024-10-16,9,yellow,170,20.1
230,Manhattan,2024-10-16,9,green,0,
230,Manhattan,2024-10-16,9,hvfhv,371,40.64
230,Manhattan,2024-10-16,9,other_fhv,3,
230,Manhattan,2024-10-16,10,yellow,175,20.6
230,Manhattan,2024-10-16,10,green,0,
230,Manhattan,2024-10-16,10,hvfhv,366,42.08
230,Manhattan,2024-10-16,10,other_fhv,4,
230,Manhattan,2024-10-16,11,yellow,193,24.84
230,Manhattan,2024-10-16,11,green,0,
230,Manhattan,2024-10-16,11,hvfhv,403,42.31
230,Manhattan,2024-10-16,11,other_fhv,1,
230,Manhattan,2024-10-16,12,yellow,205,22.21
230,Manhattan,2024-10-16,12,green,0,
230,Manhattan,2024-10-16,12,hvfhv,348,49.17
230,Manhattan,2024-10-16,12,other_fhv,3,
230,Manhattan,2024-10-16,13,yellow,217,24.21
230,Manhattan,2024-10-16,13,green,0,
230,Manhattan,2024-10-16,13,hvfhv,336,50.3
230,Manhattan,2024-10-16,13,other_fhv,1,
230,Manhattan,2024-10-16,14,yellow,224,23.79
230,Manhattan,2024-10-16,14,green,0,
230,Manhattan,2024-10-16,14,hvfhv,340,52.09
230,Manhattan,2024-10-16,14,other_fhv,5,
230,Manhattan,2024-10-16,15,yellow,259,22.59
230,Manhattan,2024-10-16,15,green,0,
230,Manhattan,2024-10-16,15,hvfhv,335,50.42
230,Manhattan,2024-10-16,15,other_fhv,3,
230,Manhattan,2024-10-16,16,yellow,367,21.14
230,Manhattan,2024-10-16,16,green,0,
230,Manhattan,2024-10-16,16,hvfhv,438,51.46
230,Manhattan,2024-10-16,16,other_fhv,1,
230,Manhattan,2024-10-16,17,yellow,378,21.32
230,Manhattan,2024-10-16,17,green,0,
230,Manhattan,2024-10-16,17,hvfhv,436,46.02
230,Manhattan,2024-10-16,17,other_fhv,4,
230,Manhattan,2024-10-16,18,yellow,399,19.19
230,Manhattan,2024-10-16,18,green,0,
230,Manhattan,2024-10-16,18,hvfhv,479,43.88
230,Manhattan,2024-10-16,18,other_fhv,7,
230,Manhattan,2024-10-16,19,yellow,348,16.48
230,Manhattan,2024-10-16,19,green,0,
230,Manhattan,2024-10-16,19,hvfhv,556,42.52
230,Manhattan,2024-10-16,19,other_fhv,7,
230,Manhattan,2024-10-16,20,yellow,419,15.96
230,Manhattan,2024-10-16,20,green,0,
230,Manhattan,2024-10-16,20,hvfhv,693,46.57
230,Manhattan,2024-10-16,20,other_fhv,4,
230,Manhattan,2024-10-16,21,yellow,513,16.02
230,Manhattan,2024-10-16,21,green,0,
230,Manhattan,2024-10-16,21,hvfhv,932,49.15
230,Manhattan,2024-10-16,21,other_fhv,9,
230,Manhattan,2024-10-16,22,yellow,463,16.35
230,Manhattan,2024-10-16,22,green,0,
230,Manhattan,2024-10-16,22,hvfhv,851,48.85
230,Manhattan,2024-10-16,22,other_fhv,13,
230,Manhattan,2024-10-16,23,yellow,412,15.74
230,Manhattan,2024-10-16,23,green,0,
230,Manhattan,2024-10-16,23,hvfhv,681,38.83
230,Manhattan,2024-10-16,23,other_fhv,3,
231,Manhattan,2024-10-16,0,yellow,32,17.39
231,Manhattan,2024-10-16,0,green,0,
231,Manhattan,2024-10-16,0,hvfhv,175,26.48
231,Manhattan,2024-10-16,0,other_fhv,2,
231,Manhattan,2024-10-16,1,yellow,18,21.08
231,Manhattan,2024-10-16,1,green,0,
231,Manhattan,2024-10-16,1,hvfhv,97,25.14
231,Manhattan,2024-10-16,1,other_fhv,0,
231,Manhattan,2024-10-16,2,yellow,7,16.04
231,Manhattan,2024-10-16,2,green,0,
231,Manhattan,2024-10-16,2,hvfhv,54,26.96
231,Manhattan,2024-10-16,2,other_fhv,0,
231,Manhattan,2024-10-16,3,yellow,6,8.77
231,Manhattan,2024-10-16,3,green,0,
231,Manhattan,2024-10-16,3,hvfhv,58,29.63
231,Manhattan,2024-10-16,3,other_fhv,0,
231,Manhattan,2024-10-16,4,yellow,6,7.55
231,Manhattan,2024-10-16,4,green,0,
231,Manhattan,2024-10-16,4,hvfhv,61,47.65
231,Manhattan,2024-10-16,4,other_fhv,2,
231,Manhattan,2024-10-16,5,yellow,5,24.44
231,Manhattan,2024-10-16,5,green,0,
231,Manhattan,2024-10-16,5,hvfhv,93,53.19
231,Manhattan,2024-10-16,5,other_fhv,1,
231,Manhattan,2024-10-16,6,yellow,17,19.41
231,Manhattan,2024-10-16,6,green,0,
231,Manhattan,2024-10-16,6,hvfhv,173,36.87
231,Manhattan,2024-10-16,6,other_fhv,2,
231,Manhattan,2024-10-16,7,yellow,71,18.71
231,Manhattan,2024-10-16,7,green,0,
231,Manhattan,2024-10-16,7,hvfhv,295,38.43
231,Manhattan,2024-10-16,7,other_fhv,5,
231,Manhattan,2024-10-16,8,yellow,77,18.13
231,Manhattan,2024-10-16,8,green,0,
231,Manhattan,2024-10-16,8,hvfhv,448,32.58
231,Manhattan,2024-10-16,8,other_fhv,5,
231,Manhattan,2024-10-16,9,yellow,72,20.56
231,Manhattan,2024-10-16,9,green,0,
231,Manhattan,2024-10-16,9,hvfhv,362,32.6
231,Manhattan,2024-10-16,9,other_fhv,6,
231,Manhattan,2024-10-16,10,yellow,72,22.83
231,Manhattan,2024-10-16,10,green,0,
231,Manhattan,2024-10-16,10,hvfhv,313,36.96
231,Manhattan,2024-10-16,10,other_fhv,4,
231,Manhattan,2024-10-16,11,yellow,83,24.2
231,Manhattan,2024-10-16,11,green,0,
231,Manhattan,2024-10-16,11,hvfhv,354,36.17
231,Manhattan,2024-10-16,11,other_fhv,5,
231,Manhattan,2024-10-16,12,yellow,82,22.68
231,Manhattan,2024-10-16,12,green,0,
231,Manhattan,2024-10-16,12,hvfhv,293,39.82
231,Manhattan,2024-10-16,12,other_fhv,6,
231,Manhattan,2024-10-16,13,yellow,79,21.19
231,Manhattan,2024-10-16,13,green,0,
231,Manhattan,2024-10-16,13,hvfhv,315,40.73
231,Manhattan,2024-10-16,13,other_fhv,9,
231,Manhattan,2024-10-16,14,yellow,76,23.18
231,Manhattan,2024-10-16,14,green,0,
231,Manhattan,2024-10-16,14,hvfhv,340,42.01
231,Manhattan,2024-10-16,14,other_fhv,6,
231,Manhattan,2024-10-16,15,yellow,100,25.5
231,Manhattan,2024-10-16,15,green,0,
231,Manhattan,2024-10-16,15,hvfhv,337,40.59
231,Manhattan,2024-10-16,15,other_fhv,2,
231,Manhattan,2024-10-16,16,yellow,123,23.32
231,Manhattan,2024-10-16,16,green,0,
231,Manhattan,2024-10-16,16,hvfhv,378,45.59
231,Manhattan,2024-10-16,16,other_fhv,8,
231,Manhattan,2024-10-16,17,yellow,143,22.29
231,Manhattan,2024-10-16,17,green,0,
231,Manhattan,2024-10-16,17,hvfhv,454,40.96
231,Manhattan,2024-10-16,17,other_fhv,9,
231,Manhattan,2024-10-16,18,yellow,171,21.73
231,Manhattan,2024-10-16,18,green,0,
231,Manhattan,2024-10-16,18,hvfhv,582,41.14
231,Manhattan,2024-10-16,18,other_fhv,2,
231,Manhattan,2024-10-16,19,yellow,155,18.13
231,Manhattan,2024-10-16,19,green,0,
231,Manhattan,2024-10-16,19,hvfhv,574,33.91
231,Manhattan,2024-10-16,19,other_fhv,3,
231,Manhattan,2024-10-16,20,yellow,128,18.8
231,Manhattan,2024-10-16,20,green,0,
231,Manhattan,2024-10-16,20,hvfhv,560,35.37
231,Manhattan,2024-10-16,20,other_fhv,6,
231,Manhattan,2024-10-16,21,yellow,138,20.1
231,Manhattan,2024-10-16,21,green,0,
231,Manhattan,2024-10-16,21,hvfhv,631,36.04
231,Manhattan,2024-10-16,21,other_fhv,6,
231,Manhattan,2024-10-16,22,yellow,172,17.62
231,Manhattan,2024-10-16,22,green,0,
231,Manhattan,2024-10-16,22,hvfhv,601,33.07
231,Manhattan,2024-10-16,22,other_fhv,4,
231,Manhattan,2024-10-16,23,yellow,103,18.52
231,Manhattan,2024-10-16,23,green,0,
231,Manhattan,2024-10-16,23,hvfhv,422,28.43
231,Manhattan,2024-10-16,23,other_fhv,2,
232,Manhattan,2024-10-16,0,yellow,8,11.79
232,Manhattan,2024-10-16,0,green,0,
232,Manhattan,2024-10-16,0,hvfhv,55,23.58
232,Manhattan,2024-10-16,0,other_fhv,0,
232,Manhattan,2024-10-16,1,yellow,6,20.21
232,Manhattan,2024-10-16,1,green,0,
232,Manhattan,2024-10-16,1,hvfhv,46,21.13
232,Manhattan,2024-10-16,1,other_fhv,0,
232,Manhattan,2024-10-16,2,yellow,1,12.1
232,Manhattan,2024-10-16,2,green,0,
232,Manhattan,2024-10-16,2,hvfhv,26,20.06
232,Manhattan,2024-10-16,2,other_fhv,0,
232,Manhattan,2024-10-16,3,yellow,1,7.33
232,Manhattan,2024-10-16,3,green,0,
232,Manhattan,2024-10-16,3,hvfhv,21,23.19
232,Manhattan,2024-10-16,3,other_fhv,0,
232,Manhattan,2024-10-16,4,yellow,2,37.88
232,Manhattan,2024-10-16,4,green,0,
232,Manhattan,2024-10-16,4,hvfhv,40,26.43
232,Manhattan,2024-10-16,4,other_fhv,0,
232,Manhattan,2024-10-16,5,yellow,2,22.25
232,Manhattan,2024-10-16,5,green,0,
232,Manhattan,2024-10-16,5,hvfhv,49,27.17
232,Manhattan,2024-10-16,5,other_fhv,0,
232,Manhattan,2024-10-16,6,yellow,11,23.47
232,Manhattan,2024-10-16,6,green,0,
232,Manhattan,2024-10-16,6,hvfhv,83,32.13
232,Manhattan,2024-10-16,6,other_fhv,1,
232,Manhattan,2024-10-16,7,yellow,8,29.82
232,Manhattan,2024-10-16,7,green,0,
232,Manhattan,2024-10-16,7,hvfhv,108,35.0
232,Manhattan,2024-10-16,7,other_fhv,1,
232,Manhattan,2024-10-16,8,yellow,10,33.22
232,Manhattan,2024-10-16,8,green,1,19.5
232,Manhattan,2024-10-16,8,hvfhv,152,34.07
232,Manhattan,2024-10-16,8,other_fhv,1,
232,Manhattan,2024-10-16,9,yellow,9,20.66
232,Manhattan,2024-10-16,9,green,0,
232,Manhattan,2024-10-16,9,hvfhv,157,27.15
232,Manhattan,2024-10-16,9,other_fhv,2,
232,Manhattan,2024-10-16,10,yellow,5,24.24
232,Manhattan,2024-10-16,10,green,0,
232,Manhattan,2024-10-16,10,hvfhv,137,22.71
232,Manhattan,2024-10-16,10,other_fhv,2,
232,Manhattan,2024-10-16,11,yellow,9,15.03
232,Manhattan,2024-10-16,11,green,0,
232,Manhattan,2024-10-16,11,hvfhv,110,24.54
232,Manhattan,2024-10-16,11,other_fhv,4,
232,Manhattan,2024-10-16,12,yellow,9,14.58
232,Manhattan,2024-10-16,12,green,0,
232,Manhattan,2024-10-16,12,hvfhv,103,24.42
232,Manhattan,2024-10-16,12,other_fhv,3,
232,Manhattan,2024-10-16,13,yellow,4,31.5
232,Manhattan,2024-10-16,13,green,0,
232,Manhattan,2024-10-16,13,hvfhv,110,26.9
232,Manhattan,2024-10-16,13,other_fhv,5,
232,Manhattan,2024-10-16,14,yellow,4,12.33
232,Manhattan,2024-10-16,14,green,0,
232,Manhattan,2024-10-16,14,hvfhv,101,36.94
232,Manhattan,2024-10-16,14,other_fhv,3,
232,Manhattan,2024-10-16,15,yellow,7,13.95
232,Manhattan,2024-10-16,15,green,0,
232,Manhattan,2024-10-16,15,hvfhv,103,26.18
232,Manhattan,2024-10-16,15,other_fhv,0,
232,Manhattan,2024-10-16,16,yellow,2,9.34
232,Manhattan,2024-10-16,16,green,0,
232,Manhattan,2024-10-16,16,hvfhv,91,29.52
232,Manhattan,2024-10-16,16,other_fhv,4,
232,Manhattan,2024-10-16,17,yellow,4,19.91
232,Manhattan,2024-10-16,17,green,0,
232,Manhattan,2024-10-16,17,hvfhv,140,28.96
232,Manhattan,2024-10-16,17,other_fhv,4,
232,Manhattan,2024-10-16,18,yellow,9,22.14
232,Manhattan,2024-10-16,18,green,0,
232,Manhattan,2024-10-16,18,hvfhv,127,25.33
232,Manhattan,2024-10-16,18,other_fhv,2,
232,Manhattan,2024-10-16,19,yellow,6,22.36
232,Manhattan,2024-10-16,19,green,0,
232,Manhattan,2024-10-16,19,hvfhv,119,25.88
232,Manhattan,2024-10-16,19,other_fhv,4,
232,Manhattan,2024-10-16,20,yellow,12,23.3
232,Manhattan,2024-10-16,20,green,0,
232,Manhattan,2024-10-16,20,hvfhv,155,25.33
232,Manhattan,2024-10-16,20,other_fhv,2,
232,Manhattan,2024-10-16,21,yellow,12,15.08
232,Manhattan,2024-10-16,21,green,0,
232,Manhattan,2024-10-16,21,hvfhv,157,24.02
232,Manhattan,2024-10-16,21,other_fhv,1,
232,Manhattan,2024-10-16,22,yellow,21,17.28
232,Manhattan,2024-10-16,22,green,0,
232,Manhattan,2024-10-16,22,hvfhv,148,22.67
232,Manhattan,2024-10-16,22,other_fhv,3,
232,Manhattan,2024-10-16,23,yellow,8,17.08
232,Manhattan,2024-10-16,23,green,0,
232,Manhattan,2024-10-16,23,hvfhv,109,23.08
232,Manhattan,2024-10-16,23,other_fhv,1,
233,Manhattan,2024-10-16,0,yellow,15,14.95
233,Manhattan,2024-10-16,0,green,0,
233,Manhattan,2024-10-16,0,hvfhv,54,28.52
233,Manhattan,2024-10-16,0,other_fhv,1,
233,Manhattan,2024-10-16,1,yellow,5,23.28
233,Manhattan,2024-10-16,1,green,0,
233,Manhattan,2024-10-16,1,hvfhv,43,19.99
233,Manhattan,2024-10-16,1,other_fhv,1,
233,Manhattan,2024-10-16,2,yellow,2,11.44
233,Manhattan,2024-10-16,2,green,0,
233,Manhattan,2024-10-16,2,hvfhv,17,18.58
233,Manhattan,2024-10-16,2,other_fhv,0,
233,Manhattan,2024-10-16,3,yellow,2,26.1
233,Manhattan,2024-10-16,3,green,0,
233,Manhattan,2024-10-16,3,hvfhv,20,38.07
233,Manhattan,2024-10-16,3,other_fhv,1,
233,Manhattan,2024-10-16,4,yellow,3,10.47
233,Manhattan,2024-10-16,4,green,0,
233,Manhattan,2024-10-16,4,hvfhv,55,40.66
233,Manhattan,2024-10-16,4,other_fhv,0,
233,Manhattan,2024-10-16,5,yellow,9,13.98
233,Manhattan,2024-10-16,5,green,0,
233,Manhattan,2024-10-16,5,hvfhv,67,38.64
233,Manhattan,2024-10-16,5,other_fhv,1,
233,Manhattan,2024-10-16,6,yellow,26,21.08
233,Manhattan,2024-10-16,6,green,0,
233,Manhattan,2024-10-16,6,hvfhv,140,29.56
233,Manhattan,2024-10-16,6,other_fhv,1,
233,Manhattan,2024-10-16,7,yellow,71,15.3
233,Manhattan,2024-10-16,7,green,0,
233,Manhattan,2024-10-16,7,hvfhv,194,31.66
233,Manhattan,2024-10-16,7,other_fhv,3,
233,Manhattan,2024-10-16,8,yellow,84,13.73
233,Manhattan,2024-10-16,8,green,0,
233,Manhattan,2024-10-16,8,hvfhv,280,29.26
233,Manhattan,2024-10-16,8,other_fhv,5,
233,Manhattan,2024-10-16,9,yellow,78,15.94
233,Manhattan,2024-10-16,9,green,0,
233,Manhattan,2024-10-16,9,hvfhv,248,28.18
233,Manhattan,2024-10-16,9,other_fhv,7,
233,Manhattan,2024-10-16,10,yellow,81,17.47
233,Manhattan,2024-10-16,10,green,0,
233,Manhattan,2024-10-16,10,hvfhv,191,28.91
233,Manhattan,2024-10-16,10,other_fhv,3,
233,Manhattan,2024-10-16,11,yellow,92,18.84
233,Manhattan,2024-10-16,11,green,0,
233,Manhattan,2024-10-16,11,hvfhv,185,31.57
233,Manhattan,2024-10-16,11,other_fhv,3,
233,Manhattan,2024-10-16,12,yellow,80,18.34
233,Manhattan,2024-10-16,12,green,0,
233,Manhattan,2024-10-16,12,hvfhv,194,31.54
233,Manhattan,2024-10-16,12,other_fhv,6,
233,Manhattan,2024-10-16,13,yellow,79,18.89
233,Manhattan,2024-10-16,13,green,0,
233,Manhattan,2024-10-16,13,hvfhv,170,32.02
233,Manhattan,2024-10-16,13,other_fhv,3,
233,Manhattan,2024-10-16,14,yellow,74,23.34
233,Manhattan,2024-10-16,14,green,0,
233,Manhattan,2024-10-16,14,hvfhv,152,35.94
233,Manhattan,2024-10-16,14,other_fhv,2,
233,Manhattan,2024-10-16,15,yellow,92,20.82
233,Manhattan,2024-10-16,15,green,0,
233,Manhattan,2024-10-16,15,hvfhv,174,41.69
233,Manhattan,2024-10-16,15,other_fhv,2,
233,Manhattan,2024-10-16,16,yellow,92,19.22
233,Manhattan,2024-10-16,16,green,0,
233,Manhattan,2024-10-16,16,hvfhv,193,38.23
233,Manhattan,2024-10-16,16,other_fhv,3,
233,Manhattan,2024-10-16,17,yellow,119,16.83
233,Manhattan,2024-10-16,17,green,0,
233,Manhattan,2024-10-16,17,hvfhv,238,36.5
233,Manhattan,2024-10-16,17,other_fhv,3,
233,Manhattan,2024-10-16,18,yellow,144,17.58
233,Manhattan,2024-10-16,18,green,0,
233,Manhattan,2024-10-16,18,hvfhv,248,31.83
233,Manhattan,2024-10-16,18,other_fhv,4,
233,Manhattan,2024-10-16,19,yellow,126,15.87
233,Manhattan,2024-10-16,19,green,0,
233,Manhattan,2024-10-16,19,hvfhv,274,31.64
233,Manhattan,2024-10-16,19,other_fhv,1,
233,Manhattan,2024-10-16,20,yellow,89,13.65
233,Manhattan,2024-10-16,20,green,0,
233,Manhattan,2024-10-16,20,hvfhv,201,34.71
233,Manhattan,2024-10-16,20,other_fhv,7,
233,Manhattan,2024-10-16,21,yellow,88,12.75
233,Manhattan,2024-10-16,21,green,0,
233,Manhattan,2024-10-16,21,hvfhv,176,36.81
233,Manhattan,2024-10-16,21,other_fhv,1,
233,Manhattan,2024-10-16,22,yellow,71,13.54
233,Manhattan,2024-10-16,22,green,0,
233,Manhattan,2024-10-16,22,hvfhv,150,31.62
233,Manhattan,2024-10-16,22,other_fhv,4,
233,Manhattan,2024-10-16,23,yellow,61,12.67
233,Manhattan,2024-10-16,23,green,0,
233,Manhattan,2024-10-16,23,hvfhv,105,32.06
233,Manhattan,2024-10-16,23,other_fhv,1,
234,Manhattan,2024-10-16,0,yellow,73,12.37
234,Manhattan,2024-10-16,0,green,0,
234,Manhattan,2024-10-16,0,hvfhv,219,28.67
234,Manhattan,2024-10-16,0,other_fhv,0,
234,Manhattan,2024-10-16,1,yellow,14,13.95
234,Manhattan,2024-10-16,1,green,0,
234,Manhattan,2024-10-16,1,hvfhv,112,27.17
234,Manhattan,2024-10-16,1,other_fhv,0,
234,Manhattan,2024-10-16,2,yellow,8,11.7
234,Manhattan,2024-10-16,2,green,0,
234,Manhattan,2024-10-16,2,hvfhv,47,26.55
234,Manhattan,2024-10-16,2,other_fhv,0,
234,Manhattan,2024-10-16,3,yellow,3,15.05
234,Manhattan,2024-10-16,3,green,0,
234,Manhattan,2024-10-16,3,hvfhv,32,26.16
234,Manhattan,2024-10-16,3,other_fhv,0,
234,Manhattan,2024-10-16,4,yellow,5,41.79
234,Manhattan,2024-10-16,4,green,0,
234,Manhattan,2024-10-16,4,hvfhv,34,44.17
234,Manhattan,2024-10-16,4,other_fhv,1,
234,Manhattan,2024-10-16,5,yellow,4,18.14
234,Manhattan,2024-10-16,5,green,0,
234,Manhattan,2024-10-16,5,hvfhv,58,42.03
234,Manhattan,2024-10-16,5,other_fhv,1,
234,Manhattan,2024-10-16,6,yellow,26,13.45
234,Manhattan,2024-10-16,6,green,0,
234,Manhattan,2024-10-16,6,hvfhv,122,31.12
234,Manhattan,2024-10-16,6,other_fhv,1,
234,Manhattan,2024-10-16,7,yellow,83,15.68
234,Manhattan,2024-10-16,7,green,0,
234,Manhattan,2024-10-16,7,hvfhv,221,38.7
234,Manhattan,2024-10-16,7,other_fhv,4,
234,Manhattan,2024-10-16,8,yellow,161,14.08
234,Manhattan,2024-10-16,8,green,0,
234,Manhattan,2024-10-16,8,hvfhv,228,33.1
234,Manhattan,2024-10-16,8,other_fhv,4,
234,Manhattan,2024-10-16,9,yellow,138,14.18
234,Manhattan,2024-10-16,9,green,0,
234,Manhattan,2024-10-16,9,hvfhv,312,29.77
234,Manhattan,2024-10-16,9,other_fhv,4,
234,Manhattan,2024-10-16,10,yellow,159,14.91
234,Manhattan,2024-10-16,10,green,0,
234,Manhattan,2024-10-16,10,hvfhv,242,32.0
234,Manhattan,2024-10-16,10,other_fhv,2,
234,Manhattan,2024-10-16,11,yellow,158,15.92
234,Manhattan,2024-10-16,11,green,0,
234,Manhattan,2024-10-16,11,hvfhv,265,31.14
234,Manhattan,2024-10-16,11,other_fhv,2,
234,Manhattan,2024-10-16,12,yellow,171,16.9
234,Manhattan,2024-10-16,12,green,0,
234,Manhattan,2024-10-16,12,hvfhv,303,36.87
234,Manhattan,2024-10-16,12,other_fhv,5,
234,Manhattan,2024-10-16,13,yellow,191,18.34
234,Manhattan,2024-10-16,13,green,0,
234,Manhattan,2024-10-16,13,hvfhv,312,37.24
234,Manhattan,2024-10-16,13,other_fhv,4,
234,Manhattan,2024-10-16,14,yellow,207,18.08
234,Manhattan,2024-10-16,14,green,0,
234,Manhattan,2024-10-16,14,hvfhv,352,39.58
234,Manhattan,2024-10-16,14,other_fhv,2,
234,Manhattan,2024-10-16,15,yellow,207,19.7
234,Manhattan,2024-10-16,15,green,0,
234,Manhattan,2024-10-16,15,hvfhv,399,42.08
234,Manhattan,2024-10-16,15,other_fhv,3,
234,Manhattan,2024-10-16,16,yellow,245,18.03
234,Manhattan,2024-10-16,16,green,0,
234,Manhattan,2024-10-16,16,hvfhv,374,39.17
234,Manhattan,2024-10-16,16,other_fhv,1,
234,Manhattan,2024-10-16,17,yellow,264,16.69
234,Manhattan,2024-10-16,17,green,0,
234,Manhattan,2024-10-16,17,hvfhv,497,32.51
234,Manhattan,2024-10-16,17,other_fhv,6,
234,Manhattan,2024-10-16,18,yellow,367,16.3
234,Manhattan,2024-10-16,18,green,0,
234,Manhattan,2024-10-16,18,hvfhv,578,29.92
234,Manhattan,2024-10-16,18,other_fhv,4,
234,Manhattan,2024-10-16,19,yellow,329,15.65
234,Manhattan,2024-10-16,19,green,0,
234,Manhattan,2024-10-16,19,hvfhv,611,34.19
234,Manhattan,2024-10-16,19,other_fhv,3,
234,Manhattan,2024-10-16,20,yellow,339,15.57
234,Manhattan,2024-10-16,20,green,0,
234,Manhattan,2024-10-16,20,hvfhv,620,35.73
234,Manhattan,2024-10-16,20,other_fhv,5,
234,Manhattan,2024-10-16,21,yellow,373,16.03
234,Manhattan,2024-10-16,21,green,0,
234,Manhattan,2024-10-16,21,hvfhv,699,37.7
234,Manhattan,2024-10-16,21,other_fhv,5,
234,Manhattan,2024-10-16,22,yellow,330,15.89
234,Manhattan,2024-10-16,22,green,0,
234,Manhattan,2024-10-16,22,hvfhv,587,40.45
234,Manhattan,2024-10-16,22,other_fhv,3,
234,Manhattan,2024-10-16,23,yellow,234,14.52
234,Manhattan,2024-10-16,23,green,0,
234,Manhattan,2024-10-16,23,hvfhv,406,34.79
234,Manhattan,2024-10-16,23,other_fhv,7,
235,Bronx,2024-10-16,0,yellow,0,
235,Bronx,2024-10-16,0,green,0,
235,Bronx,2024-10-16,0,hvfhv,51,14.95
235,Bronx,2024-10-16,0,other_fhv,0,
235,Bronx,2024-10-16,1,yellow,0,
235,Bronx,2024-10-16,1,green,0,
235,Bronx,2024-10-16,1,hvfhv,35,14.26
235,Bronx,2024-10-16,1,other_fhv,0,
235,Bronx,2024-10-16,2,yellow,0,
235,Bronx,2024-10-16,2,green,0,
235,Bronx,2024-10-16,2,hvfhv,27,14.2
235,Bronx,2024-10-16,2,other_fhv,0,
235,Bronx,2024-10-16,3,yellow,0,
235,Bronx,2024-10-16,3,green,0,
235,Bronx,2024-10-16,3,hvfhv,18,25.94
235,Bronx,2024-10-16,3,other_fhv,0,
235,Bronx,2024-10-16,4,yellow,0,
235,Bronx,2024-10-16,4,green,0,
235,Bronx,2024-10-16,4,hvfhv,44,23.22
235,Bronx,2024-10-16,4,other_fhv,1,
235,Bronx,2024-10-16,5,yellow,1,20.5
235,Bronx,2024-10-16,5,green,0,
235,Bronx,2024-10-16,5,hvfhv,63,21.06
235,Bronx,2024-10-16,5,other_fhv,0,
235,Bronx,2024-10-16,6,yellow,1,44.38
235,Bronx,2024-10-16,6,green,0,
235,Bronx,2024-10-16,6,hvfhv,131,23.83
235,Bronx,2024-10-16,6,other_fhv,0,
235,Bronx,2024-10-16,7,yellow,0,
235,Bronx,2024-10-16,7,green,0,
235,Bronx,2024-10-16,7,hvfhv,204,21.66
235,Bronx,2024-10-16,7,other_fhv,2,
235,Bronx,2024-10-16,8,yellow,4,40.25
235,Bronx,2024-10-16,8,green,0,
235,Bronx,2024-10-16,8,hvfhv,206,19.61
235,Bronx,2024-10-16,8,other_fhv,3,
235,Bronx,2024-10-16,9,yellow,3,19.93
235,Bronx,2024-10-16,9,green,0,
235,Bronx,2024-10-16,9,hvfhv,161,17.65
235,Bronx,2024-10-16,9,other_fhv,1,
235,Bronx,2024-10-16,10,yellow,2,21.2
235,Bronx,2024-10-16,10,green,0,
235,Bronx,2024-10-16,10,hvfhv,121,17.8
235,Bronx,2024-10-16,10,other_fhv,2,
235,Bronx,2024-10-16,11,yellow,1,34.5
235,Bronx,2024-10-16,11,green,0,
235,Bronx,2024-10-16,11,hvfhv,111,19.81
235,Bronx,2024-10-16,11,other_fhv,1,
235,Bronx,2024-10-16,12,yellow,2,33.0
235,Bronx,2024-10-16,12,green,0,
235,Bronx,2024-10-16,12,hvfhv,102,17.96
235,Bronx,2024-10-16,12,other_fhv,1,
235,Bronx,2024-10-16,13,yellow,1,34.5
235,Bronx,2024-10-16,13,green,0,
235,Bronx,2024-10-16,13,hvfhv,130,18.01
235,Bronx,2024-10-16,13,other_fhv,2,
235,Bronx,2024-10-16,14,yellow,0,
235,Bronx,2024-10-16,14,green,0,
235,Bronx,2024-10-16,14,hvfhv,135,19.47
235,Bronx,2024-10-16,14,other_fhv,0,
235,Bronx,2024-10-16,15,yellow,0,
235,Bronx,2024-10-16,15,green,0,
235,Bronx,2024-10-16,15,hvfhv,124,20.57
235,Bronx,2024-10-16,15,other_fhv,2,
235,Bronx,2024-10-16,16,yellow,0,
235,Bronx,2024-10-16,16,green,0,
235,Bronx,2024-10-16,16,hvfhv,103,18.39
235,Bronx,2024-10-16,16,other_fhv,0,
235,Bronx,2024-10-16,17,yellow,0,
235,Bronx,2024-10-16,17,green,0,
235,Bronx,2024-10-16,17,hvfhv,148,18.98
235,Bronx,2024-10-16,17,other_fhv,1,
235,Bronx,2024-10-16,18,yellow,0,
235,Bronx,2024-10-16,18,green,0,
235,Bronx,2024-10-16,18,hvfhv,128,17.38
235,Bronx,2024-10-16,18,other_fhv,0,
235,Bronx,2024-10-16,19,yellow,0,
235,Bronx,2024-10-16,19,green,0,
235,Bronx,2024-10-16,19,hvfhv,108,18.35
235,Bronx,2024-10-16,19,other_fhv,0,
235,Bronx,2024-10-16,20,yellow,2,20.24
235,Bronx,2024-10-16,20,green,0,
235,Bronx,2024-10-16,20,hvfhv,116,14.87
235,Bronx,2024-10-16,20,other_fhv,0,
235,Bronx,2024-10-16,21,yellow,0,
235,Bronx,2024-10-16,21,green,0,
235,Bronx,2024-10-16,21,hvfhv,84,14.43
235,Bronx,2024-10-16,21,other_fhv,0,
235,Bronx,2024-10-16,22,yellow,0,
235,Bronx,2024-10-16,22,green,0,
235,Bronx,2024-10-16,22,hvfhv,101,15.77
235,Bronx,2024-10-16,22,other_fhv,0,
235,Bronx,2024-10-16,23,yellow,0,
235,Bronx,2024-10-16,23,green,0,
235,Bronx,2024-10-16,23,hvfhv,75,16.18
235,Bronx,2024-10-16,23,other_fhv,0,
236,Manhattan,2024-10-16,0,yellow,22,11.23
236,Manhattan,2024-10-16,0,green,0,
236,Manhattan,2024-10-16,0,hvfhv,52,34.16
236,Manhattan,2024-10-16,0,other_fhv,0,
236,Manhattan,2024-10-16,1,yellow,5,7.54
236,Manhattan,2024-10-16,1,green,0,
236,Manhattan,2024-10-16,1,hvfhv,21,27.06
236,Manhattan,2024-10-16,1,other_fhv,2,
236,Manhattan,2024-10-16,2,yellow,1,7.2
236,Manhattan,2024-10-16,2,green,0,
236,Manhattan,2024-10-16,2,hvfhv,19,20.9
236,Manhattan,2024-10-16,2,other_fhv,0,
236,Manhattan,2024-10-16,3,yellow,1,12.1
236,Manhattan,2024-10-16,3,green,0,
236,Manhattan,2024-10-16,3,hvfhv,20,25.77
236,Manhattan,2024-10-16,3,other_fhv,0,
236,Manhattan,2024-10-16,4,yellow,5,26.29
236,Manhattan,2024-10-16,4,green,0,
236,Manhattan,2024-10-16,4,hvfhv,26,51.62
236,Manhattan,2024-10-16,4,other_fhv,0,
236,Manhattan,2024-10-16,5,yellow,22,18.53
236,Manhattan,2024-10-16,5,green,0,
236,Manhattan,2024-10-16,5,hvfhv,79,45.99
236,Manhattan,2024-10-16,5,other_fhv,4,
236,Manhattan,2024-10-16,6,yellow,93,13.87
236,Manhattan,2024-10-16,6,green,0,
236,Manhattan,2024-10-16,6,hvfhv,135,37.28
236,Manhattan,2024-10-16,6,other_fhv,6,
236,Manhattan,2024-10-16,7,yellow,342,13.47
236,Manhattan,2024-10-16,7,green,1,8.6
236,Manhattan,2024-10-16,7,hvfhv,255,40.66
236,Manhattan,2024-10-16,7,other_fhv,7,
236,Manhattan,2024-10-16,8,yellow,461,14.33
236,Manhattan,2024-10-16,8,green,2,27.15
236,Manhattan,2024-10-16,8,hvfhv,337,39.73
236,Manhattan,2024-10-16,8,other_fhv,6,
236,Manhattan,2024-10-16,9,yellow,432,13.77
236,Manhattan,2024-10-16,9,green,0,
236,Manhattan,2024-10-16,9,hvfhv,309,33.05
236,Manhattan,2024-10-16,9,other_fhv,1,
236,Manhattan,2024-10-16,10,yellow,428,14.01
236,Manhattan,2024-10-16,10,green,3,12.57
236,Manhattan,2024-10-16,10,hvfhv,281,29.73
236,Manhattan,2024-10-16,10,other_fhv,1,
236,Manhattan,2024-10-16,11,yellow,461,16.43
236,Manhattan,2024-10-16,11,green,2,18.4
236,Manhattan,2024-10-16,11,hvfhv,285,29.95
236,Manhattan,2024-10-16,11,other_fhv,5,
236,Manhattan,2024-10-16,12,yellow,383,14.99
236,Manhattan,2024-10-16,12,green,3,19.8
236,Manhattan,2024-10-16,12,hvfhv,245,32.6
236,Manhattan,2024-10-16,12,other_fhv,0,
236,Manhattan,2024-10-16,13,yellow,376,14.15
236,Manhattan,2024-10-16,13,green,1,7.9
236,Manhattan,2024-10-16,13,hvfhv,202,36.58
236,Manhattan,2024-10-16,13,other_fhv,4,
236,Manhattan,2024-10-16,14,yellow,383,13.67
236,Manhattan,2024-10-16,14,green,0,
236,Manhattan,2024-10-16,14,hvfhv,260,37.98
236,Manhattan,2024-10-16,14,other_fhv,2,
236,Manhattan,2024-10-16,15,yellow,448,14.17
236,Manhattan,2024-10-16,15,green,0,
236,Manhattan,2024-10-16,15,hvfhv,286,37.77
236,Manhattan,2024-10-16,15,other_fhv,5,
236,Manhattan,2024-10-16,16,yellow,394,13.44
236,Manhattan,2024-10-16,16,green,1,19.1
236,Manhattan,2024-10-16,16,hvfhv,311,35.99
236,Manhattan,2024-10-16,16,other_fhv,1,
236,Manhattan,2024-10-16,17,yellow,495,14.1
236,Manhattan,2024-10-16,17,green,1,12.8
236,Manhattan,2024-10-16,17,hvfhv,308,35.6
236,Manhattan,2024-10-16,17,other_fhv,2,
236,Manhattan,2024-10-16,18,yellow,477,13.28
236,Manhattan,2024-10-16,18,green,0,
236,Manhattan,2024-10-16,18,hvfhv,367,31.53
236,Manhattan,2024-10-16,18,other_fhv,4,
236,Manhattan,2024-10-16,19,yellow,324,12.56
236,Manhattan,2024-10-16,19,green,0,
236,Manhattan,2024-10-16,19,hvfhv,325,30.72
236,Manhattan,2024-10-16,19,other_fhv,3,
236,Manhattan,2024-10-16,20,yellow,285,12.84
236,Manhattan,2024-10-16,20,green,0,
236,Manhattan,2024-10-16,20,hvfhv,253,31.99
236,Manhattan,2024-10-16,20,other_fhv,3,
236,Manhattan,2024-10-16,21,yellow,255,13.04
236,Manhattan,2024-10-16,21,green,1,19.8
236,Manhattan,2024-10-16,21,hvfhv,249,33.84
236,Manhattan,2024-10-16,21,other_fhv,3,
236,Manhattan,2024-10-16,22,yellow,121,14.35
236,Manhattan,2024-10-16,22,green,0,
236,Manhattan,2024-10-16,22,hvfhv,178,31.47
236,Manhattan,2024-10-16,22,other_fhv,1,
236,Manhattan,2024-10-16,23,yellow,42,13.61
236,Manhattan,2024-10-16,23,green,1,28.2
236,Manhattan,2024-10-16,23,hvfhv,105,28.84
236,Manhattan,2024-10-16,23,other_fhv,2,
237,Manhattan,2024-10-16,0,yellow,69,11.99
237,Manhattan,2024-10-16,0,green,0,
237,Manhattan,2024-10-16,0,hvfhv,129,24.98
237,Manhattan,2024-10-16,0,other_fhv,0,
237,Manhattan,2024-10-16,1,yellow,28,13.55
237,Manhattan,2024-10-16,1,green,0,
237,Manhattan,2024-10-16,1,hvfhv,51,26.21
237,Manhattan,2024-10-16,1,other_fhv,0,
237,Manhattan,2024-10-16,2,yellow,7,11.7
237,Manhattan,2024-10-16,2,green,0,
237,Manhattan,2024-10-16,2,hvfhv,25,27.68
237,Manhattan,2024-10-16,2,other_fhv,1,
237,Manhattan,2024-10-16,3,yellow,8,14.99
237,Manhattan,2024-10-16,3,green,0,
237,Manhattan,2024-10-16,3,hvfhv,14,29.45
237,Manhattan,2024-10-16,3,other_fhv,0,
237,Manhattan,2024-10-16,4,yellow,10,6.88
237,Manhattan,2024-10-16,4,green,0,
237,Manhattan,2024-10-16,4,hvfhv,19,50.19
237,Manhattan,2024-10-16,4,other_fhv,1,
237,Manhattan,2024-10-16,5,yellow,11,15.85
237,Manhattan,2024-10-16,5,green,0,
237,Manhattan,2024-10-16,5,hvfhv,62,39.0
237,Manhattan,2024-10-16,5,other_fhv,1,
237,Manhattan,2024-10-16,6,yellow,50,13.34
237,Manhattan,2024-10-16,6,green,0,
237,Manhattan,2024-10-16,6,hvfhv,122,35.61
237,Manhattan,2024-10-16,6,other_fhv,1,
237,Manhattan,2024-10-16,7,yellow,261,11.71
237,Manhattan,2024-10-16,7,green,0,
237,Manhattan,2024-10-16,7,hvfhv,241,34.02
237,Manhattan,2024-10-16,7,other_fhv,3,
237,Manhattan,2024-10-16,8,yellow,346,12.31
237,Manhattan,2024-10-16,8,green,0,
237,Manhattan,2024-10-16,8,hvfhv,304,34.08
237,Manhattan,2024-10-16,8,other_fhv,4,
237,Manhattan,2024-10-16,9,yellow,339,13.45
237,Manhattan,2024-10-16,9,green,0,
237,Manhattan,2024-10-16,9,hvfhv,315,33.07
237,Manhattan,2024-10-16,9,other_fhv,2,
237,Manhattan,2024-10-16,10,yellow,348,13.58
237,Manhattan,2024-10-16,10,green,0,
237,Manhattan,2024-10-16,10,hvfhv,291,33.85
237,Manhattan,2024-10-16,10,other_fhv,3,
237,Manhattan,2024-10-16,11,yellow,359,14.0
237,Manhattan,2024-10-16,11,green,0,
237,Manhattan,2024-10-16,11,hvfhv,318,32.54
237,Manhattan,2024-10-16,11,other_fhv,5,
237,Manhattan,2024-10-16,12,yellow,443,14.83
237,Manhattan,2024-10-16,12,green,0,
237,Manhattan,2024-10-16,12,hvfhv,339,34.77
237,Manhattan,2024-10-16,12,other_fhv,4,
237,Manhattan,2024-10-16,13,yellow,445,14.41
237,Manhattan,2024-10-16,13,green,0,
237,Manhattan,2024-10-16,13,hvfhv,290,41.3
237,Manhattan,2024-10-16,13,other_fhv,4,
237,Manhattan,2024-10-16,14,yellow,517,13.87
237,Manhattan,2024-10-16,14,green,0,
237,Manhattan,2024-10-16,14,hvfhv,319,34.86
237,Manhattan,2024-10-16,14,other_fhv,3,
237,Manhattan,2024-10-16,15,yellow,498,15.38
237,Manhattan,2024-10-16,15,green,0,
237,Manhattan,2024-10-16,15,hvfhv,338,41.88
237,Manhattan,2024-10-16,15,other_fhv,2,
237,Manhattan,2024-10-16,16,yellow,481,14.5
237,Manhattan,2024-10-16,16,green,0,
237,Manhattan,2024-10-16,16,hvfhv,304,38.71
237,Manhattan,2024-10-16,16,other_fhv,4,
237,Manhattan,2024-10-16,17,yellow,470,13.54
237,Manhattan,2024-10-16,17,green,0,
237,Manhattan,2024-10-16,17,hvfhv,392,34.99
237,Manhattan,2024-10-16,17,other_fhv,1,
237,Manhattan,2024-10-16,18,yellow,559,13.53
237,Manhattan,2024-10-16,18,green,0,
237,Manhattan,2024-10-16,18,hvfhv,428,33.89
237,Manhattan,2024-10-16,18,other_fhv,6,
237,Manhattan,2024-10-16,19,yellow,457,12.46
237,Manhattan,2024-10-16,19,green,0,
237,Manhattan,2024-10-16,19,hvfhv,451,33.57
237,Manhattan,2024-10-16,19,other_fhv,2,
237,Manhattan,2024-10-16,20,yellow,447,11.71
237,Manhattan,2024-10-16,20,green,0,
237,Manhattan,2024-10-16,20,hvfhv,446,39.38
237,Manhattan,2024-10-16,20,other_fhv,5,
237,Manhattan,2024-10-16,21,yellow,426,12.12
237,Manhattan,2024-10-16,21,green,0,
237,Manhattan,2024-10-16,21,hvfhv,459,44.63
237,Manhattan,2024-10-16,21,other_fhv,8,
237,Manhattan,2024-10-16,22,yellow,352,13.34
237,Manhattan,2024-10-16,22,green,0,
237,Manhattan,2024-10-16,22,hvfhv,428,36.89
237,Manhattan,2024-10-16,22,other_fhv,3,
237,Manhattan,2024-10-16,23,yellow,201,13.42
237,Manhattan,2024-10-16,23,green,0,
237,Manhattan,2024-10-16,23,hvfhv,343,32.61
237,Manhattan,2024-10-16,23,other_fhv,2,
238,Manhattan,2024-10-16,0,yellow,12,7.43
238,Manhattan,2024-10-16,0,green,0,
238,Manhattan,2024-10-16,0,hvfhv,41,21.45
238,Manhattan,2024-10-16,0,other_fhv,0,
238,Manhattan,2024-10-16,1,yellow,5,13.76
238,Manhattan,2024-10-16,1,green,0,
238,Manhattan,2024-10-16,1,hvfhv,28,22.56
238,Manhattan,2024-10-16,1,other_fhv,0,
238,Manhattan,2024-10-16,2,yellow,4,4.03
238,Manhattan,2024-10-16,2,green,0,
238,Manhattan,2024-10-16,2,hvfhv,17,16.07
238,Manhattan,2024-10-16,2,other_fhv,1,
238,Manhattan,2024-10-16,3,yellow,5,53.8
238,Manhattan,2024-10-16,3,green,0,
238,Manhattan,2024-10-16,3,hvfhv,23,41.25
238,Manhattan,2024-10-16,3,other_fhv,0,
238,Manhattan,2024-10-16,4,yellow,7,29.94
238,Manhattan,2024-10-16,4,green,0,
238,Manhattan,2024-10-16,4,hvfhv,49,39.15
238,Manhattan,2024-10-16,4,other_fhv,0,
238,Manhattan,2024-10-16,5,yellow,15,15.73
238,Manhattan,2024-10-16,5,green,0,
238,Manhattan,2024-10-16,5,hvfhv,83,43.19
238,Manhattan,2024-10-16,5,other_fhv,0,
238,Manhattan,2024-10-16,6,yellow,85,19.0
238,Manhattan,2024-10-16,6,green,0,
238,Manhattan,2024-10-16,6,hvfhv,114,42.85
238,Manhattan,2024-10-16,6,other_fhv,1,
238,Manhattan,2024-10-16,7,yellow,165,17.84
238,Manhattan,2024-10-16,7,green,0,
238,Manhattan,2024-10-16,7,hvfhv,171,41.75
238,Manhattan,2024-10-16,7,other_fhv,3,
238,Manhattan,2024-10-16,8,yellow,191,17.43
238,Manhattan,2024-10-16,8,green,0,
238,Manhattan,2024-10-16,8,hvfhv,253,38.32
238,Manhattan,2024-10-16,8,other_fhv,0,
238,Manhattan,2024-10-16,9,yellow,165,17.46
238,Manhattan,2024-10-16,9,green,0,
238,Manhattan,2024-10-16,9,hvfhv,238,30.12
238,Manhattan,2024-10-16,9,other_fhv,0,
238,Manhattan,2024-10-16,10,yellow,193,14.69
238,Manhattan,2024-10-16,10,green,0,
238,Manhattan,2024-10-16,10,hvfhv,201,26.46
238,Manhattan,2024-10-16,10,other_fhv,4,
238,Manhattan,2024-10-16,11,yellow,149,14.68
238,Manhattan,2024-10-16,11,green,0,
238,Manhattan,2024-10-16,11,hvfhv,167,25.63
238,Manhattan,2024-10-16,11,other_fhv,2,
238,Manhattan,2024-10-16,12,yellow,173,15.13
238,Manhattan,2024-10-16,12,green,0,
238,Manhattan,2024-10-16,12,hvfhv,165,30.67
238,Manhattan,2024-10-16,12,other_fhv,1,
238,Manhattan,2024-10-16,13,yellow,143,15.07
238,Manhattan,2024-10-16,13,green,0,
238,Manhattan,2024-10-16,13,hvfhv,125,34.1
238,Manhattan,2024-10-16,13,other_fhv,4,
238,Manhattan,2024-10-16,14,yellow,161,13.1
238,Manhattan,2024-10-16,14,green,0,
238,Manhattan,2024-10-16,14,hvfhv,164,29.32
238,Manhattan,2024-10-16,14,other_fhv,0,
238,Manhattan,2024-10-16,15,yellow,215,14.66
238,Manhattan,2024-10-16,15,green,0,
238,Manhattan,2024-10-16,15,hvfhv,228,32.95
238,Manhattan,2024-10-16,15,other_fhv,0,
238,Manhattan,2024-10-16,16,yellow,174,12.87
238,Manhattan,2024-10-16,16,green,0,
238,Manhattan,2024-10-16,16,hvfhv,214,31.28
238,Manhattan,2024-10-16,16,other_fhv,0,
238,Manhattan,2024-10-16,17,yellow,181,12.2
238,Manhattan,2024-10-16,17,green,0,
238,Manhattan,2024-10-16,17,hvfhv,177,25.52
238,Manhattan,2024-10-16,17,other_fhv,1,
238,Manhattan,2024-10-16,18,yellow,212,12.96
238,Manhattan,2024-10-16,18,green,0,
238,Manhattan,2024-10-16,18,hvfhv,220,24.51
238,Manhattan,2024-10-16,18,other_fhv,2,
238,Manhattan,2024-10-16,19,yellow,152,13.47
238,Manhattan,2024-10-16,19,green,0,
238,Manhattan,2024-10-16,19,hvfhv,171,22.01
238,Manhattan,2024-10-16,19,other_fhv,1,
238,Manhattan,2024-10-16,20,yellow,86,14.99
238,Manhattan,2024-10-16,20,green,0,
238,Manhattan,2024-10-16,20,hvfhv,156,24.92
238,Manhattan,2024-10-16,20,other_fhv,0,
238,Manhattan,2024-10-16,21,yellow,67,12.95
238,Manhattan,2024-10-16,21,green,0,
238,Manhattan,2024-10-16,21,hvfhv,113,25.05
238,Manhattan,2024-10-16,21,other_fhv,2,
238,Manhattan,2024-10-16,22,yellow,61,13.61
238,Manhattan,2024-10-16,22,green,0,
238,Manhattan,2024-10-16,22,hvfhv,116,24.56
238,Manhattan,2024-10-16,22,other_fhv,1,
238,Manhattan,2024-10-16,23,yellow,22,13.8
238,Manhattan,2024-10-16,23,green,0,
238,Manhattan,2024-10-16,23,hvfhv,82,28.28
238,Manhattan,2024-10-16,23,other_fhv,1,
239,Manhattan,2024-10-16,0,yellow,19,12.32
239,Manhattan,2024-10-16,0,green,0,
239,Manhattan,2024-10-16,0,hvfhv,70,21.09
239,Manhattan,2024-10-16,0,other_fhv,2,
239,Manhattan,2024-10-16,1,yellow,9,13.83
239,Manhattan,2024-10-16,1,green,0,
239,Manhattan,2024-10-16,1,hvfhv,34,26.8
239,Manhattan,2024-10-16,1,other_fhv,1,
239,Manhattan,2024-10-16,2,yellow,3,13.45
239,Manhattan,2024-10-16,2,green,0,
239,Manhattan,2024-10-16,2,hvfhv,14,15.43
239,Manhattan,2024-10-16,2,other_fhv,0,
239,Manhattan,2024-10-16,3,yellow,1,70.0
239,Manhattan,2024-10-16,3,green,0,
239,Manhattan,2024-10-16,3,hvfhv,25,34.63
239,Manhattan,2024-10-16,3,other_fhv,0,
239,Manhattan,2024-10-16,4,yellow,4,14.43
239,Manhattan,2024-10-16,4,green,0,
239,Manhattan,2024-10-16,4,hvfhv,51,53.86
239,Manhattan,2024-10-16,4,other_fhv,0,
239,Manhattan,2024-10-16,5,yellow,21,18.23
239,Manhattan,2024-10-16,5,green,0,
239,Manhattan,2024-10-16,5,hvfhv,77,44.83
239,Manhattan,2024-10-16,5,other_fhv,1,
239,Manhattan,2024-10-16,6,yellow,72,15.81
239,Manhattan,2024-10-16,6,green,0,
239,Manhattan,2024-10-16,6,hvfhv,120,40.74
239,Manhattan,2024-10-16,6,other_fhv,0,
239,Manhattan,2024-10-16,7,yellow,138,15.04
239,Manhattan,2024-10-16,7,green,0,
239,Manhattan,2024-10-16,7,hvfhv,211,40.9
239,Manhattan,2024-10-16,7,other_fhv,2,
239,Manhattan,2024-10-16,8,yellow,184,16.93
239,Manhattan,2024-10-16,8,green,0,
239,Manhattan,2024-10-16,8,hvfhv,276,41.08
239,Manhattan,2024-10-16,8,other_fhv,5,
239,Manhattan,2024-10-16,9,yellow,228,15.25
239,Manhattan,2024-10-16,9,green,0,
239,Manhattan,2024-10-16,9,hvfhv,225,33.42
239,Manhattan,2024-10-16,9,other_fhv,2,
239,Manhattan,2024-10-16,10,yellow,205,14.46
239,Manhattan,2024-10-16,10,green,0,
239,Manhattan,2024-10-16,10,hvfhv,209,28.62
239,Manhattan,2024-10-16,10,other_fhv,3,
239,Manhattan,2024-10-16,11,yellow,188,14.22
239,Manhattan,2024-10-16,11,green,0,
239,Manhattan,2024-10-16,11,hvfhv,204,28.63
239,Manhattan,2024-10-16,11,other_fhv,3,
239,Manhattan,2024-10-16,12,yellow,218,15.81
239,Manhattan,2024-10-16,12,green,0,
239,Manhattan,2024-10-16,12,hvfhv,195,34.73
239,Manhattan,2024-10-16,12,other_fhv,0,
239,Manhattan,2024-10-16,13,yellow,188,13.87
239,Manhattan,2024-10-16,13,green,0,
239,Manhattan,2024-10-16,13,hvfhv,158,33.08
239,Manhattan,2024-10-16,13,other_fhv,1,
239,Manhattan,2024-10-16,14,yellow,216,14.75
239,Manhattan,2024-10-16,14,green,0,
239,Manhattan,2024-10-16,14,hvfhv,187,36.99
239,Manhattan,2024-10-16,14,other_fhv,2,
239,Manhattan,2024-10-16,15,yellow,192,13.87
239,Manhattan,2024-10-16,15,green,0,
239,Manhattan,2024-10-16,15,hvfhv,192,35.01
239,Manhattan,2024-10-16,15,other_fhv,1,
239,Manhattan,2024-10-16,16,yellow,195,14.85
239,Manhattan,2024-10-16,16,green,0,
239,Manhattan,2024-10-16,16,hvfhv,191,31.33
239,Manhattan,2024-10-16,16,other_fhv,3,
239,Manhattan,2024-10-16,17,yellow,256,14.6
239,Manhattan,2024-10-16,17,green,0,
239,Manhattan,2024-10-16,17,hvfhv,188,27.19
239,Manhattan,2024-10-16,17,other_fhv,2,
239,Manhattan,2024-10-16,18,yellow,249,12.07
239,Manhattan,2024-10-16,18,green,0,
239,Manhattan,2024-10-16,18,hvfhv,240,26.72
239,Manhattan,2024-10-16,18,other_fhv,2,
239,Manhattan,2024-10-16,19,yellow,197,13.15
239,Manhattan,2024-10-16,19,green,0,
239,Manhattan,2024-10-16,19,hvfhv,238,26.66
239,Manhattan,2024-10-16,19,other_fhv,4,
239,Manhattan,2024-10-16,20,yellow,165,12.51
239,Manhattan,2024-10-16,20,green,0,
239,Manhattan,2024-10-16,20,hvfhv,213,26.79
239,Manhattan,2024-10-16,20,other_fhv,0,
239,Manhattan,2024-10-16,21,yellow,160,14.82
239,Manhattan,2024-10-16,21,green,0,
239,Manhattan,2024-10-16,21,hvfhv,207,26.07
239,Manhattan,2024-10-16,21,other_fhv,2,
239,Manhattan,2024-10-16,22,yellow,122,13.92
239,Manhattan,2024-10-16,22,green,0,
239,Manhattan,2024-10-16,22,hvfhv,234,28.06
239,Manhattan,2024-10-16,22,other_fhv,4,
239,Manhattan,2024-10-16,23,yellow,44,13.13
239,Manhattan,2024-10-16,23,green,0,
239,Manhattan,2024-10-16,23,hvfhv,150,26.01
239,Manhattan,2024-10-16,23,other_fhv,1,
240,Bronx,2024-10-16,0,yellow,0,
240,Bronx,2024-10-16,0,green,0,
240,Bronx,2024-10-16,0,hvfhv,22,14.61
240,Bronx,2024-10-16,0,other_fhv,1,
240,Bronx,2024-10-16,1,yellow,0,
240,Bronx,2024-10-16,1,green,0,
240,Bronx,2024-10-16,1,hvfhv,5,10.85
240,Bronx,2024-10-16,1,other_fhv,0,
240,Bronx,2024-10-16,2,yellow,0,
240,Bronx,2024-10-16,2,green,0,
240,Bronx,2024-10-16,2,hvfhv,2,12.4
240,Bronx,2024-10-16,2,other_fhv,0,
240,Bronx,2024-10-16,3,yellow,0,
240,Bronx,2024-10-16,3,green,0,
240,Bronx,2024-10-16,3,hvfhv,7,12.82
240,Bronx,2024-10-16,3,other_fhv,0,
240,Bronx,2024-10-16,4,yellow,0,
240,Bronx,2024-10-16,4,green,0,
240,Bronx,2024-10-16,4,hvfhv,7,17.49
240,Bronx,2024-10-16,4,other_fhv,0,
240,Bronx,2024-10-16,5,yellow,0,
240,Bronx,2024-10-16,5,green,0,
240,Bronx,2024-10-16,5,hvfhv,3,26.83
240,Bronx,2024-10-16,5,other_fhv,0,
240,Bronx,2024-10-16,6,yellow,0,
240,Bronx,2024-10-16,6,green,0,
240,Bronx,2024-10-16,6,hvfhv,14,20.62
240,Bronx,2024-10-16,6,other_fhv,0,
240,Bronx,2024-10-16,7,yellow,2,44.16
240,Bronx,2024-10-16,7,green,0,
240,Bronx,2024-10-16,7,hvfhv,27,27.47
240,Bronx,2024-10-16,7,other_fhv,0,
240,Bronx,2024-10-16,8,yellow,0,
240,Bronx,2024-10-16,8,green,0,
240,Bronx,2024-10-16,8,hvfhv,29,22.51
240,Bronx,2024-10-16,8,other_fhv,0,
240,Bronx,2024-10-16,9,yellow,0,
240,Bronx,2024-10-16,9,green,0,
240,Bronx,2024-10-16,9,hvfhv,13,15.11
240,Bronx,2024-10-16,9,other_fhv,0,
240,Bronx,2024-10-16,10,yellow,0,
240,Bronx,2024-10-16,10,green,0,
240,Bronx,2024-10-16,10,hvfhv,12,22.71
240,Bronx,2024-10-16,10,other_fhv,1,
240,Bronx,2024-10-16,11,yellow,0,
240,Bronx,2024-10-16,11,green,0,
240,Bronx,2024-10-16,11,hvfhv,20,18.66
240,Bronx,2024-10-16,11,other_fhv,0,
240,Bronx,2024-10-16,12,yellow,0,
240,Bronx,2024-10-16,12,green,0,
240,Bronx,2024-10-16,12,hvfhv,16,21.33
240,Bronx,2024-10-16,12,other_fhv,0,
240,Bronx,2024-10-16,13,yellow,0,
240,Bronx,2024-10-16,13,green,0,
240,Bronx,2024-10-16,13,hvfhv,9,17.14
240,Bronx,2024-10-16,13,other_fhv,0,
240,Bronx,2024-10-16,14,yellow,1,49.5
240,Bronx,2024-10-16,14,green,0,
240,Bronx,2024-10-16,14,hvfhv,23,20.47
240,Bronx,2024-10-16,14,other_fhv,0,
240,Bronx,2024-10-16,15,yellow,0,
240,Bronx,2024-10-16,15,green,0,
240,Bronx,2024-10-16,15,hvfhv,15,24.32
240,Bronx,2024-10-16,15,other_fhv,0,
240,Bronx,2024-10-16,16,yellow,0,
240,Bronx,2024-10-16,16,green,0,
240,Bronx,2024-10-16,16,hvfhv,24,19.4
240,Bronx,2024-10-16,16,other_fhv,0,
240,Bronx,2024-10-16,17,yellow,0,
240,Bronx,2024-10-16,17,green,0,
240,Bronx,2024-10-16,17,hvfhv,21,18.85
240,Bronx,2024-10-16,17,other_fhv,0,
240,Bronx,2024-10-16,18,yellow,0,
240,Bronx,2024-10-16,18,green,0,
240,Bronx,2024-10-16,18,hvfhv,27,20.96
240,Bronx,2024-10-16,18,other_fhv,0,
240,Bronx,2024-10-16,19,yellow,0,
240,Bronx,2024-10-16,19,green,0,
240,Bronx,2024-10-16,19,hvfhv,16,15.81
240,Bronx,2024-10-16,19,other_fhv,0,
240,Bronx,2024-10-16,20,yellow,0,
240,Bronx,2024-10-16,20,green,0,
240,Bronx,2024-10-16,20,hvfhv,14,12.46
240,Bronx,2024-10-16,20,other_fhv,0,
240,Bronx,2024-10-16,21,yellow,0,
240,Bronx,2024-10-16,21,green,0,
240,Bronx,2024-10-16,21,hvfhv,15,25.63
240,Bronx,2024-10-16,21,other_fhv,0,
240,Bronx,2024-10-16,22,yellow,0,
240,Bronx,2024-10-16,22,green,0,
240,Bronx,2024-10-16,22,hvfhv,21,15.45
240,Bronx,2024-10-16,22,other_fhv,0,
240,Bronx,2024-10-16,23,yellow,0,
240,Bronx,2024-10-16,23,green,0,
240,Bronx,2024-10-16,23,hvfhv,14,23.29
240,Bronx,2024-10-16,23,other_fhv,0,
241,Bronx,2024-10-16,0,yellow,0,
241,Bronx,2024-10-16,0,green,0,
241,Bronx,2024-10-16,0,hvfhv,48,13.76
241,Bronx,2024-10-16,0,other_fhv,0,
241,Bronx,2024-10-16,1,yellow,0,
241,Bronx,2024-10-16,1,green,0,
241,Bronx,2024-10-16,1,hvfhv,21,12.83
241,Bronx,2024-10-16,1,other_fhv,0,
241,Bronx,2024-10-16,2,yellow,0,
241,Bronx,2024-10-16,2,green,0,
241,Bronx,2024-10-16,2,hvfhv,11,16.57
241,Bronx,2024-10-16,2,other_fhv,0,
241,Bronx,2024-10-16,3,yellow,0,
241,Bronx,2024-10-16,3,green,0,
241,Bronx,2024-10-16,3,hvfhv,23,19.19
241,Bronx,2024-10-16,3,other_fhv,0,
241,Bronx,2024-10-16,4,yellow,0,
241,Bronx,2024-10-16,4,green,0,
241,Bronx,2024-10-16,4,hvfhv,29,25.4
241,Bronx,2024-10-16,4,other_fhv,0,
241,Bronx,2024-10-16,5,yellow,0,
241,Bronx,2024-10-16,5,green,0,
241,Bronx,2024-10-16,5,hvfhv,55,20.29
241,Bronx,2024-10-16,5,other_fhv,0,
241,Bronx,2024-10-16,6,yellow,0,
241,Bronx,2024-10-16,6,green,0,
241,Bronx,2024-10-16,6,hvfhv,105,21.21
241,Bronx,2024-10-16,6,other_fhv,0,
241,Bronx,2024-10-16,7,yellow,1,20.07
241,Bronx,2024-10-16,7,green,0,
241,Bronx,2024-10-16,7,hvfhv,192,21.86
241,Bronx,2024-10-16,7,other_fhv,0,
241,Bronx,2024-10-16,8,yellow,1,30.5
241,Bronx,2024-10-16,8,green,0,
241,Bronx,2024-10-16,8,hvfhv,231,19.42
241,Bronx,2024-10-16,8,other_fhv,0,
241,Bronx,2024-10-16,9,yellow,1,34.5
241,Bronx,2024-10-16,9,green,0,
241,Bronx,2024-10-16,9,hvfhv,157,20.2
241,Bronx,2024-10-16,9,other_fhv,1,
241,Bronx,2024-10-16,10,yellow,1,41.5
241,Bronx,2024-10-16,10,green,0,
241,Bronx,2024-10-16,10,hvfhv,110,19.7
241,Bronx,2024-10-16,10,other_fhv,0,
241,Bronx,2024-10-16,11,yellow,0,
241,Bronx,2024-10-16,11,green,0,
241,Bronx,2024-10-16,11,hvfhv,77,19.72
241,Bronx,2024-10-16,11,other_fhv,0,
241,Bronx,2024-10-16,12,yellow,1,21.5
241,Bronx,2024-10-16,12,green,0,
241,Bronx,2024-10-16,12,hvfhv,100,19.35
241,Bronx,2024-10-16,12,other_fhv,1,
241,Bronx,2024-10-16,13,yellow,0,
241,Bronx,2024-10-16,13,green,0,
241,Bronx,2024-10-16,13,hvfhv,100,19.94
241,Bronx,2024-10-16,13,other_fhv,0,
241,Bronx,2024-10-16,14,yellow,0,
241,Bronx,2024-10-16,14,green,0,
241,Bronx,2024-10-16,14,hvfhv,118,20.39
241,Bronx,2024-10-16,14,other_fhv,0,
241,Bronx,2024-10-16,15,yellow,0,
241,Bronx,2024-10-16,15,green,0,
241,Bronx,2024-10-16,15,hvfhv,120,20.31
241,Bronx,2024-10-16,15,other_fhv,0,
241,Bronx,2024-10-16,16,yellow,1,43.5
241,Bronx,2024-10-16,16,green,0,
241,Bronx,2024-10-16,16,hvfhv,108,19.8
241,Bronx,2024-10-16,16,other_fhv,1,
241,Bronx,2024-10-16,17,yellow,0,
241,Bronx,2024-10-16,17,green,0,
241,Bronx,2024-10-16,17,hvfhv,129,19.12
241,Bronx,2024-10-16,17,other_fhv,2,
241,Bronx,2024-10-16,18,yellow,0,
241,Bronx,2024-10-16,18,green,0,
241,Bronx,2024-10-16,18,hvfhv,128,19.68
241,Bronx,2024-10-16,18,other_fhv,0,
241,Bronx,2024-10-16,19,yellow,0,
241,Bronx,2024-10-16,19,green,0,
241,Bronx,2024-10-16,19,hvfhv,124,19.04
241,Bronx,2024-10-16,19,other_fhv,0,
241,Bronx,2024-10-16,20,yellow,0,
241,Bronx,2024-10-16,20,green,0,
241,Bronx,2024-10-16,20,hvfhv,128,16.45
241,Bronx,2024-10-16,20,other_fhv,0,
241,Bronx,2024-10-16,21,yellow,0,
241,Bronx,2024-10-16,21,green,0,
241,Bronx,2024-10-16,21,hvfhv,97,15.67
241,Bronx,2024-10-16,21,other_fhv,1,
241,Bronx,2024-10-16,22,yellow,0,
241,Bronx,2024-10-16,22,green,0,
241,Bronx,2024-10-16,22,hvfhv,87,18.29
241,Bronx,2024-10-16,22,other_fhv,0,
241,Bronx,2024-10-16,23,yellow,0,
241,Bronx,2024-10-16,23,green,0,
241,Bronx,2024-10-16,23,hvfhv,73,17.94
241,Bronx,2024-10-16,23,other_fhv,0,
242,Bronx,2024-10-16,0,yellow,0,
242,Bronx,2024-10-16,0,green,0,
242,Bronx,2024-10-16,0,hvfhv,33,13.72
242,Bronx,2024-10-16,0,other_fhv,0,
242,Bronx,2024-10-16,1,yellow,0,
242,Bronx,2024-10-16,1,green,0,
242,Bronx,2024-10-16,1,hvfhv,30,18.36
242,Bronx,2024-10-16,1,other_fhv,0,
242,Bronx,2024-10-16,2,yellow,0,
242,Bronx,2024-10-16,2,green,0,
242,Bronx,2024-10-16,2,hvfhv,17,15.34
242,Bronx,2024-10-16,2,other_fhv,0,
242,Bronx,2024-10-16,3,yellow,0,
242,Bronx,2024-10-16,3,green,0,
242,Bronx,2024-10-16,3,hvfhv,17,19.09
242,Bronx,2024-10-16,3,other_fhv,0,
242,Bronx,2024-10-16,4,yellow,0,
242,Bronx,2024-10-16,4,green,0,
242,Bronx,2024-10-16,4,hvfhv,20,20.87
242,Bronx,2024-10-16,4,other_fhv,0,
242,Bronx,2024-10-16,5,yellow,1,42.5
242,Bronx,2024-10-16,5,green,0,
242,Bronx,2024-10-16,5,hvfhv,45,19.87
242,Bronx,2024-10-16,5,other_fhv,0,
242,Bronx,2024-10-16,6,yellow,0,
242,Bronx,2024-10-16,6,green,0,
242,Bronx,2024-10-16,6,hvfhv,90,16.24
242,Bronx,2024-10-16,6,other_fhv,0,
242,Bronx,2024-10-16,7,yellow,2,51.24
242,Bronx,2024-10-16,7,green,0,
242,Bronx,2024-10-16,7,hvfhv,147,21.6
242,Bronx,2024-10-16,7,other_fhv,1,
242,Bronx,2024-10-16,8,yellow,0,
242,Bronx,2024-10-16,8,green,0,
242,Bronx,2024-10-16,8,hvfhv,171,17.76
242,Bronx,2024-10-16,8,other_fhv,0,
242,Bronx,2024-10-16,9,yellow,0,
242,Bronx,2024-10-16,9,green,0,
242,Bronx,2024-10-16,9,hvfhv,141,17.32
242,Bronx,2024-10-16,9,other_fhv,5,
242,Bronx,2024-10-16,10,yellow,0,
242,Bronx,2024-10-16,10,green,0,
242,Bronx,2024-10-16,10,hvfhv,124,20.52
242,Bronx,2024-10-16,10,other_fhv,3,
242,Bronx,2024-10-16,11,yellow,0,
242,Bronx,2024-10-16,11,green,0,
242,Bronx,2024-10-16,11,hvfhv,143,19.07
242,Bronx,2024-10-16,11,other_fhv,2,
242,Bronx,2024-10-16,12,yellow,0,
242,Bronx,2024-10-16,12,green,0,
242,Bronx,2024-10-16,12,hvfhv,125,20.42
242,Bronx,2024-10-16,12,other_fhv,2,
242,Bronx,2024-10-16,13,yellow,0,
242,Bronx,2024-10-16,13,green,1,3.0
242,Bronx,2024-10-16,13,hvfhv,107,19.8
242,Bronx,2024-10-16,13,other_fhv,4,
242,Bronx,2024-10-16,14,yellow,0,
242,Bronx,2024-10-16,14,green,0,
242,Bronx,2024-10-16,14,hvfhv,144,21.72
242,Bronx,2024-10-16,14,other_fhv,1,
242,Bronx,2024-10-16,15,yellow,1,32.5
242,Bronx,2024-10-16,15,green,0,
242,Bronx,2024-10-16,15,hvfhv,179,24.91
242,Bronx,2024-10-16,15,other_fhv,1,
242,Bronx,2024-10-16,16,yellow,0,
242,Bronx,2024-10-16,16,green,0,
242,Bronx,2024-10-16,16,hvfhv,169,22.15
242,Bronx,2024-10-16,16,other_fhv,0,
242,Bronx,2024-10-16,17,yellow,0,
242,Bronx,2024-10-16,17,green,0,
242,Bronx,2024-10-16,17,hvfhv,181,21.48
242,Bronx,2024-10-16,17,other_fhv,2,
242,Bronx,2024-10-16,18,yellow,0,
242,Bronx,2024-10-16,18,green,0,
242,Bronx,2024-10-16,18,hvfhv,120,18.12
242,Bronx,2024-10-16,18,other_fhv,0,
242,Bronx,2024-10-16,19,yellow,0,
242,Bronx,2024-10-16,19,green,0,
242,Bronx,2024-10-16,19,hvfhv,119,18.74
242,Bronx,2024-10-16,19,other_fhv,2,
242,Bronx,2024-10-16,20,yellow,0,
242,Bronx,2024-10-16,20,green,1,45.0
242,Bronx,2024-10-16,20,hvfhv,102,17.22
242,Bronx,2024-10-16,20,other_fhv,1,
242,Bronx,2024-10-16,21,yellow,0,
242,Bronx,2024-10-16,21,green,0,
242,Bronx,2024-10-16,21,hvfhv,79,18.99
242,Bronx,2024-10-16,21,other_fhv,0,
242,Bronx,2024-10-16,22,yellow,0,
242,Bronx,2024-10-16,22,green,0,
242,Bronx,2024-10-16,22,hvfhv,67,16.99
242,Bronx,2024-10-16,22,other_fhv,0,
242,Bronx,2024-10-16,23,yellow,0,
242,Bronx,2024-10-16,23,green,0,
242,Bronx,2024-10-16,23,hvfhv,71,15.62
242,Bronx,2024-10-16,23,other_fhv,0,
243,Manhattan,2024-10-16,0,yellow,0,
243,Manhattan,2024-10-16,0,green,0,
243,Manhattan,2024-10-16,0,hvfhv,82,15.91
243,Manhattan,2024-10-16,0,other_fhv,0,
243,Manhattan,2024-10-16,1,yellow,0,
243,Manhattan,2024-10-16,1,green,0,
243,Manhattan,2024-10-16,1,hvfhv,42,15.92
243,Manhattan,2024-10-16,1,other_fhv,0,
243,Manhattan,2024-10-16,2,yellow,0,
243,Manhattan,2024-10-16,2,green,0,
243,Manhattan,2024-10-16,2,hvfhv,34,17.89
243,Manhattan,2024-10-16,2,other_fhv,0,
243,Manhattan,2024-10-16,3,yellow,0,
243,Manhattan,2024-10-16,3,green,0,
243,Manhattan,2024-10-16,3,hvfhv,20,33.01
243,Manhattan,2024-10-16,3,other_fhv,0,
243,Manhattan,2024-10-16,4,yellow,1,43.34
243,Manhattan,2024-10-16,4,green,0,
243,Manhattan,2024-10-16,4,hvfhv,46,34.78
243,Manhattan,2024-10-16,4,other_fhv,0,
243,Manhattan,2024-10-16,5,yellow,0,
243,Manhattan,2024-10-16,5,green,0,
243,Manhattan,2024-10-16,5,hvfhv,65,31.62
243,Manhattan,2024-10-16,5,other_fhv,0,
243,Manhattan,2024-10-16,6,yellow,0,
243,Manhattan,2024-10-16,6,green,0,
243,Manhattan,2024-10-16,6,hvfhv,154,28.7
243,Manhattan,2024-10-16,6,other_fhv,0,
243,Manhattan,2024-10-16,7,yellow,2,32.64
243,Manhattan,2024-10-16,7,green,0,
243,Manhattan,2024-10-16,7,hvfhv,239,25.07
243,Manhattan,2024-10-16,7,other_fhv,0,
243,Manhattan,2024-10-16,8,yellow,6,31.18
243,Manhattan,2024-10-16,8,green,1,85.92
243,Manhattan,2024-10-16,8,hvfhv,268,25.1
243,Manhattan,2024-10-16,8,other_fhv,1,
243,Manhattan,2024-10-16,9,yellow,0,
243,Manhattan,2024-10-16,9,green,1,52.0
243,Manhattan,2024-10-16,9,hvfhv,184,23.53
243,Manhattan,2024-10-16,9,other_fhv,2,
243,Manhattan,2024-10-16,10,yellow,0,
243,Manhattan,2024-10-16,10,green,0,
243,Manhattan,2024-10-16,10,hvfhv,168,26.73
243,Manhattan,2024-10-16,10,other_fhv,0,
243,Manhattan,2024-10-16,11,yellow,1,9.3
243,Manhattan,2024-10-16,11,green,0,
243,Manhattan,2024-10-16,11,hvfhv,142,27.32
243,Manhattan,2024-10-16,11,other_fhv,1,
243,Manhattan,2024-10-16,12,yellow,2,16.4
243,Manhattan,2024-10-16,12,green,0,
243,Manhattan,2024-10-16,12,hvfhv,141,25.15
243,Manhattan,2024-10-16,12,other_fhv,2,
243,Manhattan,2024-10-16,13,yellow,1,30.3
243,Manhattan,2024-10-16,13,green,0,
243,Manhattan,2024-10-16,13,hvfhv,158,24.12
243,Manhattan,2024-10-16,13,other_fhv,0,
243,Manhattan,2024-10-16,14,yellow,1,43.5
243,Manhattan,2024-10-16,14,green,0,
243,Manhattan,2024-10-16,14,hvfhv,124,25.16
243,Manhattan,2024-10-16,14,other_fhv,1,
243,Manhattan,2024-10-16,15,yellow,1,45.5
243,Manhattan,2024-10-16,15,green,0,
243,Manhattan,2024-10-16,15,hvfhv,150,24.51
243,Manhattan,2024-10-16,15,other_fhv,0,
243,Manhattan,2024-10-16,16,yellow,2,36.05
243,Manhattan,2024-10-16,16,green,1,25.5
243,Manhattan,2024-10-16,16,hvfhv,144,24.31
243,Manhattan,2024-10-16,16,other_fhv,0,
243,Manhattan,2024-10-16,17,yellow,0,
243,Manhattan,2024-10-16,17,green,0,
243,Manhattan,2024-10-16,17,hvfhv,153,23.44
243,Manhattan,2024-10-16,17,other_fhv,0,
243,Manhattan,2024-10-16,18,yellow,1,34.72
243,Manhattan,2024-10-16,18,green,0,
243,Manhattan,2024-10-16,18,hvfhv,155,19.38
243,Manhattan,2024-10-16,18,other_fhv,1,
243,Manhattan,2024-10-16,19,yellow,0,
243,Manhattan,2024-10-16,19,green,0,
243,Manhattan,2024-10-16,19,hvfhv,122,23.66
243,Manhattan,2024-10-16,19,other_fhv,0,
243,Manhattan,2024-10-16,20,yellow,3,24.92
243,Manhattan,2024-10-16,20,green,0,
243,Manhattan,2024-10-16,20,hvfhv,168,23.46
243,Manhattan,2024-10-16,20,other_fhv,0,
243,Manhattan,2024-10-16,21,yellow,0,
243,Manhattan,2024-10-16,21,green,0,
243,Manhattan,2024-10-16,21,hvfhv,150,24.24
243,Manhattan,2024-10-16,21,other_fhv,0,
243,Manhattan,2024-10-16,22,yellow,3,58.71
243,Manhattan,2024-10-16,22,green,0,
243,Manhattan,2024-10-16,22,hvfhv,146,19.38
243,Manhattan,2024-10-16,22,other_fhv,0,
243,Manhattan,2024-10-16,23,yellow,2,32.4
243,Manhattan,2024-10-16,23,green,0,
243,Manhattan,2024-10-16,23,hvfhv,125,18.91
243,Manhattan,2024-10-16,23,other_fhv,0,
244,Manhattan,2024-10-16,0,yellow,1,33.8
244,Manhattan,2024-10-16,0,green,0,
244,Manhattan,2024-10-16,0,hvfhv,129,19.84
244,Manhattan,2024-10-16,0,other_fhv,1,
244,Manhattan,2024-10-16,1,yellow,0,
244,Manhattan,2024-10-16,1,green,0,
244,Manhattan,2024-10-16,1,hvfhv,64,16.93
244,Manhattan,2024-10-16,1,other_fhv,1,
244,Manhattan,2024-10-16,2,yellow,0,
244,Manhattan,2024-10-16,2,green,1,40.8
244,Manhattan,2024-10-16,2,hvfhv,37,21.71
244,Manhattan,2024-10-16,2,other_fhv,0,
244,Manhattan,2024-10-16,3,yellow,0,
244,Manhattan,2024-10-16,3,green,0,
244,Manhattan,2024-10-16,3,hvfhv,38,20.46
244,Manhattan,2024-10-16,3,other_fhv,0,
244,Manhattan,2024-10-16,4,yellow,0,
244,Manhattan,2024-10-16,4,green,0,
244,Manhattan,2024-10-16,4,hvfhv,64,28.67
244,Manhattan,2024-10-16,4,other_fhv,0,
244,Manhattan,2024-10-16,5,yellow,0,
244,Manhattan,2024-10-16,5,green,0,
244,Manhattan,2024-10-16,5,hvfhv,105,28.32
244,Manhattan,2024-10-16,5,other_fhv,1,
244,Manhattan,2024-10-16,6,yellow,3,14.76
244,Manhattan,2024-10-16,6,green,0,
244,Manhattan,2024-10-16,6,hvfhv,191,27.39
244,Manhattan,2024-10-16,6,other_fhv,1,
244,Manhattan,2024-10-16,7,yellow,12,20.3
244,Manhattan,2024-10-16,7,green,0,
244,Manhattan,2024-10-16,7,hvfhv,308,25.11
244,Manhattan,2024-10-16,7,other_fhv,0,
244,Manhattan,2024-10-16,8,yellow,10,26.04
244,Manhattan,2024-10-16,8,green,1,70.0
244,Manhattan,2024-10-16,8,hvfhv,322,22.09
244,Manhattan,2024-10-16,8,other_fhv,2,
244,Manhattan,2024-10-16,9,yellow,7,20.38
244,Manhattan,2024-10-16,9,green,1,25.4
244,Manhattan,2024-10-16,9,hvfhv,235,22.02
244,Manhattan,2024-10-16,9,other_fhv,0,
244,Manhattan,2024-10-16,10,yellow,4,29.85
244,Manhattan,2024-10-16,10,green,3,18.17
244,Manhattan,2024-10-16,10,hvfhv,263,24.66
244,Manhattan,2024-10-16,10,other_fhv,3,
244,Manhattan,2024-10-16,11,yellow,4,42.08
244,Manhattan,2024-10-16,11,green,11,29.88
244,Manhattan,2024-10-16,11,hvfhv,207,25.55
244,Manhattan,2024-10-16,11,other_fhv,3,
244,Manhattan,2024-10-16,12,yellow,12,28.45
244,Manhattan,2024-10-16,12,green,1,40.1
244,Manhattan,2024-10-16,12,hvfhv,224,25.85
244,Manhattan,2024-10-16,12,other_fhv,0,
244,Manhattan,2024-10-16,13,yellow,5,24.18
244,Manhattan,2024-10-16,13,green,10,23.39
244,Manhattan,2024-10-16,13,hvfhv,212,25.92
244,Manhattan,2024-10-16,13,other_fhv,0,
244,Manhattan,2024-10-16,14,yellow,8,19.39
244,Manhattan,2024-10-16,14,green,7,18.99
244,Manhattan,2024-10-16,14,hvfhv,254,24.78
244,Manhattan,2024-10-16,14,other_fhv,1,
244,Manhattan,2024-10-16,15,yellow,9,25.1
244,Manhattan,2024-10-16,15,green,7,27.34
244,Manhattan,2024-10-16,15,hvfhv,265,27.07
244,Manhattan,2024-10-16,15,other_fhv,4,
244,Manhattan,2024-10-16,16,yellow,10,22.9
244,Manhattan,2024-10-16,16,green,6,26.48
244,Manhattan,2024-10-16,16,hvfhv,253,27.05
244,Manhattan,2024-10-16,16,other_fhv,0,
244,Manhattan,2024-10-16,17,yellow,8,20.06
244,Manhattan,2024-10-16,17,green,6,38.47
244,Manhattan,2024-10-16,17,hvfhv,278,24.39
244,Manhattan,2024-10-16,17,other_fhv,0,
244,Manhattan,2024-10-16,18,yellow,10,15.24
244,Manhattan,2024-10-16,18,green,0,
244,Manhattan,2024-10-16,18,hvfhv,252,23.7
244,Manhattan,2024-10-16,18,other_fhv,2,
244,Manhattan,2024-10-16,19,yellow,1,22.6
244,Manhattan,2024-10-16,19,green,1,26.1
244,Manhattan,2024-10-16,19,hvfhv,253,21.56
244,Manhattan,2024-10-16,19,other_fhv,0,
244,Manhattan,2024-10-16,20,yellow,3,8.15
244,Manhattan,2024-10-16,20,green,0,
244,Manhattan,2024-10-16,20,hvfhv,228,19.63
244,Manhattan,2024-10-16,20,other_fhv,1,
244,Manhattan,2024-10-16,21,yellow,5,14.84
244,Manhattan,2024-10-16,21,green,2,14.9
244,Manhattan,2024-10-16,21,hvfhv,194,19.51
244,Manhattan,2024-10-16,21,other_fhv,1,
244,Manhattan,2024-10-16,22,yellow,2,47.55
244,Manhattan,2024-10-16,22,green,1,25.4
244,Manhattan,2024-10-16,22,hvfhv,218,23.36
244,Manhattan,2024-10-16,22,other_fhv,0,
244,Manhattan,2024-10-16,23,yellow,5,32.26
244,Manhattan,2024-10-16,23,green,0,
244,Manhattan,2024-10-16,23,hvfhv,211,18.69
244,Manhattan,2024-10-16,23,other_fhv,0,
245,Staten Island,2024-10-16,0,yellow,0,
245,Staten Island,2024-10-16,0,green,0,
245,Staten Island,2024-10-16,0,hvfhv,10,16.97
245,Staten Island,2024-10-16,0,other_fhv,1,
245,Staten Island,2024-10-16,1,yellow,0,
245,Staten Island,2024-10-16,1,green,0,
245,Staten Island,2024-10-16,1,hvfhv,6,16.29
245,Staten Island,2024-10-16,1,other_fhv,0,
245,Staten Island,2024-10-16,2,yellow,0,
245,Staten Island,2024-10-16,2,green,0,
245,Staten Island,2024-10-16,2,hvfhv,1,8.38
245,Staten Island,2024-10-16,2,other_fhv,0,
245,Staten Island,2024-10-16,3,yellow,0,
245,Staten Island,2024-10-16,3,green,0,
245,Staten Island,2024-10-16,3,hvfhv,5,31.64
245,Staten Island,2024-10-16,3,other_fhv,0,
245,Staten Island,2024-10-16,4,yellow,0,
245,Staten Island,2024-10-16,4,green,0,
245,Staten Island,2024-10-16,4,hvfhv,4,35.46
245,Staten Island,2024-10-16,4,other_fhv,0,
245,Staten Island,2024-10-16,5,yellow,0,
245,Staten Island,2024-10-16,5,green,0,
245,Staten Island,2024-10-16,5,hvfhv,12,27.38
245,Staten Island,2024-10-16,5,other_fhv,1,
245,Staten Island,2024-10-16,6,yellow,0,
245,Staten Island,2024-10-16,6,green,0,
245,Staten Island,2024-10-16,6,hvfhv,17,22.71
245,Staten Island,2024-10-16,6,other_fhv,5,
245,Staten Island,2024-10-16,7,yellow,0,
245,Staten Island,2024-10-16,7,green,0,
245,Staten Island,2024-10-16,7,hvfhv,35,23.25
245,Staten Island,2024-10-16,7,other_fhv,4,
245,Staten Island,2024-10-16,8,yellow,0,
245,Staten Island,2024-10-16,8,green,0,
245,Staten Island,2024-10-16,8,hvfhv,36,18.42
245,Staten Island,2024-10-16,8,other_fhv,10,
245,Staten Island,2024-10-16,9,yellow,0,
245,Staten Island,2024-10-16,9,green,0,
245,Staten Island,2024-10-16,9,hvfhv,33,18.44
245,Staten Island,2024-10-16,9,other_fhv,4,
245,Staten Island,2024-10-16,10,yellow,0,
245,Staten Island,2024-10-16,10,green,0,
245,Staten Island,2024-10-16,10,hvfhv,19,19.64
245,Staten Island,2024-10-16,10,other_fhv,5,
245,Staten Island,2024-10-16,11,yellow,0,
245,Staten Island,2024-10-16,11,green,0,
245,Staten Island,2024-10-16,11,hvfhv,16,22.48
245,Staten Island,2024-10-16,11,other_fhv,8,
245,Staten Island,2024-10-16,12,yellow,0,
245,Staten Island,2024-10-16,12,green,0,
245,Staten Island,2024-10-16,12,hvfhv,22,16.65
245,Staten Island,2024-10-16,12,other_fhv,4,
245,Staten Island,2024-10-16,13,yellow,0,
245,Staten Island,2024-10-16,13,green,0,
245,Staten Island,2024-10-16,13,hvfhv,24,16.42
245,Staten Island,2024-10-16,13,other_fhv,6,
245,Staten Island,2024-10-16,14,yellow,0,
245,Staten Island,2024-10-16,14,green,0,
245,Staten Island,2024-10-16,14,hvfhv,33,22.82
245,Staten Island,2024-10-16,14,other_fhv,4,
245,Staten Island,2024-10-16,15,yellow,0,
245,Staten Island,2024-10-16,15,green,0,
245,Staten Island,2024-10-16,15,hvfhv,25,17.24
245,Staten Island,2024-10-16,15,other_fhv,5,
245,Staten Island,2024-10-16,16,yellow,0,
245,Staten Island,2024-10-16,16,green,0,
245,Staten Island,2024-10-16,16,hvfhv,31,20.36
245,Staten Island,2024-10-16,16,other_fhv,0,
245,Staten Island,2024-10-16,17,yellow,0,
245,Staten Island,2024-10-16,17,green,0,
245,Staten Island,2024-10-16,17,hvfhv,28,15.3
245,Staten Island,2024-10-16,17,other_fhv,8,
245,Staten Island,2024-10-16,18,yellow,0,
245,Staten Island,2024-10-16,18,green,0,
245,Staten Island,2024-10-16,18,hvfhv,22,19.14
245,Staten Island,2024-10-16,18,other_fhv,1,
245,Staten Island,2024-10-16,19,yellow,0,
245,Staten Island,2024-10-16,19,green,0,
245,Staten Island,2024-10-16,19,hvfhv,18,15.93
245,Staten Island,2024-10-16,19,other_fhv,0,
245,Staten Island,2024-10-16,20,yellow,0,
245,Staten Island,2024-10-16,20,green,0,
245,Staten Island,2024-10-16,20,hvfhv,8,12.5
245,Staten Island,2024-10-16,20,other_fhv,1,
245,Staten Island,2024-10-16,21,yellow,0,
245,Staten Island,2024-10-16,21,green,0,
245,Staten Island,2024-10-16,21,hvfhv,14,15.96
245,Staten Island,2024-10-16,21,other_fhv,2,
245,Staten Island,2024-10-16,22,yellow,0,
245,Staten Island,2024-10-16,22,green,0,
245,Staten Island,2024-10-16,22,hvfhv,13,18.84
245,Staten Island,2024-10-16,22,other_fhv,0,
245,Staten Island,2024-10-16,23,yellow,0,
245,Staten Island,2024-10-16,23,green,0,
245,Staten Island,2024-10-16,23,hvfhv,12,13.14
245,Staten Island,2024-10-16,23,other_fhv,1,
246,Manhattan,2024-10-16,0,yellow,29,18.19
246,Manhattan,2024-10-16,0,green,0,
246,Manhattan,2024-10-16,0,hvfhv,227,30.15
246,Manhattan,2024-10-16,0,other_fhv,0,
246,Manhattan,2024-10-16,1,yellow,24,14.01
246,Manhattan,2024-10-16,1,green,0,
246,Manhattan,2024-10-16,1,hvfhv,136,27.61
246,Manhattan,2024-10-16,1,other_fhv,0,
246,Manhattan,2024-10-16,2,yellow,10,10.7
246,Manhattan,2024-10-16,2,green,0,
246,Manhattan,2024-10-16,2,hvfhv,41,24.25
246,Manhattan,2024-10-16,2,other_fhv,0,
246,Manhattan,2024-10-16,3,yellow,12,14.76
246,Manhattan,2024-10-16,3,green,0,
246,Manhattan,2024-10-16,3,hvfhv,37,28.08
246,Manhattan,2024-10-16,3,other_fhv,0,
246,Manhattan,2024-10-16,4,yellow,1,10.0
246,Manhattan,2024-10-16,4,green,0,
246,Manhattan,2024-10-16,4,hvfhv,37,47.45
246,Manhattan,2024-10-16,4,other_fhv,0,
246,Manhattan,2024-10-16,5,yellow,1,7.2
246,Manhattan,2024-10-16,5,green,0,
246,Manhattan,2024-10-16,5,hvfhv,62,42.75
246,Manhattan,2024-10-16,5,other_fhv,0,
246,Manhattan,2024-10-16,6,yellow,7,11.59
246,Manhattan,2024-10-16,6,green,0,
246,Manhattan,2024-10-16,6,hvfhv,137,26.29
246,Manhattan,2024-10-16,6,other_fhv,0,
246,Manhattan,2024-10-16,7,yellow,36,14.47
246,Manhattan,2024-10-16,7,green,0,
246,Manhattan,2024-10-16,7,hvfhv,259,29.22
246,Manhattan,2024-10-16,7,other_fhv,3,
246,Manhattan,2024-10-16,8,yellow,72,15.67
246,Manhattan,2024-10-16,8,green,1,46.5
246,Manhattan,2024-10-16,8,hvfhv,364,30.76
246,Manhattan,2024-10-16,8,other_fhv,8,
246,Manhattan,2024-10-16,9,yellow,44,17.35
246,Manhattan,2024-10-16,9,green,0,
246,Manhattan,2024-10-16,9,hvfhv,313,29.16
246,Manhattan,2024-10-16,9,other_fhv,3,
246,Manhattan,2024-10-16,10,yellow,91,18.81
246,Manhattan,2024-10-16,10,green,0,
246,Manhattan,2024-10-16,10,hvfhv,247,32.63
246,Manhattan,2024-10-16,10,other_fhv,3,
246,Manhattan,2024-10-16,11,yellow,97,16.26
246,Manhattan,2024-10-16,11,green,0,
246,Manhattan,2024-10-16,11,hvfhv,310,36.02
246,Manhattan,2024-10-16,11,other_fhv,8,
246,Manhattan,2024-10-16,12,yellow,100,21.19
246,Manhattan,2024-10-16,12,green,0,
246,Manhattan,2024-10-16,12,hvfhv,279,35.53
246,Manhattan,2024-10-16,12,other_fhv,6,
246,Manhattan,2024-10-16,13,yellow,113,18.58
246,Manhattan,2024-10-16,13,green,0,
246,Manhattan,2024-10-16,13,hvfhv,346,37.41
246,Manhattan,2024-10-16,13,other_fhv,3,
246,Manhattan,2024-10-16,14,yellow,129,17.28
246,Manhattan,2024-10-16,14,green,0,
246,Manhattan,2024-10-16,14,hvfhv,360,36.26
246,Manhattan,2024-10-16,14,other_fhv,0,
246,Manhattan,2024-10-16,15,yellow,112,19.51
246,Manhattan,2024-10-16,15,green,0,
246,Manhattan,2024-10-16,15,hvfhv,417,37.88
246,Manhattan,2024-10-16,15,other_fhv,6,
246,Manhattan,2024-10-16,16,yellow,150,18.09
246,Manhattan,2024-10-16,16,green,0,
246,Manhattan,2024-10-16,16,hvfhv,413,41.94
246,Manhattan,2024-10-16,16,other_fhv,0,
246,Manhattan,2024-10-16,17,yellow,194,17.15
246,Manhattan,2024-10-16,17,green,0,
246,Manhattan,2024-10-16,17,hvfhv,598,36.47
246,Manhattan,2024-10-16,17,other_fhv,1,
246,Manhattan,2024-10-16,18,yellow,227,17.28
246,Manhattan,2024-10-16,18,green,0,
246,Manhattan,2024-10-16,18,hvfhv,612,33.35
246,Manhattan,2024-10-16,18,other_fhv,5,
246,Manhattan,2024-10-16,19,yellow,224,17.68
246,Manhattan,2024-10-16,19,green,0,
246,Manhattan,2024-10-16,19,hvfhv,702,34.6
246,Manhattan,2024-10-16,19,other_fhv,3,
246,Manhattan,2024-10-16,20,yellow,232,16.64
246,Manhattan,2024-10-16,20,green,0,
246,Manhattan,2024-10-16,20,hvfhv,718,36.27
246,Manhattan,2024-10-16,20,other_fhv,8,
246,Manhattan,2024-10-16,21,yellow,169,16.46
246,Manhattan,2024-10-16,21,green,0,
246,Manhattan,2024-10-16,21,hvfhv,715,39.15
246,Manhattan,2024-10-16,21,other_fhv,7,
246,Manhattan,2024-10-16,22,yellow,153,15.4
246,Manhattan,2024-10-16,22,green,0,
246,Manhattan,2024-10-16,22,hvfhv,472,42.27
246,Manhattan,2024-10-16,22,other_fhv,4,
246,Manhattan,2024-10-16,23,yellow,89,15.04
246,Manhattan,2024-10-16,23,green,0,
246,Manhattan,2024-10-16,23,hvfhv,330,34.74
246,Manhattan,2024-10-16,23,other_fhv,3,
247,Bronx,2024-10-16,0,yellow,10,27.65
247,Bronx,2024-10-16,0,green,7,62.56
247,Bronx,2024-10-16,0,hvfhv,353,40.41
247,Bronx,2024-10-16,0,other_fhv,2,
247,Bronx,2024-10-16,1,yellow,1,18.4
247,Bronx,2024-10-16,1,green,2,28.14
247,Bronx,2024-10-16,1,hvfhv,123,27.41
247,Bronx,2024-10-16,1,other_fhv,1,
247,Bronx,2024-10-16,2,yellow,1,24.73
247,Bronx,2024-10-16,2,green,1,34.5
247,Bronx,2024-10-16,2,hvfhv,56,20.46
247,Bronx,2024-10-16,2,other_fhv,0,
247,Bronx,2024-10-16,3,yellow,0,
247,Bronx,2024-10-16,3,green,0,
247,Bronx,2024-10-16,3,hvfhv,32,19.02
247,Bronx,2024-10-16,3,other_fhv,0,
247,Bronx,2024-10-16,4,yellow,0,
247,Bronx,2024-10-16,4,green,0,
247,Bronx,2024-10-16,4,hvfhv,37,20.93
247,Bronx,2024-10-16,4,other_fhv,0,
247,Bronx,2024-10-16,5,yellow,0,
247,Bronx,2024-10-16,5,green,0,
247,Bronx,2024-10-16,5,hvfhv,62,22.11
247,Bronx,2024-10-16,5,other_fhv,1,
247,Bronx,2024-10-16,6,yellow,0,
247,Bronx,2024-10-16,6,green,0,
247,Bronx,2024-10-16,6,hvfhv,86,21.68
247,Bronx,2024-10-16,6,other_fhv,1,
247,Bronx,2024-10-16,7,yellow,2,44.16
247,Bronx,2024-10-16,7,green,0,
247,Bronx,2024-10-16,7,hvfhv,213,20.3
247,Bronx,2024-10-16,7,other_fhv,0,
247,Bronx,2024-10-16,8,yellow,3,14.56
247,Bronx,2024-10-16,8,green,0,
247,Bronx,2024-10-16,8,hvfhv,229,19.1
247,Bronx,2024-10-16,8,other_fhv,1,
247,Bronx,2024-10-16,9,yellow,1,31.5
247,Bronx,2024-10-16,9,green,0,
247,Bronx,2024-10-16,9,hvfhv,140,17.7
247,Bronx,2024-10-16,9,other_fhv,1,
247,Bronx,2024-10-16,10,yellow,0,
247,Bronx,2024-10-16,10,green,1,20.5
247,Bronx,2024-10-16,10,hvfhv,108,17.43
247,Bronx,2024-10-16,10,other_fhv,0,
247,Bronx,2024-10-16,11,yellow,1,24.5
247,Bronx,2024-10-16,11,green,0,
247,Bronx,2024-10-16,11,hvfhv,121,18.36
247,Bronx,2024-10-16,11,other_fhv,0,
247,Bronx,2024-10-16,12,yellow,1,19.5
247,Bronx,2024-10-16,12,green,0,
247,Bronx,2024-10-16,12,hvfhv,102,20.29
247,Bronx,2024-10-16,12,other_fhv,2,
247,Bronx,2024-10-16,13,yellow,2,27.98
247,Bronx,2024-10-16,13,green,0,
247,Bronx,2024-10-16,13,hvfhv,124,18.73
247,Bronx,2024-10-16,13,other_fhv,1,
247,Bronx,2024-10-16,14,yellow,0,
247,Bronx,2024-10-16,14,green,0,
247,Bronx,2024-10-16,14,hvfhv,139,21.03
247,Bronx,2024-10-16,14,other_fhv,0,
247,Bronx,2024-10-16,15,yellow,0,
247,Bronx,2024-10-16,15,green,0,
247,Bronx,2024-10-16,15,hvfhv,156,19.15
247,Bronx,2024-10-16,15,other_fhv,1,
247,Bronx,2024-10-16,16,yellow,3,19.06
247,Bronx,2024-10-16,16,green,0,
247,Bronx,2024-10-16,16,hvfhv,128,18.52
247,Bronx,2024-10-16,16,other_fhv,0,
247,Bronx,2024-10-16,17,yellow,2,16.58
247,Bronx,2024-10-16,17,green,0,
247,Bronx,2024-10-16,17,hvfhv,161,18.46
247,Bronx,2024-10-16,17,other_fhv,2,
247,Bronx,2024-10-16,18,yellow,0,
247,Bronx,2024-10-16,18,green,0,
247,Bronx,2024-10-16,18,hvfhv,197,17.38
247,Bronx,2024-10-16,18,other_fhv,2,
247,Bronx,2024-10-16,19,yellow,1,27.5
247,Bronx,2024-10-16,19,green,0,
247,Bronx,2024-10-16,19,hvfhv,163,15.33
247,Bronx,2024-10-16,19,other_fhv,1,
247,Bronx,2024-10-16,20,yellow,0,
247,Bronx,2024-10-16,20,green,0,
247,Bronx,2024-10-16,20,hvfhv,158,14.95
247,Bronx,2024-10-16,20,other_fhv,0,
247,Bronx,2024-10-16,21,yellow,0,
247,Bronx,2024-10-16,21,green,0,
247,Bronx,2024-10-16,21,hvfhv,130,14.38
247,Bronx,2024-10-16,21,other_fhv,0,
247,Bronx,2024-10-16,22,yellow,0,
247,Bronx,2024-10-16,22,green,0,
247,Bronx,2024-10-16,22,hvfhv,109,15.59
247,Bronx,2024-10-16,22,other_fhv,0,
247,Bronx,2024-10-16,23,yellow,0,
247,Bronx,2024-10-16,23,green,0,
247,Bronx,2024-10-16,23,hvfhv,135,15.31
247,Bronx,2024-10-16,23,other_fhv,1,
248,Bronx,2024-10-16,0,yellow,0,
248,Bronx,2024-10-16,0,green,0,
248,Bronx,2024-10-16,0,hvfhv,35,14.21
248,Bronx,2024-10-16,0,other_fhv,0,
248,Bronx,2024-10-16,1,yellow,0,
248,Bronx,2024-10-16,1,green,0,
248,Bronx,2024-10-16,1,hvfhv,21,15.75
248,Bronx,2024-10-16,1,other_fhv,0,
248,Bronx,2024-10-16,2,yellow,1,20.38
248,Bronx,2024-10-16,2,green,0,
248,Bronx,2024-10-16,2,hvfhv,15,13.4
248,Bronx,2024-10-16,2,other_fhv,1,
248,Bronx,2024-10-16,3,yellow,0,
248,Bronx,2024-10-16,3,green,0,
248,Bronx,2024-10-16,3,hvfhv,12,20.71
248,Bronx,2024-10-16,3,other_fhv,1,
248,Bronx,2024-10-16,4,yellow,0,
248,Bronx,2024-10-16,4,green,0,
248,Bronx,2024-10-16,4,hvfhv,27,23.56
248,Bronx,2024-10-16,4,other_fhv,0,
248,Bronx,2024-10-16,5,yellow,0,
248,Bronx,2024-10-16,5,green,0,
248,Bronx,2024-10-16,5,hvfhv,34,18.9
248,Bronx,2024-10-16,5,other_fhv,0,
248,Bronx,2024-10-16,6,yellow,1,15.88
248,Bronx,2024-10-16,6,green,0,
248,Bronx,2024-10-16,6,hvfhv,78,20.47
248,Bronx,2024-10-16,6,other_fhv,0,
248,Bronx,2024-10-16,7,yellow,0,
248,Bronx,2024-10-16,7,green,0,
248,Bronx,2024-10-16,7,hvfhv,100,24.88
248,Bronx,2024-10-16,7,other_fhv,1,
248,Bronx,2024-10-16,8,yellow,2,46.93
248,Bronx,2024-10-16,8,green,0,
248,Bronx,2024-10-16,8,hvfhv,139,19.53
248,Bronx,2024-10-16,8,other_fhv,0,
248,Bronx,2024-10-16,9,yellow,0,
248,Bronx,2024-10-16,9,green,0,
248,Bronx,2024-10-16,9,hvfhv,93,18.74
248,Bronx,2024-10-16,9,other_fhv,0,
248,Bronx,2024-10-16,10,yellow,1,51.5
248,Bronx,2024-10-16,10,green,0,
248,Bronx,2024-10-16,10,hvfhv,71,19.96
248,Bronx,2024-10-16,10,other_fhv,1,
248,Bronx,2024-10-16,11,yellow,0,
248,Bronx,2024-10-16,11,green,0,
248,Bronx,2024-10-16,11,hvfhv,42,22.89
248,Bronx,2024-10-16,11,other_fhv,3,
248,Bronx,2024-10-16,12,yellow,1,26.5
248,Bronx,2024-10-16,12,green,0,
248,Bronx,2024-10-16,12,hvfhv,55,19.02
248,Bronx,2024-10-16,12,other_fhv,0,
248,Bronx,2024-10-16,13,yellow,0,
248,Bronx,2024-10-16,13,green,0,
248,Bronx,2024-10-16,13,hvfhv,69,21.49
248,Bronx,2024-10-16,13,other_fhv,0,
248,Bronx,2024-10-16,14,yellow,0,
248,Bronx,2024-10-16,14,green,0,
248,Bronx,2024-10-16,14,hvfhv,53,17.88
248,Bronx,2024-10-16,14,other_fhv,2,
248,Bronx,2024-10-16,15,yellow,0,
248,Bronx,2024-10-16,15,green,0,
248,Bronx,2024-10-16,15,hvfhv,69,23.21
248,Bronx,2024-10-16,15,other_fhv,1,
248,Bronx,2024-10-16,16,yellow,1,35.5
248,Bronx,2024-10-16,16,green,0,
248,Bronx,2024-10-16,16,hvfhv,65,17.36
248,Bronx,2024-10-16,16,other_fhv,0,
248,Bronx,2024-10-16,17,yellow,0,
248,Bronx,2024-10-16,17,green,0,
248,Bronx,2024-10-16,17,hvfhv,52,18.44
248,Bronx,2024-10-16,17,other_fhv,0,
248,Bronx,2024-10-16,18,yellow,1,27.5
248,Bronx,2024-10-16,18,green,0,
248,Bronx,2024-10-16,18,hvfhv,70,14.87
248,Bronx,2024-10-16,18,other_fhv,1,
248,Bronx,2024-10-16,19,yellow,0,
248,Bronx,2024-10-16,19,green,0,
248,Bronx,2024-10-16,19,hvfhv,59,14.88
248,Bronx,2024-10-16,19,other_fhv,0,
248,Bronx,2024-10-16,20,yellow,0,
248,Bronx,2024-10-16,20,green,0,
248,Bronx,2024-10-16,20,hvfhv,53,16.21
248,Bronx,2024-10-16,20,other_fhv,0,
248,Bronx,2024-10-16,21,yellow,0,
248,Bronx,2024-10-16,21,green,0,
248,Bronx,2024-10-16,21,hvfhv,53,15.63
248,Bronx,2024-10-16,21,other_fhv,0,
248,Bronx,2024-10-16,22,yellow,0,
248,Bronx,2024-10-16,22,green,0,
248,Bronx,2024-10-16,22,hvfhv,73,16.21
248,Bronx,2024-10-16,22,other_fhv,0,
248,Bronx,2024-10-16,23,yellow,0,
248,Bronx,2024-10-16,23,green,0,
248,Bronx,2024-10-16,23,hvfhv,39,15.8
248,Bronx,2024-10-16,23,other_fhv,0,
249,Manhattan,2024-10-16,0,yellow,84,14.37
249,Manhattan,2024-10-16,0,green,0,
249,Manhattan,2024-10-16,0,hvfhv,195,27.43
249,Manhattan,2024-10-16,0,other_fhv,0,
249,Manhattan,2024-10-16,1,yellow,44,14.63
249,Manhattan,2024-10-16,1,green,0,
249,Manhattan,2024-10-16,1,hvfhv,122,24.53
249,Manhattan,2024-10-16,1,other_fhv,0,
249,Manhattan,2024-10-16,2,yellow,18,22.04
249,Manhattan,2024-10-16,2,green,0,
249,Manhattan,2024-10-16,2,hvfhv,75,26.58
249,Manhattan,2024-10-16,2,other_fhv,1,
249,Manhattan,2024-10-16,3,yellow,8,14.68
249,Manhattan,2024-10-16,3,green,0,
249,Manhattan,2024-10-16,3,hvfhv,40,23.72
249,Manhattan,2024-10-16,3,other_fhv,0,
249,Manhattan,2024-10-16,4,yellow,8,14.81
249,Manhattan,2024-10-16,4,green,0,
249,Manhattan,2024-10-16,4,hvfhv,44,41.21
249,Manhattan,2024-10-16,4,other_fhv,0,
249,Manhattan,2024-10-16,5,yellow,7,21.5
249,Manhattan,2024-10-16,5,green,0,
249,Manhattan,2024-10-16,5,hvfhv,72,37.89
249,Manhattan,2024-10-16,5,other_fhv,0,
249,Manhattan,2024-10-16,6,yellow,33,15.22
249,Manhattan,2024-10-16,6,green,0,
249,Manhattan,2024-10-16,6,hvfhv,137,31.88
249,Manhattan,2024-10-16,6,other_fhv,3,
249,Manhattan,2024-10-16,7,yellow,82,14.43
249,Manhattan,2024-10-16,7,green,0,
249,Manhattan,2024-10-16,7,hvfhv,168,36.26
249,Manhattan,2024-10-16,7,other_fhv,3,
249,Manhattan,2024-10-16,8,yellow,124,14.73
249,Manhattan,2024-10-16,8,green,0,
249,Manhattan,2024-10-16,8,hvfhv,172,30.56
249,Manhattan,2024-10-16,8,other_fhv,3,
249,Manhattan,2024-10-16,9,yellow,91,15.44
249,Manhattan,2024-10-16,9,green,0,
249,Manhattan,2024-10-16,9,hvfhv,236,25.97
249,Manhattan,2024-10-16,9,other_fhv,1,
249,Manhattan,2024-10-16,10,yellow,73,14.93
249,Manhattan,2024-10-16,10,green,0,
249,Manhattan,2024-10-16,10,hvfhv,159,31.18
249,Manhattan,2024-10-16,10,other_fhv,2,
249,Manhattan,2024-10-16,11,yellow,61,18.55
249,Manhattan,2024-10-16,11,green,0,
249,Manhattan,2024-10-16,11,hvfhv,134,32.56
249,Manhattan,2024-10-16,11,other_fhv,1,
249,Manhattan,2024-10-16,12,yellow,74,15.89
249,Manhattan,2024-10-16,12,green,0,
249,Manhattan,2024-10-16,12,hvfhv,137,31.2
249,Manhattan,2024-10-16,12,other_fhv,1,
249,Manhattan,2024-10-16,13,yellow,80,17.37
249,Manhattan,2024-10-16,13,green,0,
249,Manhattan,2024-10-16,13,hvfhv,143,37.68
249,Manhattan,2024-10-16,13,other_fhv,3,
249,Manhattan,2024-10-16,14,yellow,69,15.98
249,Manhattan,2024-10-16,14,green,0,
249,Manhattan,2024-10-16,14,hvfhv,159,35.44
249,Manhattan,2024-10-16,14,other_fhv,2,
249,Manhattan,2024-10-16,15,yellow,100,16.83
249,Manhattan,2024-10-16,15,green,0,
249,Manhattan,2024-10-16,15,hvfhv,161,36.15
249,Manhattan,2024-10-16,15,other_fhv,1,
249,Manhattan,2024-10-16,16,yellow,80,15.76
249,Manhattan,2024-10-16,16,green,0,
249,Manhattan,2024-10-16,16,hvfhv,187,34.79
249,Manhattan,2024-10-16,16,other_fhv,1,
249,Manhattan,2024-10-16,17,yellow,100,15.57
249,Manhattan,2024-10-16,17,green,0,
249,Manhattan,2024-10-16,17,hvfhv,224,31.6
249,Manhattan,2024-10-16,17,other_fhv,1,
249,Manhattan,2024-10-16,18,yellow,114,15.04
249,Manhattan,2024-10-16,18,green,0,
249,Manhattan,2024-10-16,18,hvfhv,280,29.75
249,Manhattan,2024-10-16,18,other_fhv,2,
249,Manhattan,2024-10-16,19,yellow,150,15.32
249,Manhattan,2024-10-16,19,green,0,
249,Manhattan,2024-10-16,19,hvfhv,308,30.1
249,Manhattan,2024-10-16,19,other_fhv,1,
249,Manhattan,2024-10-16,20,yellow,187,17.24
249,Manhattan,2024-10-16,20,green,0,
249,Manhattan,2024-10-16,20,hvfhv,447,32.2
249,Manhattan,2024-10-16,20,other_fhv,8,
249,Manhattan,2024-10-16,21,yellow,345,15.44
249,Manhattan,2024-10-16,21,green,0,
249,Manhattan,2024-10-16,21,hvfhv,506,35.62
249,Manhattan,2024-10-16,21,other_fhv,8,
249,Manhattan,2024-10-16,22,yellow,307,14.94
249,Manhattan,2024-10-16,22,green,0,
249,Manhattan,2024-10-16,22,hvfhv,490,38.06
249,Manhattan,2024-10-16,22,other_fhv,6,
249,Manhattan,2024-10-16,23,yellow,228,13.88
249,Manhattan,2024-10-16,23,green,0,
249,Manhattan,2024-10-16,23,hvfhv,426,32.49
249,Manhattan,2024-10-16,23,other_fhv,5,
250,Bronx,2024-10-16,0,yellow,0,
250,Bronx,2024-10-16,0,green,0,
250,Bronx,2024-10-16,0,hvfhv,23,13.57
250,Bronx,2024-10-16,0,other_fhv,0,
250,Bronx,2024-10-16,1,yellow,0,
250,Bronx,2024-10-16,1,green,0,
250,Bronx,2024-10-16,1,hvfhv,18,14.26
250,Bronx,2024-10-16,1,other_fhv,0,
250,Bronx,2024-10-16,2,yellow,0,
250,Bronx,2024-10-16,2,green,0,
250,Bronx,2024-10-16,2,hvfhv,11,22.12
250,Bronx,2024-10-16,2,other_fhv,0,
250,Bronx,2024-10-16,3,yellow,0,
250,Bronx,2024-10-16,3,green,0,
250,Bronx,2024-10-16,3,hvfhv,15,23.49
250,Bronx,2024-10-16,3,other_fhv,0,
250,Bronx,2024-10-16,4,yellow,1,39.5
250,Bronx,2024-10-16,4,green,0,
250,Bronx,2024-10-16,4,hvfhv,23,22.22
250,Bronx,2024-10-16,4,other_fhv,0,
250,Bronx,2024-10-16,5,yellow,3,26.46
250,Bronx,2024-10-16,5,green,0,
250,Bronx,2024-10-16,5,hvfhv,34,21.63
250,Bronx,2024-10-16,5,other_fhv,0,
250,Bronx,2024-10-16,6,yellow,0,
250,Bronx,2024-10-16,6,green,0,
250,Bronx,2024-10-16,6,hvfhv,64,24.95
250,Bronx,2024-10-16,6,other_fhv,0,
250,Bronx,2024-10-16,7,yellow,1,45.5
250,Bronx,2024-10-16,7,green,0,
250,Bronx,2024-10-16,7,hvfhv,113,23.68
250,Bronx,2024-10-16,7,other_fhv,0,
250,Bronx,2024-10-16,8,yellow,2,35.9
250,Bronx,2024-10-16,8,green,0,
250,Bronx,2024-10-16,8,hvfhv,132,20.92
250,Bronx,2024-10-16,8,other_fhv,0,
250,Bronx,2024-10-16,9,yellow,0,
250,Bronx,2024-10-16,9,green,0,
250,Bronx,2024-10-16,9,hvfhv,85,19.03
250,Bronx,2024-10-16,9,other_fhv,0,
250,Bronx,2024-10-16,10,yellow,0,
250,Bronx,2024-10-16,10,green,0,
250,Bronx,2024-10-16,10,hvfhv,85,20.78
250,Bronx,2024-10-16,10,other_fhv,1,
250,Bronx,2024-10-16,11,yellow,0,
250,Bronx,2024-10-16,11,green,0,
250,Bronx,2024-10-16,11,hvfhv,66,19.21
250,Bronx,2024-10-16,11,other_fhv,2,
250,Bronx,2024-10-16,12,yellow,0,
250,Bronx,2024-10-16,12,green,0,
250,Bronx,2024-10-16,12,hvfhv,84,21.0
250,Bronx,2024-10-16,12,other_fhv,1,
250,Bronx,2024-10-16,13,yellow,1,29.5
250,Bronx,2024-10-16,13,green,0,
250,Bronx,2024-10-16,13,hvfhv,77,17.87
250,Bronx,2024-10-16,13,other_fhv,0,
250,Bronx,2024-10-16,14,yellow,0,
250,Bronx,2024-10-16,14,green,0,
250,Bronx,2024-10-16,14,hvfhv,93,19.98
250,Bronx,2024-10-16,14,other_fhv,1,
250,Bronx,2024-10-16,15,yellow,0,
250,Bronx,2024-10-16,15,green,0,
250,Bronx,2024-10-16,15,hvfhv,74,18.52
250,Bronx,2024-10-16,15,other_fhv,2,
250,Bronx,2024-10-16,16,yellow,1,34.5
250,Bronx,2024-10-16,16,green,0,
250,Bronx,2024-10-16,16,hvfhv,78,19.25
250,Bronx,2024-10-16,16,other_fhv,0,
250,Bronx,2024-10-16,17,yellow,0,
250,Bronx,2024-10-16,17,green,0,
250,Bronx,2024-10-16,17,hvfhv,83,19.09
250,Bronx,2024-10-16,17,other_fhv,1,
250,Bronx,2024-10-16,18,yellow,1,31.5
250,Bronx,2024-10-16,18,green,0,
250,Bronx,2024-10-16,18,hvfhv,75,19.76
250,Bronx,2024-10-16,18,other_fhv,0,
250,Bronx,2024-10-16,19,yellow,0,
250,Bronx,2024-10-16,19,green,0,
250,Bronx,2024-10-16,19,hvfhv,59,21.03
250,Bronx,2024-10-16,19,other_fhv,1,
250,Bronx,2024-10-16,20,yellow,0,
250,Bronx,2024-10-16,20,green,0,
250,Bronx,2024-10-16,20,hvfhv,32,14.55
250,Bronx,2024-10-16,20,other_fhv,0,
250,Bronx,2024-10-16,21,yellow,0,
250,Bronx,2024-10-16,21,green,0,
250,Bronx,2024-10-16,21,hvfhv,47,14.44
250,Bronx,2024-10-16,21,other_fhv,0,
250,Bronx,2024-10-16,22,yellow,0,
250,Bronx,2024-10-16,22,green,0,
250,Bronx,2024-10-16,22,hvfhv,47,20.03
250,Bronx,2024-10-16,22,other_fhv,1,
250,Bronx,2024-10-16,23,yellow,1,7.72
250,Bronx,2024-10-16,23,green,0,
250,Bronx,2024-10-16,23,hvfhv,47,14.92
250,Bronx,2024-10-16,23,other_fhv,0,
251,Staten Island,2024-10-16,0,yellow,0,
251,Staten Island,2024-10-16,0,green,0,
251,Staten Island,2024-10-16,0,hvfhv,4,11.65
251,Staten Island,2024-10-16,0,other_fhv,0,
251,Staten Island,2024-10-16,1,yellow,0,
251,Staten Island,2024-10-16,1,green,0,
251,Staten Island,2024-10-16,1,hvfhv,4,29.15
251,Staten Island,2024-10-16,1,other_fhv,0,
251,Staten Island,2024-10-16,2,yellow,0,
251,Staten Island,2024-10-16,2,green,0,
251,Staten Island,2024-10-16,2,hvfhv,6,29.69
251,Staten Island,2024-10-16,2,other_fhv,0,
251,Staten Island,2024-10-16,3,yellow,0,
251,Staten Island,2024-10-16,3,green,0,
251,Staten Island,2024-10-16,3,hvfhv,1,39.98
251,Staten Island,2024-10-16,3,other_fhv,0,
251,Staten Island,2024-10-16,4,yellow,0,
251,Staten Island,2024-10-16,4,green,0,
251,Staten Island,2024-10-16,4,hvfhv,7,33.14
251,Staten Island,2024-10-16,4,other_fhv,0,
251,Staten Island,2024-10-16,5,yellow,0,
251,Staten Island,2024-10-16,5,green,0,
251,Staten Island,2024-10-16,5,hvfhv,9,38.14
251,Staten Island,2024-10-16,5,other_fhv,0,
251,Staten Island,2024-10-16,6,yellow,0,
251,Staten Island,2024-10-16,6,green,0,
251,Staten Island,2024-10-16,6,hvfhv,16,27.8
251,Staten Island,2024-10-16,6,other_fhv,1,
251,Staten Island,2024-10-16,7,yellow,1,160.42
251,Staten Island,2024-10-16,7,green,0,
251,Staten Island,2024-10-16,7,hvfhv,34,28.04
251,Staten Island,2024-10-16,7,other_fhv,0,
251,Staten Island,2024-10-16,8,yellow,0,
251,Staten Island,2024-10-16,8,green,0,
251,Staten Island,2024-10-16,8,hvfhv,34,25.54
251,Staten Island,2024-10-16,8,other_fhv,4,
251,Staten Island,2024-10-16,9,yellow,0,
251,Staten Island,2024-10-16,9,green,0,
251,Staten Island,2024-10-16,9,hvfhv,35,20.14
251,Staten Island,2024-10-16,9,other_fhv,4,
251,Staten Island,2024-10-16,10,yellow,0,
251,Staten Island,2024-10-16,10,green,0,
251,Staten Island,2024-10-16,10,hvfhv,24,16.79
251,Staten Island,2024-10-16,10,other_fhv,6,
251,Staten Island,2024-10-16,11,yellow,0,
251,Staten Island,2024-10-16,11,green,0,
251,Staten Island,2024-10-16,11,hvfhv,15,26.33
251,Staten Island,2024-10-16,11,other_fhv,2,
251,Staten Island,2024-10-16,12,yellow,0,
251,Staten Island,2024-10-16,12,green,0,
251,Staten Island,2024-10-16,12,hvfhv,22,14.11
251,Staten Island,2024-10-16,12,other_fhv,1,
251,Staten Island,2024-10-16,13,yellow,0,
251,Staten Island,2024-10-16,13,green,0,
251,Staten Island,2024-10-16,13,hvfhv,35,16.64
251,Staten Island,2024-10-16,13,other_fhv,5,
251,Staten Island,2024-10-16,14,yellow,0,
251,Staten Island,2024-10-16,14,green,0,
251,Staten Island,2024-10-16,14,hvfhv,31,20.07
251,Staten Island,2024-10-16,14,other_fhv,1,
251,Staten Island,2024-10-16,15,yellow,0,
251,Staten Island,2024-10-16,15,green,0,
251,Staten Island,2024-10-16,15,hvfhv,36,17.96
251,Staten Island,2024-10-16,15,other_fhv,9,
251,Staten Island,2024-10-16,16,yellow,0,
251,Staten Island,2024-10-16,16,green,0,
251,Staten Island,2024-10-16,16,hvfhv,33,20.04
251,Staten Island,2024-10-16,16,other_fhv,6,
251,Staten Island,2024-10-16,17,yellow,0,
251,Staten Island,2024-10-16,17,green,0,
251,Staten Island,2024-10-16,17,hvfhv,34,15.56
251,Staten Island,2024-10-16,17,other_fhv,1,
251,Staten Island,2024-10-16,18,yellow,0,
251,Staten Island,2024-10-16,18,green,0,
251,Staten Island,2024-10-16,18,hvfhv,33,16.61
251,Staten Island,2024-10-16,18,other_fhv,0,
251,Staten Island,2024-10-16,19,yellow,0,
251,Staten Island,2024-10-16,19,green,0,
251,Staten Island,2024-10-16,19,hvfhv,13,27.54
251,Staten Island,2024-10-16,19,other_fhv,1,
251,Staten Island,2024-10-16,20,yellow,0,
251,Staten Island,2024-10-16,20,green,0,
251,Staten Island,2024-10-16,20,hvfhv,12,16.49
251,Staten Island,2024-10-16,20,other_fhv,0,
251,Staten Island,2024-10-16,21,yellow,0,
251,Staten Island,2024-10-16,21,green,0,
251,Staten Island,2024-10-16,21,hvfhv,9,12.05
251,Staten Island,2024-10-16,21,other_fhv,0,
251,Staten Island,2024-10-16,22,yellow,0,
251,Staten Island,2024-10-16,22,green,0,
251,Staten Island,2024-10-16,22,hvfhv,7,23.91
251,Staten Island,2024-10-16,22,other_fhv,0,
251,Staten Island,2024-10-16,23,yellow,0,
251,Staten Island,2024-10-16,23,green,0,
251,Staten Island,2024-10-16,23,hvfhv,12,13.63
251,Staten Island,2024-10-16,23,other_fhv,0,
252,Queens,2024-10-16,0,yellow,0,
252,Queens,2024-10-16,0,green,0,
252,Queens,2024-10-16,0,hvfhv,9,15.05
252,Queens,2024-10-16,0,other_fhv,0,
252,Queens,2024-10-16,1,yellow,0,
252,Queens,2024-10-16,1,green,0,
252,Queens,2024-10-16,1,hvfhv,4,16.06
252,Queens,2024-10-16,1,other_fhv,1,
252,Queens,2024-10-16,2,yellow,0,
252,Queens,2024-10-16,2,green,0,
252,Queens,2024-10-16,2,hvfhv,5,22.09
252,Queens,2024-10-16,2,other_fhv,0,
252,Queens,2024-10-16,3,yellow,0,
252,Queens,2024-10-16,3,green,0,
252,Queens,2024-10-16,3,hvfhv,1,17.88
252,Queens,2024-10-16,3,other_fhv,0,
252,Queens,2024-10-16,4,yellow,0,
252,Queens,2024-10-16,4,green,0,
252,Queens,2024-10-16,4,hvfhv,8,26.69
252,Queens,2024-10-16,4,other_fhv,0,
252,Queens,2024-10-16,5,yellow,0,
252,Queens,2024-10-16,5,green,0,
252,Queens,2024-10-16,5,hvfhv,24,26.82
252,Queens,2024-10-16,5,other_fhv,0,
252,Queens,2024-10-16,6,yellow,0,
252,Queens,2024-10-16,6,green,0,
252,Queens,2024-10-16,6,hvfhv,31,29.3
252,Queens,2024-10-16,6,other_fhv,1,
252,Queens,2024-10-16,7,yellow,0,
252,Queens,2024-10-16,7,green,0,
252,Queens,2024-10-16,7,hvfhv,60,28.09
252,Queens,2024-10-16,7,other_fhv,0,
252,Queens,2024-10-16,8,yellow,0,
252,Queens,2024-10-16,8,green,0,
252,Queens,2024-10-16,8,hvfhv,66,26.38
252,Queens,2024-10-16,8,other_fhv,1,
252,Queens,2024-10-16,9,yellow,0,
252,Queens,2024-10-16,9,green,0,
252,Queens,2024-10-16,9,hvfhv,46,23.32
252,Queens,2024-10-16,9,other_fhv,0,
252,Queens,2024-10-16,10,yellow,0,
252,Queens,2024-10-16,10,green,0,
252,Queens,2024-10-16,10,hvfhv,46,22.92
252,Queens,2024-10-16,10,other_fhv,1,
252,Queens,2024-10-16,11,yellow,0,
252,Queens,2024-10-16,11,green,0,
252,Queens,2024-10-16,11,hvfhv,36,23.18
252,Queens,2024-10-16,11,other_fhv,0,
252,Queens,2024-10-16,12,yellow,0,
252,Queens,2024-10-16,12,green,0,
252,Queens,2024-10-16,12,hvfhv,30,24.23
252,Queens,2024-10-16,12,other_fhv,1,
252,Queens,2024-10-16,13,yellow,1,44.5
252,Queens,2024-10-16,13,green,0,
252,Queens,2024-10-16,13,hvfhv,60,23.53
252,Queens,2024-10-16,13,other_fhv,0,
252,Queens,2024-10-16,14,yellow,0,
252,Queens,2024-10-16,14,green,0,
252,Queens,2024-10-16,14,hvfhv,48,24.27
252,Queens,2024-10-16,14,other_fhv,0,
252,Queens,2024-10-16,15,yellow,2,8.48
252,Queens,2024-10-16,15,green,0,
252,Queens,2024-10-16,15,hvfhv,53,21.73
252,Queens,2024-10-16,15,other_fhv,0,
252,Queens,2024-10-16,16,yellow,0,
252,Queens,2024-10-16,16,green,0,
252,Queens,2024-10-16,16,hvfhv,55,23.63
252,Queens,2024-10-16,16,other_fhv,0,
252,Queens,2024-10-16,17,yellow,1,76.57
252,Queens,2024-10-16,17,green,0,
252,Queens,2024-10-16,17,hvfhv,53,25.19
252,Queens,2024-10-16,17,other_fhv,0,
252,Queens,2024-10-16,18,yellow,0,
252,Queens,2024-10-16,18,green,0,
252,Queens,2024-10-16,18,hvfhv,61,21.18
252,Queens,2024-10-16,18,other_fhv,0,
252,Queens,2024-10-16,19,yellow,0,
252,Queens,2024-10-16,19,green,0,
252,Queens,2024-10-16,19,hvfhv,50,25.65
252,Queens,2024-10-16,19,other_fhv,0,
252,Queens,2024-10-16,20,yellow,0,
252,Queens,2024-10-16,20,green,0,
252,Queens,2024-10-16,20,hvfhv,26,17.14
252,Queens,2024-10-16,20,other_fhv,1,
252,Queens,2024-10-16,21,yellow,0,
252,Queens,2024-10-16,21,green,0,
252,Queens,2024-10-16,21,hvfhv,23,20.72
252,Queens,2024-10-16,21,other_fhv,0,
252,Queens,2024-10-16,22,yellow,0,
252,Queens,2024-10-16,22,green,0,
252,Queens,2024-10-16,22,hvfhv,32,19.66
252,Queens,2024-10-16,22,other_fhv,0,
252,Queens,2024-10-16,23,yellow,0,
252,Queens,2024-10-16,23,green,0,
252,Queens,2024-10-16,23,hvfhv,19,20.5
252,Queens,2024-10-16,23,other_fhv,1,
253,Queens,2024-10-16,0,yellow,0,
253,Queens,2024-10-16,0,green,0,
253,Queens,2024-10-16,0,hvfhv,0,
253,Queens,2024-10-16,0,other_fhv,0,
253,Queens,2024-10-16,1,yellow,0,
253,Queens,2024-10-16,1,green,0,
253,Queens,2024-10-16,1,hvfhv,0,
253,Queens,2024-10-16,1,other_fhv,0,
253,Queens,2024-10-16,2,yellow,0,
253,Queens,2024-10-16,2,green,0,
253,Queens,2024-10-16,2,hvfhv,0,
253,Queens,2024-10-16,2,other_fhv,0,
253,Queens,2024-10-16,3,yellow,0,
253,Queens,2024-10-16,3,green,0,
253,Queens,2024-10-16,3,hvfhv,0,
253,Queens,2024-10-16,3,other_fhv,0,
253,Queens,2024-10-16,4,yellow,0,
253,Queens,2024-10-16,4,green,0,
253,Queens,2024-10-16,4,hvfhv,0,
253,Queens,2024-10-16,4,other_fhv,0,
253,Queens,2024-10-16,5,yellow,0,
253,Queens,2024-10-16,5,green,0,
253,Queens,2024-10-16,5,hvfhv,0,
253,Queens,2024-10-16,5,other_fhv,0,
253,Queens,2024-10-16,6,yellow,0,
253,Queens,2024-10-16,6,green,0,
253,Queens,2024-10-16,6,hvfhv,0,
253,Queens,2024-10-16,6,other_fhv,0,
253,Queens,2024-10-16,7,yellow,0,
253,Queens,2024-10-16,7,green,1,80.0
253,Queens,2024-10-16,7,hvfhv,0,
253,Queens,2024-10-16,7,other_fhv,0,
253,Queens,2024-10-16,8,yellow,0,
253,Queens,2024-10-16,8,green,0,
253,Queens,2024-10-16,8,hvfhv,1,32.23
253,Queens,2024-10-16,8,other_fhv,0,
253,Queens,2024-10-16,9,yellow,0,
253,Queens,2024-10-16,9,green,0,
253,Queens,2024-10-16,9,hvfhv,3,24.39
253,Queens,2024-10-16,9,other_fhv,0,
253,Queens,2024-10-16,10,yellow,0,
253,Queens,2024-10-16,10,green,0,
253,Queens,2024-10-16,10,hvfhv,2,18.8
253,Queens,2024-10-16,10,other_fhv,0,
253,Queens,2024-10-16,11,yellow,0,
253,Queens,2024-10-16,11,green,0,
253,Queens,2024-10-16,11,hvfhv,3,29.53
253,Queens,2024-10-16,11,other_fhv,0,
253,Queens,2024-10-16,12,yellow,0,
253,Queens,2024-10-16,12,green,0,
253,Queens,2024-10-16,12,hvfhv,1,10.04
253,Queens,2024-10-16,12,other_fhv,0,
253,Queens,2024-10-16,13,yellow,0,
253,Queens,2024-10-16,13,green,0,
253,Queens,2024-10-16,13,hvfhv,0,
253,Queens,2024-10-16,13,other_fhv,0,
253,Queens,2024-10-16,14,yellow,0,
253,Queens,2024-10-16,14,green,0,
253,Queens,2024-10-16,14,hvfhv,0,
253,Queens,2024-10-16,14,other_fhv,0,
253,Queens,2024-10-16,15,yellow,0,
253,Queens,2024-10-16,15,green,0,
253,Queens,2024-10-16,15,hvfhv,3,11.5
253,Queens,2024-10-16,15,other_fhv,0,
253,Queens,2024-10-16,16,yellow,0,
253,Queens,2024-10-16,16,green,0,
253,Queens,2024-10-16,16,hvfhv,2,20.83
253,Queens,2024-10-16,16,other_fhv,0,
253,Queens,2024-10-16,17,yellow,0,
253,Queens,2024-10-16,17,green,0,
253,Queens,2024-10-16,17,hvfhv,0,
253,Queens,2024-10-16,17,other_fhv,0,
253,Queens,2024-10-16,18,yellow,0,
253,Queens,2024-10-16,18,green,0,
253,Queens,2024-10-16,18,hvfhv,1,11.55
253,Queens,2024-10-16,18,other_fhv,0,
253,Queens,2024-10-16,19,yellow,0,
253,Queens,2024-10-16,19,green,0,
253,Queens,2024-10-16,19,hvfhv,0,
253,Queens,2024-10-16,19,other_fhv,0,
253,Queens,2024-10-16,20,yellow,0,
253,Queens,2024-10-16,20,green,0,
253,Queens,2024-10-16,20,hvfhv,0,
253,Queens,2024-10-16,20,other_fhv,0,
253,Queens,2024-10-16,21,yellow,0,
253,Queens,2024-10-16,21,green,1,55.5
253,Queens,2024-10-16,21,hvfhv,1,60.76
253,Queens,2024-10-16,21,other_fhv,0,
253,Queens,2024-10-16,22,yellow,0,
253,Queens,2024-10-16,22,green,5,74.56
253,Queens,2024-10-16,22,hvfhv,3,65.77
253,Queens,2024-10-16,22,other_fhv,0,
253,Queens,2024-10-16,23,yellow,11,21.12
253,Queens,2024-10-16,23,green,0,
253,Queens,2024-10-16,23,hvfhv,41,114.65
253,Queens,2024-10-16,23,other_fhv,1,
254,Bronx,2024-10-16,0,yellow,0,
254,Bronx,2024-10-16,0,green,0,
254,Bronx,2024-10-16,0,hvfhv,73,15.79
254,Bronx,2024-10-16,0,other_fhv,0,
254,Bronx,2024-10-16,1,yellow,0,
254,Bronx,2024-10-16,1,green,0,
254,Bronx,2024-10-16,1,hvfhv,35,16.38
254,Bronx,2024-10-16,1,other_fhv,0,
254,Bronx,2024-10-16,2,yellow,1,27.88
254,Bronx,2024-10-16,2,green,0,
254,Bronx,2024-10-16,2,hvfhv,16,16.49
254,Bronx,2024-10-16,2,other_fhv,1,
254,Bronx,2024-10-16,3,yellow,0,
254,Bronx,2024-10-16,3,green,0,
254,Bronx,2024-10-16,3,hvfhv,28,23.42
254,Bronx,2024-10-16,3,other_fhv,0,
254,Bronx,2024-10-16,4,yellow,0,
254,Bronx,2024-10-16,4,green,0,
254,Bronx,2024-10-16,4,hvfhv,42,20.59
254,Bronx,2024-10-16,4,other_fhv,0,
254,Bronx,2024-10-16,5,yellow,1,55.5
254,Bronx,2024-10-16,5,green,0,
254,Bronx,2024-10-16,5,hvfhv,82,20.97
254,Bronx,2024-10-16,5,other_fhv,1,
254,Bronx,2024-10-16,6,yellow,0,
254,Bronx,2024-10-16,6,green,0,
254,Bronx,2024-10-16,6,hvfhv,131,22.28
254,Bronx,2024-10-16,6,other_fhv,0,
254,Bronx,2024-10-16,7,yellow,4,35.97
254,Bronx,2024-10-16,7,green,0,
254,Bronx,2024-10-16,7,hvfhv,222,22.12
254,Bronx,2024-10-16,7,other_fhv,0,
254,Bronx,2024-10-16,8,yellow,3,41.5
254,Bronx,2024-10-16,8,green,0,
254,Bronx,2024-10-16,8,hvfhv,272,23.68
254,Bronx,2024-10-16,8,other_fhv,4,
254,Bronx,2024-10-16,9,yellow,2,30.8
254,Bronx,2024-10-16,9,green,0,
254,Bronx,2024-10-16,9,hvfhv,185,20.12
254,Bronx,2024-10-16,9,other_fhv,2,
254,Bronx,2024-10-16,10,yellow,1,61.5
254,Bronx,2024-10-16,10,green,0,
254,Bronx,2024-10-16,10,hvfhv,135,17.56
254,Bronx,2024-10-16,10,other_fhv,2,
254,Bronx,2024-10-16,11,yellow,1,56.5
254,Bronx,2024-10-16,11,green,0,
254,Bronx,2024-10-16,11,hvfhv,114,19.77
254,Bronx,2024-10-16,11,other_fhv,2,
254,Bronx,2024-10-16,12,yellow,1,34.5
254,Bronx,2024-10-16,12,green,0,
254,Bronx,2024-10-16,12,hvfhv,122,17.54
254,Bronx,2024-10-16,12,other_fhv,0,
254,Bronx,2024-10-16,13,yellow,1,21.5
254,Bronx,2024-10-16,13,green,0,
254,Bronx,2024-10-16,13,hvfhv,142,17.31
254,Bronx,2024-10-16,13,other_fhv,2,
254,Bronx,2024-10-16,14,yellow,0,
254,Bronx,2024-10-16,14,green,0,
254,Bronx,2024-10-16,14,hvfhv,148,18.36
254,Bronx,2024-10-16,14,other_fhv,1,
254,Bronx,2024-10-16,15,yellow,0,
254,Bronx,2024-10-16,15,green,1,32.5
254,Bronx,2024-10-16,15,hvfhv,140,18.98
254,Bronx,2024-10-16,15,other_fhv,0,
254,Bronx,2024-10-16,16,yellow,0,
254,Bronx,2024-10-16,16,green,0,
254,Bronx,2024-10-16,16,hvfhv,152,18.8
254,Bronx,2024-10-16,16,other_fhv,0,
254,Bronx,2024-10-16,17,yellow,0,
254,Bronx,2024-10-16,17,green,0,
254,Bronx,2024-10-16,17,hvfhv,150,18.46
254,Bronx,2024-10-16,17,other_fhv,0,
254,Bronx,2024-10-16,18,yellow,0,
254,Bronx,2024-10-16,18,green,0,
254,Bronx,2024-10-16,18,hvfhv,143,15.8
254,Bronx,2024-10-16,18,other_fhv,0,
254,Bronx,2024-10-16,19,yellow,1,55.5
254,Bronx,2024-10-16,19,green,0,
254,Bronx,2024-10-16,19,hvfhv,124,18.02
254,Bronx,2024-10-16,19,other_fhv,0,
254,Bronx,2024-10-16,20,yellow,0,
254,Bronx,2024-10-16,20,green,0,
254,Bronx,2024-10-16,20,hvfhv,115,15.16
254,Bronx,2024-10-16,20,other_fhv,0,
254,Bronx,2024-10-16,21,yellow,0,
254,Bronx,2024-10-16,21,green,0,
254,Bronx,2024-10-16,21,hvfhv,88,17.0
254,Bronx,2024-10-16,21,other_fhv,0,
254,Bronx,2024-10-16,22,yellow,1,33.5
254,Bronx,2024-10-16,22,green,0,
254,Bronx,2024-10-16,22,hvfhv,108,15.74
254,Bronx,2024-10-16,22,other_fhv,0,
254,Bronx,2024-10-16,23,yellow,0,
254,Bronx,2024-10-16,23,green,0,
254,Bronx,2024-10-16,23,hvfhv,113,16.02
254,Bronx,2024-10-16,23,other_fhv,0,
255,Brooklyn,2024-10-16,0,yellow,1,5.8
255,Brooklyn,2024-10-16,0,green,0,
255,Brooklyn,2024-10-16,0,hvfhv,167,20.19
255,Brooklyn,2024-10-16,0,other_fhv,1,
255,Brooklyn,2024-10-16,1,yellow,4,11.3
255,Brooklyn,2024-10-16,1,green,0,
255,Brooklyn,2024-10-16,1,hvfhv,85,20.42
255,Brooklyn,2024-10-16,1,other_fhv,2,
255,Brooklyn,2024-10-16,2,yellow,0,
255,Brooklyn,2024-10-16,2,green,0,
255,Brooklyn,2024-10-16,2,hvfhv,49,22.81
255,Brooklyn,2024-10-16,2,other_fhv,0,
255,Brooklyn,2024-10-16,3,yellow,0,
255,Brooklyn,2024-10-16,3,green,0,
255,Brooklyn,2024-10-16,3,hvfhv,36,32.01
255,Brooklyn,2024-10-16,3,other_fhv,1,
255,Brooklyn,2024-10-16,4,yellow,0,
255,Brooklyn,2024-10-16,4,green,0,
255,Brooklyn,2024-10-16,4,hvfhv,49,41.95
255,Brooklyn,2024-10-16,4,other_fhv,0,
255,Brooklyn,2024-10-16,5,yellow,0,
255,Brooklyn,2024-10-16,5,green,0,
255,Brooklyn,2024-10-16,5,hvfhv,85,46.11
255,Brooklyn,2024-10-16,5,other_fhv,0,
255,Brooklyn,2024-10-16,6,yellow,2,8.47
255,Brooklyn,2024-10-16,6,green,0,
255,Brooklyn,2024-10-16,6,hvfhv,123,45.56
255,Brooklyn,2024-10-16,6,other_fhv,3,
255,Brooklyn,2024-10-16,7,yellow,1,22.46
255,Brooklyn,2024-10-16,7,green,0,
255,Brooklyn,2024-10-16,7,hvfhv,176,44.82
255,Brooklyn,2024-10-16,7,other_fhv,3,
255,Brooklyn,2024-10-16,8,yellow,2,29.66
255,Brooklyn,2024-10-16,8,green,0,
255,Brooklyn,2024-10-16,8,hvfhv,196,39.73
255,Brooklyn,2024-10-16,8,other_fhv,1,
255,Brooklyn,2024-10-16,9,yellow,0,
255,Brooklyn,2024-10-16,9,green,0,
255,Brooklyn,2024-10-16,9,hvfhv,176,34.4
255,Brooklyn,2024-10-16,9,other_fhv,2,
255,Brooklyn,2024-10-16,10,yellow,0,
255,Brooklyn,2024-10-16,10,green,0,
255,Brooklyn,2024-10-16,10,hvfhv,189,29.81
255,Brooklyn,2024-10-16,10,other_fhv,2,
255,Brooklyn,2024-10-16,11,yellow,0,
255,Brooklyn,2024-10-16,11,green,0,
255,Brooklyn,2024-10-16,11,hvfhv,178,33.28
255,Brooklyn,2024-10-16,11,other_fhv,0,
255,Brooklyn,2024-10-16,12,yellow,1,33.1
255,Brooklyn,2024-10-16,12,green,0,
255,Brooklyn,2024-10-16,12,hvfhv,170,33.38
255,Brooklyn,2024-10-16,12,other_fhv,2,
255,Brooklyn,2024-10-16,13,yellow,0,
255,Brooklyn,2024-10-16,13,green,0,
255,Brooklyn,2024-10-16,13,hvfhv,156,34.62
255,Brooklyn,2024-10-16,13,other_fhv,1,
255,Brooklyn,2024-10-16,14,yellow,2,20.1
255,Brooklyn,2024-10-16,14,green,1,12.8
255,Brooklyn,2024-10-16,14,hvfhv,170,32.18
255,Brooklyn,2024-10-16,14,other_fhv,1,
255,Brooklyn,2024-10-16,15,yellow,1,7.9
255,Brooklyn,2024-10-16,15,green,1,33.8
255,Brooklyn,2024-10-16,15,hvfhv,202,35.0
255,Brooklyn,2024-10-16,15,other_fhv,0,
255,Brooklyn,2024-10-16,16,yellow,1,5.8
255,Brooklyn,2024-10-16,16,green,0,
255,Brooklyn,2024-10-16,16,hvfhv,240,32.76
255,Brooklyn,2024-10-16,16,other_fhv,2,
255,Brooklyn,2024-10-16,17,yellow,2,0.0
255,Brooklyn,2024-10-16,17,green,0,
255,Brooklyn,2024-10-16,17,hvfhv,284,28.46
255,Brooklyn,2024-10-16,17,other_fhv,2,
255,Brooklyn,2024-10-16,18,yellow,1,24.06
255,Brooklyn,2024-10-16,18,green,0,
255,Brooklyn,2024-10-16,18,hvfhv,355,27.5
255,Brooklyn,2024-10-16,18,other_fhv,4,
255,Brooklyn,2024-10-16,19,yellow,0,
255,Brooklyn,2024-10-16,19,green,0,
255,Brooklyn,2024-10-16,19,hvfhv,379,24.86
255,Brooklyn,2024-10-16,19,other_fhv,9,
255,Brooklyn,2024-10-16,20,yellow,1,60.0
255,Brooklyn,2024-10-16,20,green,0,
255,Brooklyn,2024-10-16,20,hvfhv,405,23.23
255,Brooklyn,2024-10-16,20,other_fhv,6,
255,Brooklyn,2024-10-16,21,yellow,2,23.6
255,Brooklyn,2024-10-16,21,green,0,
255,Brooklyn,2024-10-16,21,hvfhv,424,26.06
255,Brooklyn,2024-10-16,21,other_fhv,6,
255,Brooklyn,2024-10-16,22,yellow,8,19.24
255,Brooklyn,2024-10-16,22,green,1,7.9
255,Brooklyn,2024-10-16,22,hvfhv,524,23.86
255,Brooklyn,2024-10-16,22,other_fhv,3,
255,Brooklyn,2024-10-16,23,yellow,8,10.98
255,Brooklyn,2024-10-16,23,green,0,
255,Brooklyn,2024-10-16,23,hvfhv,345,21.94
255,Brooklyn,2024-10-16,23,other_fhv,3,
256,Brooklyn,2024-10-16,0,yellow,0,
256,Brooklyn,2024-10-16,0,green,1,6.5
256,Brooklyn,2024-10-16,0,hvfhv,111,19.06
256,Brooklyn,2024-10-16,0,other_fhv,1,
256,Brooklyn,2024-10-16,1,yellow,0,
256,Brooklyn,2024-10-16,1,green,1,19.8
256,Brooklyn,2024-10-16,1,hvfhv,78,17.53
256,Brooklyn,2024-10-16,1,other_fhv,0,
256,Brooklyn,2024-10-16,2,yellow,0,
256,Brooklyn,2024-10-16,2,green,0,
256,Brooklyn,2024-10-16,2,hvfhv,47,17.92
256,Brooklyn,2024-10-16,2,other_fhv,0,
256,Brooklyn,2024-10-16,3,yellow,1,17.7
256,Brooklyn,2024-10-16,3,green,0,
256,Brooklyn,2024-10-16,3,hvfhv,42,20.44
256,Brooklyn,2024-10-16,3,other_fhv,0,
256,Brooklyn,2024-10-16,4,yellow,0,
256,Brooklyn,2024-10-16,4,green,0,
256,Brooklyn,2024-10-16,4,hvfhv,60,38.26
256,Brooklyn,2024-10-16,4,other_fhv,1,
256,Brooklyn,2024-10-16,5,yellow,0,
256,Brooklyn,2024-10-16,5,green,0,
256,Brooklyn,2024-10-16,5,hvfhv,81,37.01
256,Brooklyn,2024-10-16,5,other_fhv,4,
256,Brooklyn,2024-10-16,6,yellow,1,40.1
256,Brooklyn,2024-10-16,6,green,0,
256,Brooklyn,2024-10-16,6,hvfhv,121,39.52
256,Brooklyn,2024-10-16,6,other_fhv,2,
256,Brooklyn,2024-10-16,7,yellow,2,21.7
256,Brooklyn,2024-10-16,7,green,0,
256,Brooklyn,2024-10-16,7,hvfhv,146,38.72
256,Brooklyn,2024-10-16,7,other_fhv,3,
256,Brooklyn,2024-10-16,8,yellow,0,
256,Brooklyn,2024-10-16,8,green,0,
256,Brooklyn,2024-10-16,8,hvfhv,194,31.29
256,Brooklyn,2024-10-16,8,other_fhv,4,
256,Brooklyn,2024-10-16,9,yellow,2,30.0
256,Brooklyn,2024-10-16,9,green,0,
256,Brooklyn,2024-10-16,9,hvfhv,217,24.71
256,Brooklyn,2024-10-16,9,other_fhv,1,
256,Brooklyn,2024-10-16,10,yellow,2,29.95
256,Brooklyn,2024-10-16,10,green,0,
256,Brooklyn,2024-10-16,10,hvfhv,163,28.13
256,Brooklyn,2024-10-16,10,other_fhv,1,
256,Brooklyn,2024-10-16,11,yellow,0,
256,Brooklyn,2024-10-16,11,green,0,
256,Brooklyn,2024-10-16,11,hvfhv,137,30.21
256,Brooklyn,2024-10-16,11,other_fhv,1,
256,Brooklyn,2024-10-16,12,yellow,2,30.12
256,Brooklyn,2024-10-16,12,green,0,
256,Brooklyn,2024-10-16,12,hvfhv,147,29.92
256,Brooklyn,2024-10-16,12,other_fhv,3,
256,Brooklyn,2024-10-16,13,yellow,1,45.0
256,Brooklyn,2024-10-16,13,green,1,10.7
256,Brooklyn,2024-10-16,13,hvfhv,149,31.35
256,Brooklyn,2024-10-16,13,other_fhv,2,
256,Brooklyn,2024-10-16,14,yellow,0,
256,Brooklyn,2024-10-16,14,green,0,
256,Brooklyn,2024-10-16,14,hvfhv,149,34.48
256,Brooklyn,2024-10-16,14,other_fhv,0,
256,Brooklyn,2024-10-16,15,yellow,0,
256,Brooklyn,2024-10-16,15,green,0,
256,Brooklyn,2024-10-16,15,hvfhv,173,32.63
256,Brooklyn,2024-10-16,15,other_fhv,2,
256,Brooklyn,2024-10-16,16,yellow,3,40.37
256,Brooklyn,2024-10-16,16,green,0,
256,Brooklyn,2024-10-16,16,hvfhv,155,30.24
256,Brooklyn,2024-10-16,16,other_fhv,7,
256,Brooklyn,2024-10-16,17,yellow,0,
256,Brooklyn,2024-10-16,17,green,0,
256,Brooklyn,2024-10-16,17,hvfhv,211,25.02
256,Brooklyn,2024-10-16,17,other_fhv,1,
256,Brooklyn,2024-10-16,18,yellow,1,9.3
256,Brooklyn,2024-10-16,18,green,0,
256,Brooklyn,2024-10-16,18,hvfhv,269,24.47
256,Brooklyn,2024-10-16,18,other_fhv,8,
256,Brooklyn,2024-10-16,19,yellow,0,
256,Brooklyn,2024-10-16,19,green,0,
256,Brooklyn,2024-10-16,19,hvfhv,296,24.99
256,Brooklyn,2024-10-16,19,other_fhv,7,
256,Brooklyn,2024-10-16,20,yellow,3,6.13
256,Brooklyn,2024-10-16,20,green,0,
256,Brooklyn,2024-10-16,20,hvfhv,271,23.69
256,Brooklyn,2024-10-16,20,other_fhv,2,
256,Brooklyn,2024-10-16,21,yellow,3,1.7
256,Brooklyn,2024-10-16,21,green,0,
256,Brooklyn,2024-10-16,21,hvfhv,251,22.38
256,Brooklyn,2024-10-16,21,other_fhv,8,
256,Brooklyn,2024-10-16,22,yellow,3,6.58
256,Brooklyn,2024-10-16,22,green,0,
256,Brooklyn,2024-10-16,22,hvfhv,328,23.44
256,Brooklyn,2024-10-16,22,other_fhv,4,
256,Brooklyn,2024-10-16,23,yellow,4,6.58
256,Brooklyn,2024-10-16,23,green,1,26.8
256,Brooklyn,2024-10-16,23,hvfhv,274,20.53
256,Brooklyn,2024-10-16,23,other_fhv,3,
257,Brooklyn,2024-10-16,0,yellow,0,
257,Brooklyn,2024-10-16,0,green,0,
257,Brooklyn,2024-10-16,0,hvfhv,12,21.59
257,Brooklyn,2024-10-16,0,other_fhv,1,
257,Brooklyn,2024-10-16,1,yellow,0,
257,Brooklyn,2024-10-16,1,green,0,
257,Brooklyn,2024-10-16,1,hvfhv,8,16.64
257,Brooklyn,2024-10-16,1,other_fhv,0,
257,Brooklyn,2024-10-16,2,yellow,0,
257,Brooklyn,2024-10-16,2,green,0,
257,Brooklyn,2024-10-16,2,hvfhv,8,28.96
257,Brooklyn,2024-10-16,2,other_fhv,0,
257,Brooklyn,2024-10-16,3,yellow,0,
257,Brooklyn,2024-10-16,3,green,0,
257,Brooklyn,2024-10-16,3,hvfhv,2,19.88
257,Brooklyn,2024-10-16,3,other_fhv,0,
257,Brooklyn,2024-10-16,4,yellow,0,
257,Brooklyn,2024-10-16,4,green,0,
257,Brooklyn,2024-10-16,4,hvfhv,10,53.52
257,Brooklyn,2024-10-16,4,other_fhv,0,
257,Brooklyn,2024-10-16,5,yellow,1,14.99
257,Brooklyn,2024-10-16,5,green,0,
257,Brooklyn,2024-10-16,5,hvfhv,22,30.88
257,Brooklyn,2024-10-16,5,other_fhv,0,
257,Brooklyn,2024-10-16,6,yellow,0,
257,Brooklyn,2024-10-16,6,green,0,
257,Brooklyn,2024-10-16,6,hvfhv,40,33.86
257,Brooklyn,2024-10-16,6,other_fhv,0,
257,Brooklyn,2024-10-16,7,yellow,1,40.78
257,Brooklyn,2024-10-16,7,green,0,
257,Brooklyn,2024-10-16,7,hvfhv,74,30.48
257,Brooklyn,2024-10-16,7,other_fhv,1,
257,Brooklyn,2024-10-16,8,yellow,1,36.55
257,Brooklyn,2024-10-16,8,green,0,
257,Brooklyn,2024-10-16,8,hvfhv,67,29.31
257,Brooklyn,2024-10-16,8,other_fhv,3,
257,Brooklyn,2024-10-16,9,yellow,1,51.5
257,Brooklyn,2024-10-16,9,green,0,
257,Brooklyn,2024-10-16,9,hvfhv,52,34.52
257,Brooklyn,2024-10-16,9,other_fhv,2,
257,Brooklyn,2024-10-16,10,yellow,1,34.5
257,Brooklyn,2024-10-16,10,green,0,
257,Brooklyn,2024-10-16,10,hvfhv,27,28.57
257,Brooklyn,2024-10-16,10,other_fhv,2,
257,Brooklyn,2024-10-16,11,yellow,0,
257,Brooklyn,2024-10-16,11,green,0,
257,Brooklyn,2024-10-16,11,hvfhv,36,27.36
257,Brooklyn,2024-10-16,11,other_fhv,2,
257,Brooklyn,2024-10-16,12,yellow,0,
257,Brooklyn,2024-10-16,12,green,0,
257,Brooklyn,2024-10-16,12,hvfhv,37,29.77
257,Brooklyn,2024-10-16,12,other_fhv,1,
257,Brooklyn,2024-10-16,13,yellow,0,
257,Brooklyn,2024-10-16,13,green,0,
257,Brooklyn,2024-10-16,13,hvfhv,33,21.96
257,Brooklyn,2024-10-16,13,other_fhv,0,
257,Brooklyn,2024-10-16,14,yellow,0,
257,Brooklyn,2024-10-16,14,green,0,
257,Brooklyn,2024-10-16,14,hvfhv,49,25.57
257,Brooklyn,2024-10-16,14,other_fhv,0,
257,Brooklyn,2024-10-16,15,yellow,0,
257,Brooklyn,2024-10-16,15,green,0,
257,Brooklyn,2024-10-16,15,hvfhv,37,27.36
257,Brooklyn,2024-10-16,15,other_fhv,0,
257,Brooklyn,2024-10-16,16,yellow,0,
257,Brooklyn,2024-10-16,16,green,0,
257,Brooklyn,2024-10-16,16,hvfhv,45,28.88
257,Brooklyn,2024-10-16,16,other_fhv,1,
257,Brooklyn,2024-10-16,17,yellow,2,13.01
257,Brooklyn,2024-10-16,17,green,0,
257,Brooklyn,2024-10-16,17,hvfhv,44,21.06
257,Brooklyn,2024-10-16,17,other_fhv,0,
257,Brooklyn,2024-10-16,18,yellow,0,
257,Brooklyn,2024-10-16,18,green,0,
257,Brooklyn,2024-10-16,18,hvfhv,66,23.27
257,Brooklyn,2024-10-16,18,other_fhv,1,
257,Brooklyn,2024-10-16,19,yellow,0,
257,Brooklyn,2024-10-16,19,green,0,
257,Brooklyn,2024-10-16,19,hvfhv,48,20.17
257,Brooklyn,2024-10-16,19,other_fhv,0,
257,Brooklyn,2024-10-16,20,yellow,0,
257,Brooklyn,2024-10-16,20,green,0,
257,Brooklyn,2024-10-16,20,hvfhv,43,19.79
257,Brooklyn,2024-10-16,20,other_fhv,1,
257,Brooklyn,2024-10-16,21,yellow,0,
257,Brooklyn,2024-10-16,21,green,0,
257,Brooklyn,2024-10-16,21,hvfhv,43,18.21
257,Brooklyn,2024-10-16,21,other_fhv,1,
257,Brooklyn,2024-10-16,22,yellow,0,
257,Brooklyn,2024-10-16,22,green,0,
257,Brooklyn,2024-10-16,22,hvfhv,36,19.54
257,Brooklyn,2024-10-16,22,other_fhv,0,
257,Brooklyn,2024-10-16,23,yellow,0,
257,Brooklyn,2024-10-16,23,green,0,
257,Brooklyn,2024-10-16,23,hvfhv,32,17.47
257,Brooklyn,2024-10-16,23,other_fhv,1,
258,Queens,2024-10-16,0,yellow,1,33.86
258,Queens,2024-10-16,0,green,0,
258,Queens,2024-10-16,0,hvfhv,23,17.38
258,Queens,2024-10-16,0,other_fhv,0,
258,Queens,2024-10-16,1,yellow,0,
258,Queens,2024-10-16,1,green,0,
258,Queens,2024-10-16,1,hvfhv,14,17.94
258,Queens,2024-10-16,1,other_fhv,0,
258,Queens,2024-10-16,2,yellow,0,
258,Queens,2024-10-16,2,green,0,
258,Queens,2024-10-16,2,hvfhv,12,22.6
258,Queens,2024-10-16,2,other_fhv,0,
258,Queens,2024-10-16,3,yellow,0,
258,Queens,2024-10-16,3,green,0,
258,Queens,2024-10-16,3,hvfhv,21,18.05
258,Queens,2024-10-16,3,other_fhv,0,
258,Queens,2024-10-16,4,yellow,0,
258,Queens,2024-10-16,4,green,0,
258,Queens,2024-10-16,4,hvfhv,48,23.56
258,Queens,2024-10-16,4,other_fhv,0,
258,Queens,2024-10-16,5,yellow,0,
258,Queens,2024-10-16,5,green,0,
258,Queens,2024-10-16,5,hvfhv,55,24.42
258,Queens,2024-10-16,5,other_fhv,0,
258,Queens,2024-10-16,6,yellow,0,
258,Queens,2024-10-16,6,green,0,
258,Queens,2024-10-16,6,hvfhv,85,23.72
258,Queens,2024-10-16,6,other_fhv,0,
258,Queens,2024-10-16,7,yellow,2,32.99
258,Queens,2024-10-16,7,green,0,
258,Queens,2024-10-16,7,hvfhv,171,21.47
258,Queens,2024-10-16,7,other_fhv,0,
258,Queens,2024-10-16,8,yellow,3,20.67
258,Queens,2024-10-16,8,green,0,
258,Queens,2024-10-16,8,hvfhv,197,21.94
258,Queens,2024-10-16,8,other_fhv,4,
258,Queens,2024-10-16,9,yellow,0,
258,Queens,2024-10-16,9,green,0,
258,Queens,2024-10-16,9,hvfhv,96,21.37
258,Queens,2024-10-16,9,other_fhv,3,
258,Queens,2024-10-16,10,yellow,3,34.26
258,Queens,2024-10-16,10,green,0,
258,Queens,2024-10-16,10,hvfhv,91,20.97
258,Queens,2024-10-16,10,other_fhv,2,
258,Queens,2024-10-16,11,yellow,0,
258,Queens,2024-10-16,11,green,0,
258,Queens,2024-10-16,11,hvfhv,79,19.64
258,Queens,2024-10-16,11,other_fhv,0,
258,Queens,2024-10-16,12,yellow,0,
258,Queens,2024-10-16,12,green,0,
258,Queens,2024-10-16,12,hvfhv,84,20.23
258,Queens,2024-10-16,12,other_fhv,3,
258,Queens,2024-10-16,13,yellow,0,
258,Queens,2024-10-16,13,green,0,
258,Queens,2024-10-16,13,hvfhv,84,24.7
258,Queens,2024-10-16,13,other_fhv,0,
258,Queens,2024-10-16,14,yellow,0,
258,Queens,2024-10-16,14,green,0,
258,Queens,2024-10-16,14,hvfhv,79,22.43
258,Queens,2024-10-16,14,other_fhv,0,
258,Queens,2024-10-16,15,yellow,1,42.5
258,Queens,2024-10-16,15,green,0,
258,Queens,2024-10-16,15,hvfhv,74,20.85
258,Queens,2024-10-16,15,other_fhv,1,
258,Queens,2024-10-16,16,yellow,0,
258,Queens,2024-10-16,16,green,0,
258,Queens,2024-10-16,16,hvfhv,86,19.36
258,Queens,2024-10-16,16,other_fhv,0,
258,Queens,2024-10-16,17,yellow,0,
258,Queens,2024-10-16,17,green,0,
258,Queens,2024-10-16,17,hvfhv,98,19.95
258,Queens,2024-10-16,17,other_fhv,0,
258,Queens,2024-10-16,18,yellow,0,
258,Queens,2024-10-16,18,green,0,
258,Queens,2024-10-16,18,hvfhv,88,17.94
258,Queens,2024-10-16,18,other_fhv,1,
258,Queens,2024-10-16,19,yellow,0,
258,Queens,2024-10-16,19,green,0,
258,Queens,2024-10-16,19,hvfhv,78,16.26
258,Queens,2024-10-16,19,other_fhv,0,
258,Queens,2024-10-16,20,yellow,0,
258,Queens,2024-10-16,20,green,0,
258,Queens,2024-10-16,20,hvfhv,81,17.45
258,Queens,2024-10-16,20,other_fhv,1,
258,Queens,2024-10-16,21,yellow,0,
258,Queens,2024-10-16,21,green,0,
258,Queens,2024-10-16,21,hvfhv,51,18.29
258,Queens,2024-10-16,21,other_fhv,0,
258,Queens,2024-10-16,22,yellow,0,
258,Queens,2024-10-16,22,green,0,
258,Queens,2024-10-16,22,hvfhv,50,19.19
258,Queens,2024-10-16,22,other_fhv,0,
258,Queens,2024-10-16,23,yellow,0,
258,Queens,2024-10-16,23,green,1,29.0
258,Queens,2024-10-16,23,hvfhv,41,17.03
258,Queens,2024-10-16,23,other_fhv,0,
259,Bronx,2024-10-16,0,yellow,0,
259,Bronx,2024-10-16,0,green,0,
259,Bronx,2024-10-16,0,hvfhv,31,20.06
259,Bronx,2024-10-16,0,other_fhv,0,
259,Bronx,2024-10-16,1,yellow,0,
259,Bronx,2024-10-16,1,green,0,
259,Bronx,2024-10-16,1,hvfhv,21,13.7
259,Bronx,2024-10-16,1,other_fhv,0,
259,Bronx,2024-10-16,2,yellow,0,
259,Bronx,2024-10-16,2,green,0,
259,Bronx,2024-10-16,2,hvfhv,12,19.58
259,Bronx,2024-10-16,2,other_fhv,0,
259,Bronx,2024-10-16,3,yellow,0,
259,Bronx,2024-10-16,3,green,0,
259,Bronx,2024-10-16,3,hvfhv,21,15.66
259,Bronx,2024-10-16,3,other_fhv,0,
259,Bronx,2024-10-16,4,yellow,0,
259,Bronx,2024-10-16,4,green,0,
259,Bronx,2024-10-16,4,hvfhv,32,26.19
259,Bronx,2024-10-16,4,other_fhv,0,
259,Bronx,2024-10-16,5,yellow,0,
259,Bronx,2024-10-16,5,green,0,
259,Bronx,2024-10-16,5,hvfhv,46,25.08
259,Bronx,2024-10-16,5,other_fhv,0,
259,Bronx,2024-10-16,6,yellow,1,51.5
259,Bronx,2024-10-16,6,green,0,
259,Bronx,2024-10-16,6,hvfhv,116,21.92
259,Bronx,2024-10-16,6,other_fhv,1,
259,Bronx,2024-10-16,7,yellow,2,67.85
259,Bronx,2024-10-16,7,green,0,
259,Bronx,2024-10-16,7,hvfhv,170,24.79
259,Bronx,2024-10-16,7,other_fhv,1,
259,Bronx,2024-10-16,8,yellow,1,59.36
259,Bronx,2024-10-16,8,green,0,
259,Bronx,2024-10-16,8,hvfhv,207,19.98
259,Bronx,2024-10-16,8,other_fhv,0,
259,Bronx,2024-10-16,9,yellow,0,
259,Bronx,2024-10-16,9,green,0,
259,Bronx,2024-10-16,9,hvfhv,115,19.55
259,Bronx,2024-10-16,9,other_fhv,0,
259,Bronx,2024-10-16,10,yellow,0,
259,Bronx,2024-10-16,10,green,0,
259,Bronx,2024-10-16,10,hvfhv,100,19.93
259,Bronx,2024-10-16,10,other_fhv,1,
259,Bronx,2024-10-16,11,yellow,0,
259,Bronx,2024-10-16,11,green,0,
259,Bronx,2024-10-16,11,hvfhv,86,20.23
259,Bronx,2024-10-16,11,other_fhv,0,
259,Bronx,2024-10-16,12,yellow,0,
259,Bronx,2024-10-16,12,green,0,
259,Bronx,2024-10-16,12,hvfhv,99,19.61
259,Bronx,2024-10-16,12,other_fhv,1,
259,Bronx,2024-10-16,13,yellow,0,
259,Bronx,2024-10-16,13,green,0,
259,Bronx,2024-10-16,13,hvfhv,98,21.23
259,Bronx,2024-10-16,13,other_fhv,1,
259,Bronx,2024-10-16,14,yellow,0,
259,Bronx,2024-10-16,14,green,0,
259,Bronx,2024-10-16,14,hvfhv,90,19.31
259,Bronx,2024-10-16,14,other_fhv,0,
259,Bronx,2024-10-16,15,yellow,0,
259,Bronx,2024-10-16,15,green,0,
259,Bronx,2024-10-16,15,hvfhv,88,20.52
259,Bronx,2024-10-16,15,other_fhv,0,
259,Bronx,2024-10-16,16,yellow,0,
259,Bronx,2024-10-16,16,green,0,
259,Bronx,2024-10-16,16,hvfhv,91,19.83
259,Bronx,2024-10-16,16,other_fhv,1,
259,Bronx,2024-10-16,17,yellow,0,
259,Bronx,2024-10-16,17,green,0,
259,Bronx,2024-10-16,17,hvfhv,109,18.27
259,Bronx,2024-10-16,17,other_fhv,0,
259,Bronx,2024-10-16,18,yellow,0,
259,Bronx,2024-10-16,18,green,0,
259,Bronx,2024-10-16,18,hvfhv,98,17.08
259,Bronx,2024-10-16,18,other_fhv,0,
259,Bronx,2024-10-16,19,yellow,0,
259,Bronx,2024-10-16,19,green,0,
259,Bronx,2024-10-16,19,hvfhv,89,16.49
259,Bronx,2024-10-16,19,other_fhv,0,
259,Bronx,2024-10-16,20,yellow,0,
259,Bronx,2024-10-16,20,green,0,
259,Bronx,2024-10-16,20,hvfhv,79,17.62
259,Bronx,2024-10-16,20,other_fhv,0,
259,Bronx,2024-10-16,21,yellow,0,
259,Bronx,2024-10-16,21,green,0,
259,Bronx,2024-10-16,21,hvfhv,74,18.37
259,Bronx,2024-10-16,21,other_fhv,0,
259,Bronx,2024-10-16,22,yellow,1,52.5
259,Bronx,2024-10-16,22,green,0,
259,Bronx,2024-10-16,22,hvfhv,61,16.23
259,Bronx,2024-10-16,22,other_fhv,0,
259,Bronx,2024-10-16,23,yellow,0,
259,Bronx,2024-10-16,23,green,0,
259,Bronx,2024-10-16,23,hvfhv,94,16.61
259,Bronx,2024-10-16,23,other_fhv,1,
260,Queens,2024-10-16,0,yellow,0,
260,Queens,2024-10-16,0,green,1,15.6
260,Queens,2024-10-16,0,hvfhv,71,14.2
260,Queens,2024-10-16,0,other_fhv,1,
260,Queens,2024-10-16,1,yellow,0,
260,Queens,2024-10-16,1,green,0,
260,Queens,2024-10-16,1,hvfhv,47,17.15
260,Queens,2024-10-16,1,other_fhv,0,
260,Queens,2024-10-16,2,yellow,0,
260,Queens,2024-10-16,2,green,0,
260,Queens,2024-10-16,2,hvfhv,38,16.86
260,Queens,2024-10-16,2,other_fhv,0,
260,Queens,2024-10-16,3,yellow,0,
260,Queens,2024-10-16,3,green,2,17.35
260,Queens,2024-10-16,3,hvfhv,43,16.42
260,Queens,2024-10-16,3,other_fhv,2,
260,Queens,2024-10-16,4,yellow,5,3.23
260,Queens,2024-10-16,4,green,0,
260,Queens,2024-10-16,4,hvfhv,52,19.7
260,Queens,2024-10-16,4,other_fhv,0,
260,Queens,2024-10-16,5,yellow,2,3.0
260,Queens,2024-10-16,5,green,0,
260,Queens,2024-10-16,5,hvfhv,60,19.32
260,Queens,2024-10-16,5,other_fhv,0,
260,Queens,2024-10-16,6,yellow,0,
260,Queens,2024-10-16,6,green,0,
260,Queens,2024-10-16,6,hvfhv,111,22.85
260,Queens,2024-10-16,6,other_fhv,2,
260,Queens,2024-10-16,7,yellow,1,29.99
260,Queens,2024-10-16,7,green,0,
260,Queens,2024-10-16,7,hvfhv,177,20.39
260,Queens,2024-10-16,7,other_fhv,2,
260,Queens,2024-10-16,8,yellow,5,31.06
260,Queens,2024-10-16,8,green,1,14.9
260,Queens,2024-10-16,8,hvfhv,183,19.84
260,Queens,2024-10-16,8,other_fhv,3,
260,Queens,2024-10-16,9,yellow,4,30.73
260,Queens,2024-10-16,9,green,3,18.47
260,Queens,2024-10-16,9,hvfhv,130,21.23
260,Queens,2024-10-16,9,other_fhv,2,
260,Queens,2024-10-16,10,yellow,3,53.33
260,Queens,2024-10-16,10,green,0,
260,Queens,2024-10-16,10,hvfhv,98,19.23
260,Queens,2024-10-16,10,other_fhv,2,
260,Queens,2024-10-16,11,yellow,1,6.93
260,Queens,2024-10-16,11,green,1,26.8
260,Queens,2024-10-16,11,hvfhv,92,19.72
260,Queens,2024-10-16,11,other_fhv,1,
260,Queens,2024-10-16,12,yellow,3,45.0
260,Queens,2024-10-16,12,green,0,
260,Queens,2024-10-16,12,hvfhv,82,17.14
260,Queens,2024-10-16,12,other_fhv,0,
260,Queens,2024-10-16,13,yellow,3,13.35
260,Queens,2024-10-16,13,green,1,21.2
260,Queens,2024-10-16,13,hvfhv,96,18.09
260,Queens,2024-10-16,13,other_fhv,2,
260,Queens,2024-10-16,14,yellow,1,27.5
260,Queens,2024-10-16,14,green,1,7.2
260,Queens,2024-10-16,14,hvfhv,121,18.93
260,Queens,2024-10-16,14,other_fhv,0,
260,Queens,2024-10-16,15,yellow,3,36.16
260,Queens,2024-10-16,15,green,2,15.95
260,Queens,2024-10-16,15,hvfhv,107,18.41
260,Queens,2024-10-16,15,other_fhv,1,
260,Queens,2024-10-16,16,yellow,4,25.12
260,Queens,2024-10-16,16,green,1,11.4
260,Queens,2024-10-16,16,hvfhv,123,17.74
260,Queens,2024-10-16,16,other_fhv,4,
260,Queens,2024-10-16,17,yellow,2,20.5
260,Queens,2024-10-16,17,green,4,19.28
260,Queens,2024-10-16,17,hvfhv,137,18.67
260,Queens,2024-10-16,17,other_fhv,1,
260,Queens,2024-10-16,18,yellow,0,
260,Queens,2024-10-16,18,green,2,23.3
260,Queens,2024-10-16,18,hvfhv,124,15.65
260,Queens,2024-10-16,18,other_fhv,2,
260,Queens,2024-10-16,19,yellow,0,
260,Queens,2024-10-16,19,green,3,18.4
260,Queens,2024-10-16,19,hvfhv,149,17.49
260,Queens,2024-10-16,19,other_fhv,3,
260,Queens,2024-10-16,20,yellow,0,
260,Queens,2024-10-16,20,green,2,14.2
260,Queens,2024-10-16,20,hvfhv,119,16.28
260,Queens,2024-10-16,20,other_fhv,2,
260,Queens,2024-10-16,21,yellow,2,0.0
260,Queens,2024-10-16,21,green,1,11.4
260,Queens,2024-10-16,21,hvfhv,105,18.36
260,Queens,2024-10-16,21,other_fhv,1,
260,Queens,2024-10-16,22,yellow,0,
260,Queens,2024-10-16,22,green,1,5.8
260,Queens,2024-10-16,22,hvfhv,126,19.31
260,Queens,2024-10-16,22,other_fhv,2,
260,Queens,2024-10-16,23,yellow,5,32.27
260,Queens,2024-10-16,23,green,2,42.2
260,Queens,2024-10-16,23,hvfhv,189,23.5
260,Queens,2024-10-16,23,other_fhv,0,
261,Manhattan,2024-10-16,0,yellow,5,11.54
261,Manhattan,2024-10-16,0,green,0,
261,Manhattan,2024-10-16,0,hvfhv,65,30.92
261,Manhattan,2024-10-16,0,other_fhv,0,
261,Manhattan,2024-10-16,1,yellow,4,19.06
261,Manhattan,2024-10-16,1,green,0,
261,Manhattan,2024-10-16,1,hvfhv,27,35.25
261,Manhattan,2024-10-16,1,other_fhv,0,
261,Manhattan,2024-10-16,2,yellow,1,21.2
261,Manhattan,2024-10-16,2,green,0,
261,Manhattan,2024-10-16,2,hvfhv,17,39.08
261,Manhattan,2024-10-16,2,other_fhv,0,
261,Manhattan,2024-10-16,3,yellow,1,28.2
261,Manhattan,2024-10-16,3,green,0,
261,Manhattan,2024-10-16,3,hvfhv,14,37.56
261,Manhattan,2024-10-16,3,other_fhv,0,
261,Manhattan,2024-10-16,4,yellow,0,
261,Manhattan,2024-10-16,4,green,0,
261,Manhattan,2024-10-16,4,hvfhv,12,46.58
261,Manhattan,2024-10-16,4,other_fhv,0,
261,Manhattan,2024-10-16,5,yellow,4,55.97
261,Manhattan,2024-10-16,5,green,0,
261,Manhattan,2024-10-16,5,hvfhv,36,45.02
261,Manhattan,2024-10-16,5,other_fhv,0,
261,Manhattan,2024-10-16,6,yellow,4,14.45
261,Manhattan,2024-10-16,6,green,0,
261,Manhattan,2024-10-16,6,hvfhv,56,38.94
261,Manhattan,2024-10-16,6,other_fhv,0,
261,Manhattan,2024-10-16,7,yellow,13,17.88
261,Manhattan,2024-10-16,7,green,0,
261,Manhattan,2024-10-16,7,hvfhv,98,35.08
261,Manhattan,2024-10-16,7,other_fhv,0,
261,Manhattan,2024-10-16,8,yellow,20,18.02
261,Manhattan,2024-10-16,8,green,0,
261,Manhattan,2024-10-16,8,hvfhv,102,35.97
261,Manhattan,2024-10-16,8,other_fhv,0,
261,Manhattan,2024-10-16,9,yellow,27,21.91
261,Manhattan,2024-10-16,9,green,0,
261,Manhattan,2024-10-16,9,hvfhv,89,34.77
261,Manhattan,2024-10-16,9,other_fhv,1,
261,Manhattan,2024-10-16,10,yellow,21,23.03
261,Manhattan,2024-10-16,10,green,0,
261,Manhattan,2024-10-16,10,hvfhv,80,39.18
261,Manhattan,2024-10-16,10,other_fhv,0,
261,Manhattan,2024-10-16,11,yellow,36,26.81
261,Manhattan,2024-10-16,11,green,0,
261,Manhattan,2024-10-16,11,hvfhv,85,44.53
261,Manhattan,2024-10-16,11,other_fhv,1,
261,Manhattan,2024-10-16,12,yellow,50,28.3
261,Manhattan,2024-10-16,12,green,0,
261,Manhattan,2024-10-16,12,hvfhv,123,44.41
261,Manhattan,2024-10-16,12,other_fhv,1,
261,Manhattan,2024-10-16,13,yellow,47,26.51
261,Manhattan,2024-10-16,13,green,0,
261,Manhattan,2024-10-16,13,hvfhv,110,49.41
261,Manhattan,2024-10-16,13,other_fhv,0,
261,Manhattan,2024-10-16,14,yellow,53,27.57
261,Manhattan,2024-10-16,14,green,0,
261,Manhattan,2024-10-16,14,hvfhv,154,51.66
261,Manhattan,2024-10-16,14,other_fhv,3,
261,Manhattan,2024-10-16,15,yellow,64,30.19
261,Manhattan,2024-10-16,15,green,0,
261,Manhattan,2024-10-16,15,hvfhv,142,56.43
261,Manhattan,2024-10-16,15,other_fhv,0,
261,Manhattan,2024-10-16,16,yellow,61,30.12
261,Manhattan,2024-10-16,16,green,0,
261,Manhattan,2024-10-16,16,hvfhv,178,60.49
261,Manhattan,2024-10-16,16,other_fhv,1,
261,Manhattan,2024-10-16,17,yellow,62,26.7
261,Manhattan,2024-10-16,17,green,1,53.5
261,Manhattan,2024-10-16,17,hvfhv,165,49.29
261,Manhattan,2024-10-16,17,other_fhv,1,
261,Manhattan,2024-10-16,18,yellow,73,24.02
261,Manhattan,2024-10-16,18,green,0,
261,Manhattan,2024-10-16,18,hvfhv,198,42.27
261,Manhattan,2024-10-16,18,other_fhv,2,
261,Manhattan,2024-10-16,19,yellow,63,21.4
261,Manhattan,2024-10-16,19,green,0,
261,Manhattan,2024-10-16,19,hvfhv,196,41.76
261,Manhattan,2024-10-16,19,other_fhv,4,
261,Manhattan,2024-10-16,20,yellow,38,23.15
261,Manhattan,2024-10-16,20,green,0,
261,Manhattan,2024-10-16,20,hvfhv,206,35.81
261,Manhattan,2024-10-16,20,other_fhv,1,
261,Manhattan,2024-10-16,21,yellow,30,20.52
261,Manhattan,2024-10-16,21,green,0,
261,Manhattan,2024-10-16,21,hvfhv,193,44.27
261,Manhattan,2024-10-16,21,other_fhv,0,
261,Manhattan,2024-10-16,22,yellow,36,21.6
261,Manhattan,2024-10-16,22,green,0,
261,Manhattan,2024-10-16,22,hvfhv,171,37.84
261,Manhattan,2024-10-16,22,other_fhv,1,
261,Manhattan,2024-10-16,23,yellow,13,22.88
261,Manhattan,2024-10-16,23,green,0,
261,Manhattan,2024-10-16,23,hvfhv,108,35.14
261,Manhattan,2024-10-16,23,other_fhv,1,
262,Manhattan,2024-10-16,0,yellow,2,14.2
262,Manhattan,2024-10-16,0,green,0,
262,Manhattan,2024-10-16,0,hvfhv,28,24.07
262,Manhattan,2024-10-16,0,other_fhv,0,
262,Manhattan,2024-10-16,1,yellow,2,75.0
262,Manhattan,2024-10-16,1,green,0,
262,Manhattan,2024-10-16,1,hvfhv,11,19.83
262,Manhattan,2024-10-16,1,other_fhv,0,
262,Manhattan,2024-10-16,2,yellow,1,5.8
262,Manhattan,2024-10-16,2,green,0,
262,Manhattan,2024-10-16,2,hvfhv,11,23.21
262,Manhattan,2024-10-16,2,other_fhv,0,
262,Manhattan,2024-10-16,3,yellow,2,57.4
262,Manhattan,2024-10-16,3,green,0,
262,Manhattan,2024-10-16,3,hvfhv,21,32.26
262,Manhattan,2024-10-16,3,other_fhv,0,
262,Manhattan,2024-10-16,4,yellow,1,70.0
262,Manhattan,2024-10-16,4,green,0,
262,Manhattan,2024-10-16,4,hvfhv,33,38.16
262,Manhattan,2024-10-16,4,other_fhv,0,
262,Manhattan,2024-10-16,5,yellow,23,27.96
262,Manhattan,2024-10-16,5,green,0,
262,Manhattan,2024-10-16,5,hvfhv,59,38.53
262,Manhattan,2024-10-16,5,other_fhv,0,
262,Manhattan,2024-10-16,6,yellow,91,14.01
262,Manhattan,2024-10-16,6,green,0,
262,Manhattan,2024-10-16,6,hvfhv,109,35.67
262,Manhattan,2024-10-16,6,other_fhv,0,
262,Manhattan,2024-10-16,7,yellow,166,15.35
262,Manhattan,2024-10-16,7,green,0,
262,Manhattan,2024-10-16,7,hvfhv,168,34.72
262,Manhattan,2024-10-16,7,other_fhv,4,
262,Manhattan,2024-10-16,8,yellow,153,17.84
262,Manhattan,2024-10-16,8,green,0,
262,Manhattan,2024-10-16,8,hvfhv,210,35.88
262,Manhattan,2024-10-16,8,other_fhv,5,
262,Manhattan,2024-10-16,9,yellow,193,15.02
262,Manhattan,2024-10-16,9,green,0,
262,Manhattan,2024-10-16,9,hvfhv,194,31.32
262,Manhattan,2024-10-16,9,other_fhv,2,
262,Manhattan,2024-10-16,10,yellow,144,14.02
262,Manhattan,2024-10-16,10,green,0,
262,Manhattan,2024-10-16,10,hvfhv,137,26.86
262,Manhattan,2024-10-16,10,other_fhv,0,
262,Manhattan,2024-10-16,11,yellow,138,14.78
262,Manhattan,2024-10-16,11,green,1,15.5
262,Manhattan,2024-10-16,11,hvfhv,135,24.48
262,Manhattan,2024-10-16,11,other_fhv,0,
262,Manhattan,2024-10-16,12,yellow,146,15.11
262,Manhattan,2024-10-16,12,green,0,
262,Manhattan,2024-10-16,12,hvfhv,110,28.8
262,Manhattan,2024-10-16,12,other_fhv,2,
262,Manhattan,2024-10-16,13,yellow,99,14.75
262,Manhattan,2024-10-16,13,green,0,
262,Manhattan,2024-10-16,13,hvfhv,99,29.53
262,Manhattan,2024-10-16,13,other_fhv,2,
262,Manhattan,2024-10-16,14,yellow,88,16.41
262,Manhattan,2024-10-16,14,green,0,
262,Manhattan,2024-10-16,14,hvfhv,78,27.78
262,Manhattan,2024-10-16,14,other_fhv,0,
262,Manhattan,2024-10-16,15,yellow,126,14.41
262,Manhattan,2024-10-16,15,green,0,
262,Manhattan,2024-10-16,15,hvfhv,110,30.53
262,Manhattan,2024-10-16,15,other_fhv,0,
262,Manhattan,2024-10-16,16,yellow,110,13.4
262,Manhattan,2024-10-16,16,green,0,
262,Manhattan,2024-10-16,16,hvfhv,141,26.46
262,Manhattan,2024-10-16,16,other_fhv,2,
262,Manhattan,2024-10-16,17,yellow,145,14.43
262,Manhattan,2024-10-16,17,green,0,
262,Manhattan,2024-10-16,17,hvfhv,162,27.13
262,Manhattan,2024-10-16,17,other_fhv,1,
262,Manhattan,2024-10-16,18,yellow,154,14.63
262,Manhattan,2024-10-16,18,green,0,
262,Manhattan,2024-10-16,18,hvfhv,182,26.17
262,Manhattan,2024-10-16,18,other_fhv,3,
262,Manhattan,2024-10-16,19,yellow,100,13.32
262,Manhattan,2024-10-16,19,green,0,
262,Manhattan,2024-10-16,19,hvfhv,183,25.03
262,Manhattan,2024-10-16,19,other_fhv,3,
262,Manhattan,2024-10-16,20,yellow,64,12.01
262,Manhattan,2024-10-16,20,green,0,
262,Manhattan,2024-10-16,20,hvfhv,94,24.81
262,Manhattan,2024-10-16,20,other_fhv,1,
262,Manhattan,2024-10-16,21,yellow,28,10.79
262,Manhattan,2024-10-16,21,green,0,
262,Manhattan,2024-10-16,21,hvfhv,87,26.23
262,Manhattan,2024-10-16,21,other_fhv,1,
262,Manhattan,2024-10-16,22,yellow,20,14.49
262,Manhattan,2024-10-16,22,green,0,
262,Manhattan,2024-10-16,22,hvfhv,79,23.86
262,Manhattan,2024-10-16,22,other_fhv,5,
262,Manhattan,2024-10-16,23,yellow,15,20.29
262,Manhattan,2024-10-16,23,green,0,
262,Manhattan,2024-10-16,23,hvfhv,48,23.61
262,Manhattan,2024-10-16,23,other_fhv,0,
263,Manhattan,2024-10-16,0,yellow,27,11.97
263,Manhattan,2024-10-16,0,green,0,
263,Manhattan,2024-10-16,0,hvfhv,72,23.53
263,Manhattan,2024-10-16,0,other_fhv,0,
263,Manhattan,2024-10-16,1,yellow,12,10.47
263,Manhattan,2024-10-16,1,green,0,
263,Manhattan,2024-10-16,1,hvfhv,47,22.78
263,Manhattan,2024-10-16,1,other_fhv,1,
263,Manhattan,2024-10-16,2,yellow,3,14.43
263,Manhattan,2024-10-16,2,green,0,
263,Manhattan,2024-10-16,2,hvfhv,18,28.84
263,Manhattan,2024-10-16,2,other_fhv,0,
263,Manhattan,2024-10-16,3,yellow,6,15.53
263,Manhattan,2024-10-16,3,green,0,
263,Manhattan,2024-10-16,3,hvfhv,23,34.69
263,Manhattan,2024-10-16,3,other_fhv,0,
263,Manhattan,2024-10-16,4,yellow,15,15.32
263,Manhattan,2024-10-16,4,green,0,
263,Manhattan,2024-10-16,4,hvfhv,49,36.8
263,Manhattan,2024-10-16,4,other_fhv,0,
263,Manhattan,2024-10-16,5,yellow,27,14.03
263,Manhattan,2024-10-16,5,green,0,
263,Manhattan,2024-10-16,5,hvfhv,92,35.65
263,Manhattan,2024-10-16,5,other_fhv,1,
263,Manhattan,2024-10-16,6,yellow,73,13.34
263,Manhattan,2024-10-16,6,green,0,
263,Manhattan,2024-10-16,6,hvfhv,161,32.6
263,Manhattan,2024-10-16,6,other_fhv,3,
263,Manhattan,2024-10-16,7,yellow,145,15.84
263,Manhattan,2024-10-16,7,green,1,21.2
263,Manhattan,2024-10-16,7,hvfhv,182,39.27
263,Manhattan,2024-10-16,7,other_fhv,4,
263,Manhattan,2024-10-16,8,yellow,163,16.18
263,Manhattan,2024-10-16,8,green,0,
263,Manhattan,2024-10-16,8,hvfhv,231,36.57
263,Manhattan,2024-10-16,8,other_fhv,0,
263,Manhattan,2024-10-16,9,yellow,159,14.92
263,Manhattan,2024-10-16,9,green,0,
263,Manhattan,2024-10-16,9,hvfhv,207,32.91
263,Manhattan,2024-10-16,9,other_fhv,1,
263,Manhattan,2024-10-16,10,yellow,123,14.04
263,Manhattan,2024-10-16,10,green,0,
263,Manhattan,2024-10-16,10,hvfhv,164,27.71
263,Manhattan,2024-10-16,10,other_fhv,2,
263,Manhattan,2024-10-16,11,yellow,104,13.97
263,Manhattan,2024-10-16,11,green,0,
263,Manhattan,2024-10-16,11,hvfhv,137,28.53
263,Manhattan,2024-10-16,11,other_fhv,4,
263,Manhattan,2024-10-16,12,yellow,121,13.49
263,Manhattan,2024-10-16,12,green,1,8.6
263,Manhattan,2024-10-16,12,hvfhv,131,28.76
263,Manhattan,2024-10-16,12,other_fhv,2,
263,Manhattan,2024-10-16,13,yellow,127,13.71
263,Manhattan,2024-10-16,13,green,0,
263,Manhattan,2024-10-16,13,hvfhv,129,26.99
263,Manhattan,2024-10-16,13,other_fhv,0,
263,Manhattan,2024-10-16,14,yellow,143,14.43
263,Manhattan,2024-10-16,14,green,1,30.3
263,Manhattan,2024-10-16,14,hvfhv,130,28.37
263,Manhattan,2024-10-16,14,other_fhv,1,
263,Manhattan,2024-10-16,15,yellow,134,15.21
263,Manhattan,2024-10-16,15,green,0,
263,Manhattan,2024-10-16,15,hvfhv,148,37.42
263,Manhattan,2024-10-16,15,other_fhv,1,
263,Manhattan,2024-10-16,16,yellow,105,13.03
263,Manhattan,2024-10-16,16,green,0,
263,Manhattan,2024-10-16,16,hvfhv,146,35.18
263,Manhattan,2024-10-16,16,other_fhv,1,
263,Manhattan,2024-10-16,17,yellow,169,11.9
263,Manhattan,2024-10-16,17,green,0,
263,Manhattan,2024-10-16,17,hvfhv,184,30.38
263,Manhattan,2024-10-16,17,other_fhv,1,
263,Manhattan,2024-10-16,18,yellow,180,13.5
263,Manhattan,2024-10-16,18,green,1,10.0
263,Manhattan,2024-10-16,18,hvfhv,204,27.82
263,Manhattan,2024-10-16,18,other_fhv,5,
263,Manhattan,2024-10-16,19,yellow,122,13.95
263,Manhattan,2024-10-16,19,green,0,
263,Manhattan,2024-10-16,19,hvfhv,191,26.99
263,Manhattan,2024-10-16,19,other_fhv,6,
263,Manhattan,2024-10-16,20,yellow,118,9.98
263,Manhattan,2024-10-16,20,green,0,
263,Manhattan,2024-10-16,20,hvfhv,173,27.57
263,Manhattan,2024-10-16,20,other_fhv,4,
263,Manhattan,2024-10-16,21,yellow,136,12.07
263,Manhattan,2024-10-16,21,green,0,
263,Manhattan,2024-10-16,21,hvfhv,205,27.22
263,Manhattan,2024-10-16,21,other_fhv,1,
263,Manhattan,2024-10-16,22,yellow,68,9.43
263,Manhattan,2024-10-16,22,green,0,
263,Manhattan,2024-10-16,22,hvfhv,168,26.09
263,Manhattan,2024-10-16,22,other_fhv,2,
263,Manhattan,2024-10-16,23,yellow,65,12.54
263,Manhattan,2024-10-16,23,green,0,
263,Manhattan,2024-10-16,23,hvfhv,141,23.46
263,Manhattan,2024-10-16,23,other_fhv,0,
264,Unknown,2024-10-16,0,yellow,1,13.5
264,Unknown,2024-10-16,0,green,0,
264,Unknown,2024-10-16,0,hvfhv,0,
264,Unknown,2024-10-16,0,other_fhv,0,
264,Unknown,2024-10-16,1,yellow,1,7.9
264,Unknown,2024-10-16,1,green,0,
264,Unknown,2024-10-16,1,hvfhv,0,
264,Unknown,2024-10-16,1,other_fhv,0,
264,Unknown,2024-10-16,2,yellow,0,
264,Unknown,2024-10-16,2,green,0,
264,Unknown,2024-10-16,2,hvfhv,0,
264,Unknown,2024-10-16,2,other_fhv,0,
264,Unknown,2024-10-16,3,yellow,2,15.0
264,Unknown,2024-10-16,3,green,0,
264,Unknown,2024-10-16,3,hvfhv,0,
264,Unknown,2024-10-16,3,other_fhv,0,
264,Unknown,2024-10-16,4,yellow,2,11.75
264,Unknown,2024-10-16,4,green,0,
264,Unknown,2024-10-16,4,hvfhv,0,
264,Unknown,2024-10-16,4,other_fhv,0,
264,Unknown,2024-10-16,5,yellow,0,
264,Unknown,2024-10-16,5,green,0,
264,Unknown,2024-10-16,5,hvfhv,0,
264,Unknown,2024-10-16,5,other_fhv,0,
264,Unknown,2024-10-16,6,yellow,8,24.91
264,Unknown,2024-10-16,6,green,0,
264,Unknown,2024-10-16,6,hvfhv,0,
264,Unknown,2024-10-16,6,other_fhv,0,
264,Unknown,2024-10-16,7,yellow,27,28.35
264,Unknown,2024-10-16,7,green,0,
264,Unknown,2024-10-16,7,hvfhv,0,
264,Unknown,2024-10-16,7,other_fhv,0,
264,Unknown,2024-10-16,8,yellow,24,18.42
264,Unknown,2024-10-16,8,green,0,
264,Unknown,2024-10-16,8,hvfhv,0,
264,Unknown,2024-10-16,8,other_fhv,0,
264,Unknown,2024-10-16,9,yellow,18,22.71
264,Unknown,2024-10-16,9,green,0,
264,Unknown,2024-10-16,9,hvfhv,0,
264,Unknown,2024-10-16,9,other_fhv,0,
264,Unknown,2024-10-16,10,yellow,9,17.08
264,Unknown,2024-10-16,10,green,1,14.9
264,Unknown,2024-10-16,10,hvfhv,0,
264,Unknown,2024-10-16,10,other_fhv,0,
264,Unknown,2024-10-16,11,yellow,16,23.59
264,Unknown,2024-10-16,11,green,0,
264,Unknown,2024-10-16,11,hvfhv,0,
264,Unknown,2024-10-16,11,other_fhv,0,
264,Unknown,2024-10-16,12,yellow,15,26.01
264,Unknown,2024-10-16,12,green,0,
264,Unknown,2024-10-16,12,hvfhv,0,
264,Unknown,2024-10-16,12,other_fhv,0,
264,Unknown,2024-10-16,13,yellow,18,28.23
264,Unknown,2024-10-16,13,green,0,
264,Unknown,2024-10-16,13,hvfhv,0,
264,Unknown,2024-10-16,13,other_fhv,0,
264,Unknown,2024-10-16,14,yellow,22,24.36
264,Unknown,2024-10-16,14,green,1,14.0
264,Unknown,2024-10-16,14,hvfhv,0,
264,Unknown,2024-10-16,14,other_fhv,0,
264,Unknown,2024-10-16,15,yellow,27,23.38
264,Unknown,2024-10-16,15,green,0,
264,Unknown,2024-10-16,15,hvfhv,0,
264,Unknown,2024-10-16,15,other_fhv,0,
264,Unknown,2024-10-16,16,yellow,23,17.91
264,Unknown,2024-10-16,16,green,0,
264,Unknown,2024-10-16,16,hvfhv,0,
264,Unknown,2024-10-16,16,other_fhv,0,
264,Unknown,2024-10-16,17,yellow,15,23.52
264,Unknown,2024-10-16,17,green,2,21.95
264,Unknown,2024-10-16,17,hvfhv,0,
264,Unknown,2024-10-16,17,other_fhv,0,
264,Unknown,2024-10-16,18,yellow,20,26.0
264,Unknown,2024-10-16,18,green,0,
264,Unknown,2024-10-16,18,hvfhv,0,
264,Unknown,2024-10-16,18,other_fhv,0,
264,Unknown,2024-10-16,19,yellow,18,18.59
264,Unknown,2024-10-16,19,green,0,
264,Unknown,2024-10-16,19,hvfhv,0,
264,Unknown,2024-10-16,19,other_fhv,0,
264,Unknown,2024-10-16,20,yellow,18,18.57
264,Unknown,2024-10-16,20,green,0,
264,Unknown,2024-10-16,20,hvfhv,0,
264,Unknown,2024-10-16,20,other_fhv,0,
264,Unknown,2024-10-16,21,yellow,10,16.3
264,Unknown,2024-10-16,21,green,0,
264,Unknown,2024-10-16,21,hvfhv,0,
264,Unknown,2024-10-16,21,other_fhv,0,
264,Unknown,2024-10-16,22,yellow,9,14.9
264,Unknown,2024-10-16,22,green,0,
264,Unknown,2024-10-16,22,hvfhv,0,
264,Unknown,2024-10-16,22,other_fhv,0,
264,Unknown,2024-10-16,23,yellow,12,29.56
264,Unknown,2024-10-16,23,green,0,
264,Unknown,2024-10-16,23,hvfhv,0,
264,Unknown,2024-10-16,23,other_fhv,0,
265,,2024-10-16,0,yellow,5,119.2
265,,2024-10-16,0,green,0,
265,,2024-10-16,0,hvfhv,0,
265,,2024-10-16,0,other_fhv,1,
265,,2024-10-16,1,yellow,3,98.79
265,,2024-10-16,1,green,0,
265,,2024-10-16,1,hvfhv,0,
265,,2024-10-16,1,other_fhv,0,
265,,2024-10-16,2,yellow,2,97.69
265,,2024-10-16,2,green,0,
265,,2024-10-16,2,hvfhv,1,8.33
265,,2024-10-16,2,other_fhv,1,
265,,2024-10-16,3,yellow,4,128.4
265,,2024-10-16,3,green,0,
265,,2024-10-16,3,hvfhv,0,
265,,2024-10-16,3,other_fhv,1,
265,,2024-10-16,4,yellow,0,
265,,2024-10-16,4,green,0,
265,,2024-10-16,4,hvfhv,0,
265,,2024-10-16,4,other_fhv,1,
265,,2024-10-16,5,yellow,0,
265,,2024-10-16,5,green,0,
265,,2024-10-16,5,hvfhv,1,29.45
265,,2024-10-16,5,other_fhv,2,
265,,2024-10-16,6,yellow,0,
265,,2024-10-16,6,green,0,
265,,2024-10-16,6,hvfhv,1,12.79
265,,2024-10-16,6,other_fhv,3,
265,,2024-10-16,7,yellow,1,180.0
265,,2024-10-16,7,green,0,
265,,2024-10-16,7,hvfhv,2,11.86
265,,2024-10-16,7,other_fhv,5,
265,,2024-10-16,8,yellow,1,175.0
265,,2024-10-16,8,green,0,
265,,2024-10-16,8,hvfhv,1,67.27
265,,2024-10-16,8,other_fhv,1,
265,,2024-10-16,9,yellow,4,74.1
265,,2024-10-16,9,green,1,183.6
265,,2024-10-16,9,hvfhv,1,11.7
265,,2024-10-16,9,other_fhv,10,
265,,2024-10-16,10,yellow,2,81.56
265,,2024-10-16,10,green,0,
265,,2024-10-16,10,hvfhv,1,47.48
265,,2024-10-16,10,other_fhv,5,
265,,2024-10-16,11,yellow,1,54.8
265,,2024-10-16,11,green,0,
265,,2024-10-16,11,hvfhv,0,
265,,2024-10-16,11,other_fhv,21,
265,,2024-10-16,12,yellow,3,50.0
265,,2024-10-16,12,green,0,
265,,2024-10-16,12,hvfhv,0,
265,,2024-10-16,12,other_fhv,7,
265,,2024-10-16,13,yellow,2,154.82
265,,2024-10-16,13,green,0,
265,,2024-10-16,13,hvfhv,1,20.13
265,,2024-10-16,13,other_fhv,8,
265,,2024-10-16,14,yellow,1,75.0
265,,2024-10-16,14,green,0,
265,,2024-10-16,14,hvfhv,1,26.92
265,,2024-10-16,14,other_fhv,7,
265,,2024-10-16,15,yellow,4,47.0
265,,2024-10-16,15,green,0,
265,,2024-10-16,15,hvfhv,4,29.78
265,,2024-10-16,15,other_fhv,7,
265,,2024-10-16,16,yellow,1,120.0
265,,2024-10-16,16,green,0,
265,,2024-10-16,16,hvfhv,0,
265,,2024-10-16,16,other_fhv,7,
265,,2024-10-16,17,yellow,5,103.72
265,,2024-10-16,17,green,0,
265,,2024-10-16,17,hvfhv,1,48.44
265,,2024-10-16,17,other_fhv,4,
265,,2024-10-16,18,yellow,2,111.0
265,,2024-10-16,18,green,0,
265,,2024-10-16,18,hvfhv,1,8.9
265,,2024-10-16,18,other_fhv,3,
265,,2024-10-16,19,yellow,8,60.25
265,,2024-10-16,19,green,2,270.0
265,,2024-10-16,19,hvfhv,3,15.27
265,,2024-10-16,19,other_fhv,1,
265,,2024-10-16,20,yellow,6,55.83
265,,2024-10-16,20,green,0,
265,,2024-10-16,20,hvfhv,1,21.48
265,,2024-10-16,20,other_fhv,2,
265,,2024-10-16,21,yellow,3,86.67
265,,2024-10-16,21,green,0,
265,,2024-10-16,21,hvfhv,0,
265,,2024-10-16,21,other_fhv,1,
265,,2024-10-16,22,yellow,2,145.8
265,,2024-10-16,22,green,0,
265,,2024-10-16,22,hvfhv,0,
265,,2024-10-16,22,other_fhv,0,
265,,2024-10-16,23,yellow,4,93.75
265,,2024-10-16,23,green,0,
265,,2024-10-16,23,hvfhv,0,
265,,2024-10-16,23,other_fhv,0,
